<?xml version="1.0" encoding="utf-8"?>
<rdf:RDF xmlns="http://knowledgeweb.semanticweb.org/heterogeneity/alignment" 
	 xmlns:rdf="http://www.w3.org/1999/02/22-rdf-syntax-ns#" 
	 xmlns:xsd="http://www.w3.org/2001/XMLSchema#">

<Alignment>
<xml>yes</xml>
<level>0</level>
<type>??</type>

<map>
	<Cell>
		<entity1 rdf:resource="http://cocus#Committee"/>
		<entity2 rdf:resource="http://pcs#CommitteeMember"/>
		<measure rdf:datatype="xsd:float">0.09931389</measure>
		<relation>=</relation>
	</Cell>
</map>
<map>
	<Cell>
		<entity1 rdf:resource="http://cocus#create"/>
		<entity2 rdf:resource="http://pcs#member_of_conference"/>
		<measure rdf:datatype="xsd:float">0.025313884</measure>
		<relation>=</relation>
	</Cell>
</map>
<map>
	<Cell>
		<entity1 rdf:resource="http://cocus#Administrator"/>
		<entity2 rdf:resource="http://pcs#Administrator"/>
		<measure rdf:datatype="xsd:float">0.30824125</measure>
		<relation>=</relation>
	</Cell>
</map>
<map>
	<Cell>
		<entity1 rdf:resource="http://cocus#Review"/>
		<entity2 rdf:resource="http://pcs#Review"/>
		<measure rdf:datatype="xsd:float">0.30366945</measure>
		<relation>=</relation>
	</Cell>
</map>
<map>
	<Cell>
		<entity1 rdf:resource="http://cocus#Conference"/>
		<entity2 rdf:resource="http://pcs#Conference"/>
		<measure rdf:datatype="xsd:float">0.3333333</measure>
		<relation>&lt;</relation>
	</Cell>
</map>
<map>
	<Cell>
		<entity1 rdf:resource="http://cocus#Document"/>
		<entity2 rdf:resource="http://pcs#DOCUMENT"/>
		<measure rdf:datatype="xsd:float">0.24404418</measure>
		<relation>=</relation>
	</Cell>
</map>
<map>
	<Cell>
		<entity1 rdf:resource="http://cocus#Account"/>
		<entity2 rdf:resource="http://pcs#Report"/>
		<measure rdf:datatype="xsd:float">0.9829571</measure>
		<relation>=</relation>
	</Cell>
</map>
<map>
	<Cell>
		<entity1 rdf:resource="http://cocus#send"/>
		<entity2 rdf:resource="http://pcs#send"/>
		<measure rdf:datatype="xsd:float">0.3333333</measure>
		<relation>=</relation>
	</Cell>
</map>
<map>
	<Cell>
		<entity1 rdf:resource="http://cocus#submit"/>
		<entity2 rdf:resource="http://pcs#submit"/>
		<measure rdf:datatype="xsd:float">0.41478056</measure>
		<relation>=</relation>
	</Cell>
</map>
<map>
	<Cell>
		<entity1 rdf:resource="http://cocus#take_part_in"/>
		<entity2 rdf:resource="http://pcs#loggin_in"/>
		<measure rdf:datatype="xsd:float">0.17485233</measure>
		<relation>=</relation>
	</Cell>
</map>
<map>
	<Cell>
		<entity1 rdf:resource="http://cocus#User"/>
		<entity2 rdf:resource="http://pcs#ConferenceMember"/>
		<measure rdf:datatype="xsd:float">0.072591275</measure>
		<relation>=</relation>
	</Cell>
</map>
<map>
	<Cell>
		<entity1 rdf:resource="http://cocus#submited__by"/>
		<entity2 rdf:resource="http://pcs#submited_by"/>
		<measure rdf:datatype="xsd:float">0.41478056</measure>
		<relation>=</relation>
	</Cell>
</map>
<map>
	<Cell>
		<entity1 rdf:resource="http://cocus#get"/>
		<entity2 rdf:resource="http://pcs#get"/>
		<measure rdf:datatype="xsd:float">0.41935232</measure>
		<relation>=</relation>
	</Cell>
</map>
<map>
	<Cell>
		<entity1 rdf:resource="http://cocus#Author"/>
		<entity2 rdf:resource="http://pcs#Author"/>
		<measure rdf:datatype="xsd:float">0.24686944</measure>
		<relation>=</relation>
	</Cell>
</map>
<map>
	<Cell>
		<entity1 rdf:resource="http://cocus#assign"/>
		<entity2 rdf:resource="http://pcs#generate"/>
		<measure rdf:datatype="xsd:float">0.10297499</measure>
		<relation>=</relation>
	</Cell>
</map>
<map>
	<Cell>
		<entity1 rdf:resource="http://cocus#Email"/>
		<entity2 rdf:resource="http://pcs#Email"/>
		<measure rdf:datatype="xsd:float">0.22644347</measure>
		<relation>&lt;</relation>
	</Cell>
</map>
<map>
	<Cell>
		<entity1 rdf:resource="http://cocus#Notification_Email"/>
		<entity2 rdf:resource="http://pcs#Invitation"/>
		<measure rdf:datatype="xsd:float">0.0755648</measure>
		<relation>&lt;</relation>
	</Cell>
</map>
<map>
	<Cell>
		<entity1 rdf:resource="http://cocus#registred_by"/>
		<entity2 rdf:resource="http://pcs#generated_by"/>
		<measure rdf:datatype="xsd:float">0.49431902</measure>
		<relation>=</relation>
	</Cell>
</map>
<map>
	<Cell>
		<entity1 rdf:resource="http://cocus#Paper"/>
		<entity2 rdf:resource="http://pcs#Paper"/>
		<measure rdf:datatype="xsd:float">0.26856115</measure>
		<relation>=</relation>
	</Cell>
</map>
<map>
	<Cell>
		<entity1 rdf:resource="http://cocus#Approval_Email"/>
		<entity2 rdf:resource="http://pcs#Information"/>
		<measure rdf:datatype="xsd:float">0.07514153</measure>
		<relation>&lt;</relation>
	</Cell>
</map>
<map>
	<Cell>
		<entity1 rdf:resource="http://cocus#Person"/>
		<entity2 rdf:resource="http://pcs#PERSON"/>
		<measure rdf:datatype="xsd:float">0.25625482</measure>
		<relation>=</relation>
	</Cell>
</map>
<map>
	<Cell>
		<entity1 rdf:resource="http://cocus#used_by"/>
		<entity2 rdf:resource="http://pcs#assigned_review_by"/>
		<measure rdf:datatype="xsd:float">0.08911112</measure>
		<relation>=</relation>
	</Cell>
</map>

</Alignment>
</rdf:RDF>
