<?xml version="1.0" encoding="utf-8"?>
<rdf:RDF xmlns="http://knowledgeweb.semanticweb.org/heterogeneity/alignment" 
	 xmlns:rdf="http://www.w3.org/1999/02/22-rdf-syntax-ns#" 
	 xmlns:xsd="http://www.w3.org/2001/XMLSchema#">

<Alignment>
<xml>yes</xml>
<level>0</level>
<type>??</type>

<map>
	<Cell>
		<entity1 rdf:resource="http://iasted#Reviewer"/>
		<entity2 rdf:resource="http://sigkdd#Invited_Speaker"/>
		<measure rdf:datatype="xsd:float">0.08228398</measure>
		<relation>&lt;</relation>
	</Cell>
</map>
<map>
	<Cell>
		<entity1 rdf:resource="http://iasted#done_till"/>
		<entity2 rdf:resource="http://sigkdd#Date"/>
		<measure rdf:datatype="xsd:float">0.29955786</measure>
		<relation>=</relation>
	</Cell>
</map>
<map>
	<Cell>
		<entity1 rdf:resource="http://iasted#Listener"/>
		<entity2 rdf:resource="http://sigkdd#Listener"/>
		<measure rdf:datatype="xsd:float">0.2231108</measure>
		<relation>&lt;</relation>
	</Cell>
</map>
<map>
	<Cell>
		<entity1 rdf:resource="http://iasted#is_paid_by"/>
		<entity2 rdf:resource="http://sigkdd#payed_by"/>
		<measure rdf:datatype="xsd:float">0.16488303</measure>
		<relation>=</relation>
	</Cell>
</map>
<map>
	<Cell>
		<entity1 rdf:resource="http://iasted#Deadline"/>
		<entity2 rdf:resource="http://sigkdd#Deadline"/>
		<measure rdf:datatype="xsd:float">0.22978283</measure>
		<relation>&lt;</relation>
	</Cell>
</map>
<map>
	<Cell>
		<entity1 rdf:resource="http://iasted#Author_book_proceedings_included"/>
		<entity2 rdf:resource="http://sigkdd#Author_of_paper_student"/>
		<measure rdf:datatype="xsd:float">0.1455053</measure>
		<relation>&lt;</relation>
	</Cell>
</map>
<map>
	<Cell>
		<entity1 rdf:resource="http://iasted#Submissions_deadline"/>
		<entity2 rdf:resource="http://sigkdd#Deadline_Paper_Submission"/>
		<measure rdf:datatype="xsd:float">0.13552824</measure>
		<relation>&lt;</relation>
	</Cell>
</map>
<map>
	<Cell>
		<entity1 rdf:resource="http://iasted#Payment_document"/>
		<entity2 rdf:resource="http://sigkdd#Paper"/>
		<measure rdf:datatype="xsd:float">0.13835467</measure>
		<relation>&lt;</relation>
	</Cell>
</map>
<map>
	<Cell>
		<entity1 rdf:resource="http://iasted#pay"/>
		<entity2 rdf:resource="http://sigkdd#pay"/>
		<measure rdf:datatype="xsd:float">0.4085497</measure>
		<relation>=</relation>
	</Cell>
</map>
<map>
	<Cell>
		<entity1 rdf:resource="http://iasted#Sponsor"/>
		<entity2 rdf:resource="http://sigkdd#Webmaster"/>
		<measure rdf:datatype="xsd:float">0.07571019</measure>
		<relation>&gt;</relation>
	</Cell>
</map>
<map>
	<Cell>
		<entity1 rdf:resource="http://iasted#Main_office"/>
		<entity2 rdf:resource="http://sigkdd#Main_office"/>
		<measure rdf:datatype="xsd:float">0.31109685</measure>
		<relation>=</relation>
	</Cell>
</map>
<map>
	<Cell>
		<entity1 rdf:resource="http://iasted#Review"/>
		<entity2 rdf:resource="http://sigkdd#Review"/>
		<measure rdf:datatype="xsd:float">0.36016026</measure>
		<relation>&lt;</relation>
	</Cell>
</map>
<map>
	<Cell>
		<entity1 rdf:resource="http://iasted#is_designed_for"/>
		<entity2 rdf:resource="http://sigkdd#designed_by"/>
		<measure rdf:datatype="xsd:float">0.089999996</measure>
		<relation>=</relation>
	</Cell>
</map>
<map>
	<Cell>
		<entity1 rdf:resource="http://iasted#Research"/>
		<entity2 rdf:resource="http://sigkdd#Best_Research_Paper_Award"/>
		<measure rdf:datatype="xsd:float">0.034066662</measure>
		<relation>=</relation>
	</Cell>
</map>
<map>
	<Cell>
		<entity1 rdf:resource="http://iasted#Person"/>
		<entity2 rdf:resource="http://sigkdd#Person"/>
		<measure rdf:datatype="xsd:float">0.22565906</measure>
		<relation>=</relation>
	</Cell>
</map>
<map>
	<Cell>
		<entity1 rdf:resource="http://iasted#IASTED_non_member"/>
		<entity2 rdf:resource="http://sigkdd#Program_Committee_member"/>
		<measure rdf:datatype="xsd:float">0.07416667</measure>
		<relation>=</relation>
	</Cell>
</map>
<map>
	<Cell>
		<entity1 rdf:resource="http://iasted#Registation_deadline"/>
		<entity2 rdf:resource="http://sigkdd#Deadline_Abstract_Submission"/>
		<measure rdf:datatype="xsd:float">0.13573776</measure>
		<relation>&lt;</relation>
	</Cell>
</map>
<map>
	<Cell>
		<entity1 rdf:resource="http://iasted#Session_chair"/>
		<entity2 rdf:resource="http://sigkdd#General_Chair"/>
		<measure rdf:datatype="xsd:float">0.11119659</measure>
		<relation>=</relation>
	</Cell>
</map>
<map>
	<Cell>
		<entity1 rdf:resource="http://iasted#Session"/>
		<entity2 rdf:resource="http://sigkdd#Conference"/>
		<measure rdf:datatype="xsd:float">0.2808333</measure>
		<relation>&lt;</relation>
	</Cell>
</map>
<map>
	<Cell>
		<entity1 rdf:resource="http://iasted#Document"/>
		<entity2 rdf:resource="http://sigkdd#Document"/>
		<measure rdf:datatype="xsd:float">0.41381508</measure>
		<relation>&lt;</relation>
	</Cell>
</map>
<map>
	<Cell>
		<entity1 rdf:resource="http://iasted#Speaker"/>
		<entity2 rdf:resource="http://sigkdd#Speaker"/>
		<measure rdf:datatype="xsd:float">0.251481</measure>
		<relation>&lt;</relation>
	</Cell>
</map>
<map>
	<Cell>
		<entity1 rdf:resource="http://iasted#Place"/>
		<entity2 rdf:resource="http://sigkdd#Place"/>
		<measure rdf:datatype="xsd:float">0.26722282</measure>
		<relation>=</relation>
	</Cell>
</map>
<map>
	<Cell>
		<entity1 rdf:resource="http://iasted#Registration_fee"/>
		<entity2 rdf:resource="http://sigkdd#Registration_fee"/>
		<measure rdf:datatype="xsd:float">0.28243306</measure>
		<relation>&lt;</relation>
	</Cell>
</map>
<map>
	<Cell>
		<entity1 rdf:resource="http://iasted#Transparency"/>
		<entity2 rdf:resource="http://sigkdd#Abstract"/>
		<measure rdf:datatype="xsd:float">0.13867874</measure>
		<relation>&lt;</relation>
	</Cell>
</map>
<map>
	<Cell>
		<entity1 rdf:resource="http://iasted#Fee"/>
		<entity2 rdf:resource="http://sigkdd#Fee"/>
		<measure rdf:datatype="xsd:float">0.2650543</measure>
		<relation>&lt;</relation>
	</Cell>
</map>
<map>
	<Cell>
		<entity1 rdf:resource="http://iasted#Social_program"/>
		<entity2 rdf:resource="http://sigkdd#Program_Committee"/>
		<measure rdf:datatype="xsd:float">0.16558824</measure>
		<relation>=</relation>
	</Cell>
</map>
<map>
	<Cell>
		<entity1 rdf:resource="http://iasted#Student_registration_fee"/>
		<entity2 rdf:resource="http://sigkdd#Registration_Student"/>
		<measure rdf:datatype="xsd:float">0.21240748</measure>
		<relation>&lt;</relation>
	</Cell>
</map>
<map>
	<Cell>
		<entity1 rdf:resource="http://iasted#IASTED_member"/>
		<entity2 rdf:resource="http://sigkdd#Organizing_Committee_member"/>
		<measure rdf:datatype="xsd:float">0.05948972</measure>
		<relation>=</relation>
	</Cell>
</map>
<map>
	<Cell>
		<entity1 rdf:resource="http://iasted#Building"/>
		<entity2 rdf:resource="http://sigkdd#Hotel"/>
		<measure rdf:datatype="xsd:float">0.27587464</measure>
		<relation>=</relation>
	</Cell>
</map>
<map>
	<Cell>
		<entity1 rdf:resource="http://iasted#Author_cd_proceedings_included"/>
		<entity2 rdf:resource="http://sigkdd#Author_of_paper"/>
		<measure rdf:datatype="xsd:float">0.13741668</measure>
		<relation>&lt;</relation>
	</Cell>
</map>
<map>
	<Cell>
		<entity1 rdf:resource="http://iasted#Conference_hall"/>
		<entity2 rdf:resource="http://sigkdd#Conference_hall"/>
		<measure rdf:datatype="xsd:float">0.31109685</measure>
		<relation>=</relation>
	</Cell>
</map>
<map>
	<Cell>
		<entity1 rdf:resource="http://iasted#Deadline_hotel_reservation"/>
		<entity2 rdf:resource="http://sigkdd#Deadline_Author_notification"/>
		<measure rdf:datatype="xsd:float">0.15119807</measure>
		<relation>&lt;</relation>
	</Cell>
</map>
<map>
	<Cell>
		<entity1 rdf:resource="http://iasted#Hotel_fee"/>
		<entity2 rdf:resource="http://sigkdd#Sponzor_fee"/>
		<measure rdf:datatype="xsd:float">0.19947533</measure>
		<relation>&lt;</relation>
	</Cell>
</map>
<map>
	<Cell>
		<entity1 rdf:resource="http://iasted#Author"/>
		<entity2 rdf:resource="http://sigkdd#Author"/>
		<measure rdf:datatype="xsd:float">0.26838654</measure>
		<relation>&lt;</relation>
	</Cell>
</map>
<map>
	<Cell>
		<entity1 rdf:resource="http://iasted#obtain"/>
		<entity2 rdf:resource="http://sigkdd#obtain"/>
		<measure rdf:datatype="xsd:float">0.3333333</measure>
		<relation>=</relation>
	</Cell>
</map>
<map>
	<Cell>
		<entity1 rdf:resource="http://iasted#Memeber_registration_fee"/>
		<entity2 rdf:resource="http://sigkdd#Registration_Non-Member"/>
		<measure rdf:datatype="xsd:float">0.1682223</measure>
		<relation>&lt;</relation>
	</Cell>
</map>
<map>
	<Cell>
		<entity1 rdf:resource="http://iasted#is_present_in"/>
		<entity2 rdf:resource="http://sigkdd#can_stay_in"/>
		<measure rdf:datatype="xsd:float">0.2751166</measure>
		<relation>=</relation>
	</Cell>
</map>

</Alignment>
</rdf:RDF>
