<?xml version="1.0" encoding="utf-8"?>
<rdf:RDF xmlns="http://knowledgeweb.semanticweb.org/heterogeneity/alignment" 
	 xmlns:rdf="http://www.w3.org/1999/02/22-rdf-syntax-ns#" 
	 xmlns:xsd="http://www.w3.org/2001/XMLSchema#">

<Alignment>
<xml>yes</xml>
<level>0</level>
<type>??</type>

<map>
	<Cell>
		<entity1 rdf:resource="http://crs_dr#writes_article"/>
		<entity2 rdf:resource="http://pcs#write_paper"/>
		<measure rdf:datatype="xsd:float">0.3615769</measure>
		<relation>=</relation>
	</Cell>
</map>
<map>
	<Cell>
		<entity1 rdf:resource="http://crs_dr#conference"/>
		<entity2 rdf:resource="http://pcs#Conference"/>
		<measure rdf:datatype="xsd:float">1.0</measure>
		<relation>&lt;</relation>
	</Cell>
</map>
<map>
	<Cell>
		<entity1 rdf:resource="http://crs_dr#has_author"/>
		<entity2 rdf:resource="http://pcs#accepted_by"/>
		<measure rdf:datatype="xsd:float">0.27052453</measure>
		<relation>=</relation>
	</Cell>
</map>
<map>
	<Cell>
		<entity1 rdf:resource="http://crs_dr#reviewer"/>
		<entity2 rdf:resource="http://pcs#Primary_Reviewer"/>
		<measure rdf:datatype="xsd:float">0.15519588</measure>
		<relation>&gt;</relation>
	</Cell>
</map>
<map>
	<Cell>
		<entity1 rdf:resource="http://crs_dr#has_program"/>
		<entity2 rdf:resource="http://pcs#has_conference_member"/>
		<measure rdf:datatype="xsd:float">0.42228574</measure>
		<relation>=</relation>
	</Cell>
</map>
<map>
	<Cell>
		<entity1 rdf:resource="http://crs_dr#review"/>
		<entity2 rdf:resource="http://pcs#Review"/>
		<measure rdf:datatype="xsd:float">0.7907362</measure>
		<relation>=</relation>
	</Cell>
</map>
<map>
	<Cell>
		<entity1 rdf:resource="http://crs_dr#chair"/>
		<entity2 rdf:resource="http://pcs#Secondary_Reviewer"/>
		<measure rdf:datatype="xsd:float">0.08124526</measure>
		<relation>&gt;</relation>
	</Cell>
</map>
<map>
	<Cell>
		<entity1 rdf:resource="http://crs_dr#creates_program"/>
		<entity2 rdf:resource="http://pcs#loggin_in"/>
		<measure rdf:datatype="xsd:float">0.28119838</measure>
		<relation>=</relation>
	</Cell>
</map>
<map>
	<Cell>
		<entity1 rdf:resource="http://crs_dr#document"/>
		<entity2 rdf:resource="http://pcs#DOCUMENT"/>
		<measure rdf:datatype="xsd:float">0.6541484</measure>
		<relation>=</relation>
	</Cell>
</map>
<map>
	<Cell>
		<entity1 rdf:resource="http://crs_dr#submits_to_conference"/>
		<entity2 rdf:resource="http://pcs#generate"/>
		<measure rdf:datatype="xsd:float">0.03270892</measure>
		<relation>=</relation>
	</Cell>
</map>
<map>
	<Cell>
		<entity1 rdf:resource="http://crs_dr#person"/>
		<entity2 rdf:resource="http://pcs#PERSON"/>
		<measure rdf:datatype="xsd:float">0.24469462</measure>
		<relation>=</relation>
	</Cell>
</map>
<map>
	<Cell>
		<entity1 rdf:resource="http://crs_dr#author"/>
		<entity2 rdf:resource="http://pcs#Author"/>
		<measure rdf:datatype="xsd:float">0.30297366</measure>
		<relation>&gt;</relation>
	</Cell>
</map>
<map>
	<Cell>
		<entity1 rdf:resource="http://crs_dr#review_written_by"/>
		<entity2 rdf:resource="http://pcs#written_review_by"/>
		<measure rdf:datatype="xsd:float">0.6600732</measure>
		<relation>=</relation>
	</Cell>
</map>
<map>
	<Cell>
		<entity1 rdf:resource="http://crs_dr#program_created_by"/>
		<entity2 rdf:resource="http://pcs#sended_by"/>
		<measure rdf:datatype="xsd:float">0.12112814</measure>
		<relation>=</relation>
	</Cell>
</map>
<map>
	<Cell>
		<entity1 rdf:resource="http://crs_dr#article"/>
		<entity2 rdf:resource="http://pcs#Paper"/>
		<measure rdf:datatype="xsd:float">0.7273362</measure>
		<relation>=</relation>
	</Cell>
</map>
<map>
	<Cell>
		<entity1 rdf:resource="http://crs_dr#program"/>
		<entity2 rdf:resource="http://pcs#Information"/>
		<measure rdf:datatype="xsd:float">0.84331834</measure>
		<relation>&gt;</relation>
	</Cell>
</map>
<map>
	<Cell>
		<entity1 rdf:resource="http://crs_dr#article_written_by"/>
		<entity2 rdf:resource="http://pcs#written_paper_by"/>
		<measure rdf:datatype="xsd:float">0.5814447</measure>
		<relation>=</relation>
	</Cell>
</map>
<map>
	<Cell>
		<entity1 rdf:resource="http://crs_dr#participant"/>
		<entity2 rdf:resource="http://pcs#Administrator"/>
		<measure rdf:datatype="xsd:float">0.08126426</measure>
		<relation>=</relation>
	</Cell>
</map>
<map>
	<Cell>
		<entity1 rdf:resource="http://crs_dr#writes_review"/>
		<entity2 rdf:resource="http://pcs#assign_review"/>
		<measure rdf:datatype="xsd:float">0.4988173</measure>
		<relation>=</relation>
	</Cell>
</map>
<map>
	<Cell>
		<entity1 rdf:resource="http://crs_dr#has_reviewer"/>
		<entity2 rdf:resource="http://pcs#rejected_paper_by"/>
		<measure rdf:datatype="xsd:float">0.27090847</measure>
		<relation>=</relation>
	</Cell>
</map>
<map>
	<Cell>
		<entity1 rdf:resource="http://crs_dr#assigns_article_to_conference"/>
		<entity2 rdf:resource="http://pcs#member_of_conference"/>
		<measure rdf:datatype="xsd:float">0.08820636</measure>
		<relation>=</relation>
	</Cell>
</map>

</Alignment>
</rdf:RDF>
