<?xml version="1.0" encoding="utf-8"?>
<rdf:RDF xmlns="http://knowledgeweb.semanticweb.org/heterogeneity/alignment" 
	 xmlns:rdf="http://www.w3.org/1999/02/22-rdf-syntax-ns#" 
	 xmlns:xsd="http://www.w3.org/2001/XMLSchema#">

<Alignment>
<xml>yes</xml>
<level>0</level>
<type>??</type>

<map>
	<Cell>
		<entity1 rdf:resource="http://confOf#Submission_event"/>
		<entity2 rdf:resource="http://edas#OrganizationalMeeting"/>
		<measure rdf:datatype="xsd:float">0.1335402</measure>
		<relation>=</relation>
	</Cell>
</map>
<map>
	<Cell>
		<entity1 rdf:resource="http://confOf#Chair_PC"/>
		<entity2 rdf:resource="http://edas#ConferenceChair"/>
		<measure rdf:datatype="xsd:float">0.18918554</measure>
		<relation>=</relation>
	</Cell>
</map>
<map>
	<Cell>
		<entity1 rdf:resource="http://confOf#hasCountry"/>
		<entity2 rdf:resource="http://edas#hasCountry"/>
		<measure rdf:datatype="xsd:float">0.6729526</measure>
		<relation>=</relation>
	</Cell>
</map>
<map>
	<Cell>
		<entity1 rdf:resource="http://confOf#hasTopic"/>
		<entity2 rdf:resource="http://edas#hasTopic"/>
		<measure rdf:datatype="xsd:float">0.6666666</measure>
		<relation>=</relation>
	</Cell>
</map>
<map>
	<Cell>
		<entity1 rdf:resource="http://confOf#location"/>
		<entity2 rdf:resource="http://edas#hasStartDateTime"/>
		<measure rdf:datatype="xsd:float">0.26037014</measure>
		<relation>=</relation>
	</Cell>
</map>
<map>
	<Cell>
		<entity1 rdf:resource="http://confOf#Organization"/>
		<entity2 rdf:resource="http://edas#Organization"/>
		<measure rdf:datatype="xsd:float">0.45474085</measure>
		<relation>=</relation>
	</Cell>
</map>
<map>
	<Cell>
		<entity1 rdf:resource="http://confOf#Author"/>
		<entity2 rdf:resource="http://edas#Author"/>
		<measure rdf:datatype="xsd:float">0.22222224</measure>
		<relation>&lt;</relation>
	</Cell>
</map>
<map>
	<Cell>
		<entity1 rdf:resource="http://confOf#Reception"/>
		<entity2 rdf:resource="http://edas#Reception"/>
		<measure rdf:datatype="xsd:float">0.30540228</measure>
		<relation>=</relation>
	</Cell>
</map>
<map>
	<Cell>
		<entity1 rdf:resource="http://confOf#hasFirstName"/>
		<entity2 rdf:resource="http://edas#hasFirstName"/>
		<measure rdf:datatype="xsd:float">0.7454077</measure>
		<relation>=</relation>
	</Cell>
</map>
<map>
	<Cell>
		<entity1 rdf:resource="http://confOf#Administrative_event"/>
		<entity2 rdf:resource="http://edas#AcademicEvent"/>
		<measure rdf:datatype="xsd:float">0.26122862</measure>
		<relation>=</relation>
	</Cell>
</map>
<map>
	<Cell>
		<entity1 rdf:resource="http://confOf#hasPhone"/>
		<entity2 rdf:resource="http://edas#hasPhone"/>
		<measure rdf:datatype="xsd:float">0.6666666</measure>
		<relation>=</relation>
	</Cell>
</map>
<map>
	<Cell>
		<entity1 rdf:resource="http://confOf#Country"/>
		<entity2 rdf:resource="http://edas#Country"/>
		<measure rdf:datatype="xsd:float">1.0</measure>
		<relation>=</relation>
	</Cell>
</map>
<map>
	<Cell>
		<entity1 rdf:resource="http://confOf#has_title"/>
		<entity2 rdf:resource="http://edas#hasEndDateTime"/>
		<measure rdf:datatype="xsd:float">0.31617373</measure>
		<relation>=</relation>
	</Cell>
</map>
<map>
	<Cell>
		<entity1 rdf:resource="http://confOf#Person"/>
		<entity2 rdf:resource="http://edas#Person"/>
		<measure rdf:datatype="xsd:float">0.23622327</measure>
		<relation>=</relation>
	</Cell>
</map>
<map>
	<Cell>
		<entity1 rdf:resource="http://confOf#Paper"/>
		<entity2 rdf:resource="http://edas#Paper"/>
		<measure rdf:datatype="xsd:float">0.3333333</measure>
		<relation>=</relation>
	</Cell>
</map>
<map>
	<Cell>
		<entity1 rdf:resource="http://confOf#Social_event"/>
		<entity2 rdf:resource="http://edas#SocialEvent"/>
		<measure rdf:datatype="xsd:float">0.24896179</measure>
		<relation>=</relation>
	</Cell>
</map>
<map>
	<Cell>
		<entity1 rdf:resource="http://confOf#Trip"/>
		<entity2 rdf:resource="http://edas#Excursion"/>
		<measure rdf:datatype="xsd:float">0.083673894</measure>
		<relation>=</relation>
	</Cell>
</map>
<map>
	<Cell>
		<entity1 rdf:resource="http://confOf#studyAt"/>
		<entity2 rdf:resource="http://edas#attendeeAt"/>
		<measure rdf:datatype="xsd:float">0.16633335</measure>
		<relation>=</relation>
	</Cell>
</map>
<map>
	<Cell>
		<entity1 rdf:resource="http://confOf#hasStreet"/>
		<entity2 rdf:resource="http://edas#hasStreet"/>
		<measure rdf:datatype="xsd:float">0.6666666</measure>
		<relation>=</relation>
	</Cell>
</map>
<map>
	<Cell>
		<entity1 rdf:resource="http://confOf#expertOn"/>
		<entity2 rdf:resource="http://edas#initiates"/>
		<measure rdf:datatype="xsd:float">0.026864383</measure>
		<relation>=</relation>
	</Cell>
</map>
<map>
	<Cell>
		<entity1 rdf:resource="http://confOf#reviewes"/>
		<entity2 rdf:resource="http://edas#isReviewing"/>
		<measure rdf:datatype="xsd:float">0.028312193</measure>
		<relation>=</relation>
	</Cell>
</map>
<map>
	<Cell>
		<entity1 rdf:resource="http://confOf#Conference"/>
		<entity2 rdf:resource="http://edas#Conference"/>
		<measure rdf:datatype="xsd:float">0.35897434</measure>
		<relation>&lt;</relation>
	</Cell>
</map>
<map>
	<Cell>
		<entity1 rdf:resource="http://confOf#employedBy"/>
		<entity2 rdf:resource="http://edas#isMemberOf"/>
		<measure rdf:datatype="xsd:float">0.07907441</measure>
		<relation>=</relation>
	</Cell>
</map>
<map>
	<Cell>
		<entity1 rdf:resource="http://confOf#Camera_Ready_event"/>
		<entity2 rdf:resource="http://edas#PaperPresentation"/>
		<measure rdf:datatype="xsd:float">0.13350844</measure>
		<relation>=</relation>
	</Cell>
</map>
<map>
	<Cell>
		<entity1 rdf:resource="http://confOf#hasEmail"/>
		<entity2 rdf:resource="http://edas#hasEmail"/>
		<measure rdf:datatype="xsd:float">0.7454077</measure>
		<relation>=</relation>
	</Cell>
</map>
<map>
	<Cell>
		<entity1 rdf:resource="http://confOf#hasPostalCode"/>
		<entity2 rdf:resource="http://edas#hasPostalCode"/>
		<measure rdf:datatype="xsd:float">0.6666666</measure>
		<relation>=</relation>
	</Cell>
</map>
<map>
	<Cell>
		<entity1 rdf:resource="http://confOf#writes"/>
		<entity2 rdf:resource="http://edas#hasRelatedPaper"/>
		<measure rdf:datatype="xsd:float">0.074740745</measure>
		<relation>=</relation>
	</Cell>
</map>
<map>
	<Cell>
		<entity1 rdf:resource="http://confOf#hasCity"/>
		<entity2 rdf:resource="http://edas#hasRelatedDocument"/>
		<measure rdf:datatype="xsd:float">0.16748182</measure>
		<relation>=</relation>
	</Cell>
</map>
<map>
	<Cell>
		<entity1 rdf:resource="http://confOf#Member_PC"/>
		<entity2 rdf:resource="http://edas#TPCMember"/>
		<measure rdf:datatype="xsd:float">0.07948182</measure>
		<relation>=</relation>
	</Cell>
</map>
<map>
	<Cell>
		<entity1 rdf:resource="http://confOf#Workshop"/>
		<entity2 rdf:resource="http://edas#Workshop"/>
		<measure rdf:datatype="xsd:float">0.22222224</measure>
		<relation>=</relation>
	</Cell>
</map>
<map>
	<Cell>
		<entity1 rdf:resource="http://confOf#parallel_with"/>
		<entity2 rdf:resource="http://edas#hasCall"/>
		<measure rdf:datatype="xsd:float">0.14787738</measure>
		<relation>=</relation>
	</Cell>
</map>
<map>
	<Cell>
		<entity1 rdf:resource="http://confOf#Topic"/>
		<entity2 rdf:resource="http://edas#Topic"/>
		<measure rdf:datatype="xsd:float">1.0</measure>
		<relation>=</relation>
	</Cell>
</map>
<map>
	<Cell>
		<entity1 rdf:resource="http://confOf#Reviewing_event"/>
		<entity2 rdf:resource="http://edas#TalkEvent"/>
		<measure rdf:datatype="xsd:float">0.3317307</measure>
		<relation>=</relation>
	</Cell>
</map>
<map>
	<Cell>
		<entity1 rdf:resource="http://confOf#hasHomePage"/>
		<entity2 rdf:resource="http://edas#hasLastName"/>
		<measure rdf:datatype="xsd:float">0.52358955</measure>
		<relation>=</relation>
	</Cell>
</map>
<map>
	<Cell>
		<entity1 rdf:resource="http://confOf#Participant"/>
		<entity2 rdf:resource="http://edas#Attendee"/>
		<measure rdf:datatype="xsd:float">0.26614517</measure>
		<relation>=</relation>
	</Cell>
</map>

</Alignment>
</rdf:RDF>
