<?xml version="1.0" encoding="utf-8"?>
<rdf:RDF xmlns="http://knowledgeweb.semanticweb.org/heterogeneity/alignment" 
	 xmlns:rdf="http://www.w3.org/1999/02/22-rdf-syntax-ns#" 
	 xmlns:xsd="http://www.w3.org/2001/XMLSchema#">

<Alignment>
<xml>yes</xml>
<level>0</level>
<type>??</type>

<map>
	<Cell>
		<entity1 rdf:resource="http://cmt#email"/>
		<entity2 rdf:resource="http://edas#hasEmail"/>
		<measure rdf:datatype="xsd:float">0.8166266</measure>
		<relation>=</relation>
	</Cell>
</map>
<map>
	<Cell>
		<entity1 rdf:resource="http://cmt#Conference"/>
		<entity2 rdf:resource="http://edas#Conference"/>
		<measure rdf:datatype="xsd:float">0.4191919</measure>
		<relation>=</relation>
	</Cell>
</map>
<map>
	<Cell>
		<entity1 rdf:resource="http://cmt#Reviewer"/>
		<entity2 rdf:resource="http://edas#Reviewer"/>
		<measure rdf:datatype="xsd:float">0.4</measure>
		<relation>&lt;</relation>
	</Cell>
</map>
<map>
	<Cell>
		<entity1 rdf:resource="http://cmt#name"/>
		<entity2 rdf:resource="http://edas#hasName"/>
		<measure rdf:datatype="xsd:float">0.80639726</measure>
		<relation>=</relation>
	</Cell>
</map>
<map>
	<Cell>
		<entity1 rdf:resource="http://cmt#PaperAbstract"/>
		<entity2 rdf:resource="http://edas#PendingPaper"/>
		<measure rdf:datatype="xsd:float">0.18798077</measure>
		<relation>=</relation>
	</Cell>
</map>
<map>
	<Cell>
		<entity1 rdf:resource="http://cmt#hasConferenceMember"/>
		<entity2 rdf:resource="http://edas#hasMember"/>
		<measure rdf:datatype="xsd:float">0.3173096</measure>
		<relation>=</relation>
	</Cell>
</map>
<map>
	<Cell>
		<entity1 rdf:resource="http://cmt#AuthorNotReviewer"/>
		<entity2 rdf:resource="http://edas#Presenter"/>
		<measure rdf:datatype="xsd:float">0.25756106</measure>
		<relation>&lt;</relation>
	</Cell>
</map>
<map>
	<Cell>
		<entity1 rdf:resource="http://cmt#detailsEnteredBy"/>
		<entity2 rdf:resource="http://edas#hasCountry"/>
		<measure rdf:datatype="xsd:float">0.1407723</measure>
		<relation>=</relation>
	</Cell>
</map>
<map>
	<Cell>
		<entity1 rdf:resource="http://cmt#markConflictOfInterest"/>
		<entity2 rdf:resource="http://edas#isReviewing"/>
		<measure rdf:datatype="xsd:float">0.21157825</measure>
		<relation>=</relation>
	</Cell>
</map>
<map>
	<Cell>
		<entity1 rdf:resource="http://cmt#rejectedBy"/>
		<entity2 rdf:resource="http://edas#isReviewedBy"/>
		<measure rdf:datatype="xsd:float">0.16730554</measure>
		<relation>=</relation>
	</Cell>
</map>
<map>
	<Cell>
		<entity1 rdf:resource="http://cmt#acceptsHardcopySubmissions"/>
		<entity2 rdf:resource="http://edas#registrationDueOn"/>
		<measure rdf:datatype="xsd:float">0.36272207</measure>
		<relation>=</relation>
	</Cell>
</map>
<map>
	<Cell>
		<entity1 rdf:resource="http://cmt#Author"/>
		<entity2 rdf:resource="http://edas#Author"/>
		<measure rdf:datatype="xsd:float">0.42553976</measure>
		<relation>&lt;</relation>
	</Cell>
</map>
<map>
	<Cell>
		<entity1 rdf:resource="http://cmt#Review"/>
		<entity2 rdf:resource="http://edas#Review"/>
		<measure rdf:datatype="xsd:float">1.0</measure>
		<relation>=</relation>
	</Cell>
</map>
<map>
	<Cell>
		<entity1 rdf:resource="http://cmt#logoURL"/>
		<entity2 rdf:resource="http://edas#startDate"/>
		<measure rdf:datatype="xsd:float">0.36195284</measure>
		<relation>=</relation>
	</Cell>
</map>
<map>
	<Cell>
		<entity1 rdf:resource="http://cmt#writeReview"/>
		<entity2 rdf:resource="http://edas#hasReviewHistory"/>
		<measure rdf:datatype="xsd:float">0.27811903</measure>
		<relation>=</relation>
	</Cell>
</map>
<map>
	<Cell>
		<entity1 rdf:resource="http://cmt#Paper"/>
		<entity2 rdf:resource="http://edas#Paper"/>
		<measure rdf:datatype="xsd:float">0.23126787</measure>
		<relation>=</relation>
	</Cell>
</map>
<map>
	<Cell>
		<entity1 rdf:resource="http://cmt#ConferenceChair"/>
		<entity2 rdf:resource="http://edas#ConferenceChair"/>
		<measure rdf:datatype="xsd:float">0.4</measure>
		<relation>&lt;</relation>
	</Cell>
</map>
<map>
	<Cell>
		<entity1 rdf:resource="http://cmt#Chairman"/>
		<entity2 rdf:resource="http://edas#SessionChair"/>
		<measure rdf:datatype="xsd:float">0.27059457</measure>
		<relation>=</relation>
	</Cell>
</map>
<map>
	<Cell>
		<entity1 rdf:resource="http://cmt#date"/>
		<entity2 rdf:resource="http://edas#endDate"/>
		<measure rdf:datatype="xsd:float">0.4738576</measure>
		<relation>=</relation>
	</Cell>
</map>
<map>
	<Cell>
		<entity1 rdf:resource="http://cmt#hasAuthor"/>
		<entity2 rdf:resource="http://edas#isWrittenBy"/>
		<measure rdf:datatype="xsd:float">0.22050849</measure>
		<relation>=</relation>
	</Cell>
</map>
<map>
	<Cell>
		<entity1 rdf:resource="http://cmt#Decision"/>
		<entity2 rdf:resource="http://edas#Call"/>
		<measure rdf:datatype="xsd:float">0.41447407</measure>
		<relation>=</relation>
	</Cell>
</map>
<map>
	<Cell>
		<entity1 rdf:resource="http://cmt#ExternalReviewer"/>
		<entity2 rdf:resource="http://edas#Attendee"/>
		<measure rdf:datatype="xsd:float">0.15065439</measure>
		<relation>=</relation>
	</Cell>
</map>
<map>
	<Cell>
		<entity1 rdf:resource="http://cmt#Person"/>
		<entity2 rdf:resource="http://edas#Person"/>
		<measure rdf:datatype="xsd:float">0.4444755</measure>
		<relation>=</relation>
	</Cell>
</map>
<map>
	<Cell>
		<entity1 rdf:resource="http://cmt#writePaper"/>
		<entity2 rdf:resource="http://edas#hasRelatedPaper"/>
		<measure rdf:datatype="xsd:float">0.30998322</measure>
		<relation>=</relation>
	</Cell>
</map>
<map>
	<Cell>
		<entity1 rdf:resource="http://cmt#siteURL"/>
		<entity2 rdf:resource="http://edas#manuscriptDueOn"/>
		<measure rdf:datatype="xsd:float">0.36284173</measure>
		<relation>=</relation>
	</Cell>
</map>
<map>
	<Cell>
		<entity1 rdf:resource="http://cmt#hasBid"/>
		<entity2 rdf:resource="http://edas#hasTopic"/>
		<measure rdf:datatype="xsd:float">0.24430552</measure>
		<relation>=</relation>
	</Cell>
</map>
<map>
	<Cell>
		<entity1 rdf:resource="http://cmt#PaperFullVersion"/>
		<entity2 rdf:resource="http://edas#ActivePaper"/>
		<measure rdf:datatype="xsd:float">0.13672222</measure>
		<relation>=</relation>
	</Cell>
</map>
<map>
	<Cell>
		<entity1 rdf:resource="http://cmt#reviewsPerPaper"/>
		<entity2 rdf:resource="http://edas#paperDueOn"/>
		<measure rdf:datatype="xsd:float">0.39854544</measure>
		<relation>=</relation>
	</Cell>
</map>
<map>
	<Cell>
		<entity1 rdf:resource="http://cmt#Rejection"/>
		<entity2 rdf:resource="http://edas#CallForReviews"/>
		<measure rdf:datatype="xsd:float">0.26015437</measure>
		<relation>=</relation>
	</Cell>
</map>
<map>
	<Cell>
		<entity1 rdf:resource="http://cmt#hasDecision"/>
		<entity2 rdf:resource="http://edas#hasRating"/>
		<measure rdf:datatype="xsd:float">0.19157957</measure>
		<relation>=</relation>
	</Cell>
</map>
<map>
	<Cell>
		<entity1 rdf:resource="http://cmt#Acceptance"/>
		<entity2 rdf:resource="http://edas#CallForManuscripts"/>
		<measure rdf:datatype="xsd:float">0.26075754</measure>
		<relation>=</relation>
	</Cell>
</map>
<map>
	<Cell>
		<entity1 rdf:resource="http://cmt#hasConflictOfInterest"/>
		<entity2 rdf:resource="http://edas#hasRelatedDocument"/>
		<measure rdf:datatype="xsd:float">0.22178532</measure>
		<relation>=</relation>
	</Cell>
</map>

</Alignment>
</rdf:RDF>
