<?xml version="1.0" encoding="utf-8"?>
<rdf:RDF xmlns="http://knowledgeweb.semanticweb.org/heterogeneity/alignment" 
	 xmlns:rdf="http://www.w3.org/1999/02/22-rdf-syntax-ns#" 
	 xmlns:xsd="http://www.w3.org/2001/XMLSchema#">

<Alignment>
<xml>yes</xml>
<level>0</level>
<type>??</type>

<map>
	<Cell>
		<entity1 rdf:resource="http://cmt#endReview"/>
		<entity2 rdf:resource="http://confious#is_concerned_review"/>
		<measure rdf:datatype="xsd:float">0.16464151</measure>
		<relation>&gt;</relation>
	</Cell>
</map>
<map>
	<Cell>
		<entity1 rdf:resource="http://cmt#Person"/>
		<entity2 rdf:resource="http://confious#Contact_Person"/>
		<measure rdf:datatype="xsd:float">0.07428572</measure>
		<relation>&gt;</relation>
	</Cell>
</map>
<map>
	<Cell>
		<entity1 rdf:resource="http://cmt#addProgramCommitteeMember"/>
		<entity2 rdf:resource="http://confious#sets_member_SPC"/>
		<measure rdf:datatype="xsd:float">0.11878284</measure>
		<relation>&gt;</relation>
	</Cell>
</map>
<map>
	<Cell>
		<entity1 rdf:resource="http://cmt#PaperFullVersion"/>
		<entity2 rdf:resource="http://confious#Undecided_Paper"/>
		<measure rdf:datatype="xsd:float">0.1387596</measure>
		<relation>=</relation>
	</Cell>
</map>
<map>
	<Cell>
		<entity1 rdf:resource="http://cmt#paperAssignmentToolsRunBy"/>
		<entity2 rdf:resource="http://confious#sets_end_date_full_paper_submission"/>
		<measure rdf:datatype="xsd:float">0.08764683</measure>
		<relation>&gt;</relation>
	</Cell>
</map>
<map>
	<Cell>
		<entity1 rdf:resource="http://cmt#assignedTo"/>
		<entity2 rdf:resource="http://confious#is_sent_to"/>
		<measure rdf:datatype="xsd:float">0.15254831</measure>
		<relation>=</relation>
	</Cell>
</map>
<map>
	<Cell>
		<entity1 rdf:resource="http://cmt#hasConferenceMember"/>
		<entity2 rdf:resource="http://confious#sets_member_CP"/>
		<measure rdf:datatype="xsd:float">0.1482383</measure>
		<relation>&gt;</relation>
	</Cell>
</map>
<map>
	<Cell>
		<entity1 rdf:resource="http://cmt#memberOfConference"/>
		<entity2 rdf:resource="http://confious#is_concerned_conference"/>
		<measure rdf:datatype="xsd:float">0.22285023</measure>
		<relation>&gt;</relation>
	</Cell>
</map>
<map>
	<Cell>
		<entity1 rdf:resource="http://cmt#Paper"/>
		<entity2 rdf:resource="http://confious#paper"/>
		<measure rdf:datatype="xsd:float">0.23984177</measure>
		<relation>=</relation>
	</Cell>
</map>
<map>
	<Cell>
		<entity1 rdf:resource="http://cmt#Conference"/>
		<entity2 rdf:resource="http://confious#conference"/>
		<measure rdf:datatype="xsd:float">0.3333333</measure>
		<relation>=</relation>
	</Cell>
</map>
<map>
	<Cell>
		<entity1 rdf:resource="http://cmt#email"/>
		<entity2 rdf:resource="http://confious#e-mail"/>
		<measure rdf:datatype="xsd:float">0.6741737</measure>
		<relation>=</relation>
	</Cell>
</map>
<map>
	<Cell>
		<entity1 rdf:resource="http://cmt#hasDecision"/>
		<entity2 rdf:resource="http://confious#gives_classification"/>
		<measure rdf:datatype="xsd:float">0.06421496</measure>
		<relation>=</relation>
	</Cell>
</map>
<map>
	<Cell>
		<entity1 rdf:resource="http://cmt#acceptedBy"/>
		<entity2 rdf:resource="http://confious#is_created_in"/>
		<measure rdf:datatype="xsd:float">0.06449702</measure>
		<relation>=</relation>
	</Cell>
</map>
<map>
	<Cell>
		<entity1 rdf:resource="http://cmt#setMaxPapers"/>
		<entity2 rdf:resource="http://confious#sets_member_RPC"/>
		<measure rdf:datatype="xsd:float">0.04876323</measure>
		<relation>&gt;</relation>
	</Cell>
</map>
<map>
	<Cell>
		<entity1 rdf:resource="http://cmt#detailsEnteredBy"/>
		<entity2 rdf:resource="http://confious#sets_SPC_URL"/>
		<measure rdf:datatype="xsd:float">0.038194444</measure>
		<relation>&gt;</relation>
	</Cell>
</map>
<map>
	<Cell>
		<entity1 rdf:resource="http://cmt#reviewCriteriaEnteredBy"/>
		<entity2 rdf:resource="http://confious#is_concerned_confernce_setup"/>
		<measure rdf:datatype="xsd:float">0.111825384</measure>
		<relation>=</relation>
	</Cell>
</map>
<map>
	<Cell>
		<entity1 rdf:resource="http://cmt#paperID"/>
		<entity2 rdf:resource="http://confious#full_paper_size"/>
		<measure rdf:datatype="xsd:float">0.39150962</measure>
		<relation>=</relation>
	</Cell>
</map>
<map>
	<Cell>
		<entity1 rdf:resource="http://cmt#paperAssignmentFinalizedBy"/>
		<entity2 rdf:resource="http://confious#sets_Chair_URL"/>
		<measure rdf:datatype="xsd:float">0.03787393</measure>
		<relation>&gt;</relation>
	</Cell>
</map>
<map>
	<Cell>
		<entity1 rdf:resource="http://cmt#ProgramCommitteeChair"/>
		<entity2 rdf:resource="http://confious#Program_Committee_Chair"/>
		<measure rdf:datatype="xsd:float">0.22222224</measure>
		<relation>=</relation>
	</Cell>
</map>
<map>
	<Cell>
		<entity1 rdf:resource="http://cmt#hasConflictOfInterest"/>
		<entity2 rdf:resource="http://confious#has_topic_of_interest"/>
		<measure rdf:datatype="xsd:float">0.25722933</measure>
		<relation>=</relation>
	</Cell>
</map>
<map>
	<Cell>
		<entity1 rdf:resource="http://cmt#hasAuthor"/>
		<entity2 rdf:resource="http://confious#has_author"/>
		<measure rdf:datatype="xsd:float">0.3965483</measure>
		<relation>=</relation>
	</Cell>
</map>
<map>
	<Cell>
		<entity1 rdf:resource="http://cmt#enterConferenceDetails"/>
		<entity2 rdf:resource="http://confious#sets_end_date_of_conference"/>
		<measure rdf:datatype="xsd:float">0.061869245</measure>
		<relation>&gt;</relation>
	</Cell>
</map>
<map>
	<Cell>
		<entity1 rdf:resource="http://cmt#reviewerBiddingStartedBy"/>
		<entity2 rdf:resource="http://confious#sets_end_date_of_abstract_submission"/>
		<measure rdf:datatype="xsd:float">0.03800926</measure>
		<relation>&gt;</relation>
	</Cell>
</map>
<map>
	<Cell>
		<entity1 rdf:resource="http://cmt#ConferenceChair"/>
		<entity2 rdf:resource="http://confious#conference_setup"/>
		<measure rdf:datatype="xsd:float">0.1113889</measure>
		<relation>&lt;</relation>
	</Cell>
</map>
<map>
	<Cell>
		<entity1 rdf:resource="http://cmt#Document"/>
		<entity2 rdf:resource="http://confious#article"/>
		<measure rdf:datatype="xsd:float">0.017716184</measure>
		<relation>=</relation>
	</Cell>
</map>
<map>
	<Cell>
		<entity1 rdf:resource="http://cmt#readByReviewer"/>
		<entity2 rdf:resource="http://confious#structure_created_by"/>
		<measure rdf:datatype="xsd:float">0.17388165</measure>
		<relation>=</relation>
	</Cell>
</map>
<map>
	<Cell>
		<entity1 rdf:resource="http://cmt#virtualMeetingEnabledBy"/>
		<entity2 rdf:resource="http://confious#is_in_phase"/>
		<measure rdf:datatype="xsd:float">0.11183573</measure>
		<relation>=</relation>
	</Cell>
</map>
<map>
	<Cell>
		<entity1 rdf:resource="http://cmt#hardcopyMailingManifestsPrintedBy"/>
		<entity2 rdf:resource="http://confious#sets_RPC_URL"/>
		<measure rdf:datatype="xsd:float">0.03776515</measure>
		<relation>&gt;</relation>
	</Cell>
</map>
<map>
	<Cell>
		<entity1 rdf:resource="http://cmt#Review"/>
		<entity2 rdf:resource="http://confious#review"/>
		<measure rdf:datatype="xsd:float">0.22518389</measure>
		<relation>=</relation>
	</Cell>
</map>
<map>
	<Cell>
		<entity1 rdf:resource="http://cmt#ProgramCommitteeMember"/>
		<entity2 rdf:resource="http://confious#Program_Committee_member"/>
		<measure rdf:datatype="xsd:float">0.24182749</measure>
		<relation>=</relation>
	</Cell>
</map>
<map>
	<Cell>
		<entity1 rdf:resource="http://cmt#startReviewerBidding"/>
		<entity2 rdf:resource="http://confious#sets_start_date"/>
		<measure rdf:datatype="xsd:float">0.11066667</measure>
		<relation>&gt;</relation>
	</Cell>
</map>
<map>
	<Cell>
		<entity1 rdf:resource="http://cmt#hasProgramCommitteeMember"/>
		<entity2 rdf:resource="http://confious#sets_member_PCC"/>
		<measure rdf:datatype="xsd:float">0.120684005</measure>
		<relation>&gt;</relation>
	</Cell>
</map>
<map>
	<Cell>
		<entity1 rdf:resource="http://cmt#readByMeta-Reviewer"/>
		<entity2 rdf:resource="http://confious#goes_through"/>
		<measure rdf:datatype="xsd:float">0.06356584</measure>
		<relation>=</relation>
	</Cell>
</map>
<map>
	<Cell>
		<entity1 rdf:resource="http://cmt#Meta-Review"/>
		<entity2 rdf:resource="http://confious#review_form"/>
		<measure rdf:datatype="xsd:float">0.11020203</measure>
		<relation>=</relation>
	</Cell>
</map>
<map>
	<Cell>
		<entity1 rdf:resource="http://cmt#maxPapers"/>
		<entity2 rdf:resource="http://confious#first_name"/>
		<measure rdf:datatype="xsd:float">0.15191245</measure>
		<relation>=</relation>
	</Cell>
</map>
<map>
	<Cell>
		<entity1 rdf:resource="http://cmt#co-writePaper"/>
		<entity2 rdf:resource="http://confious#is_concerned_paper"/>
		<measure rdf:datatype="xsd:float">0.19143552</measure>
		<relation>=</relation>
	</Cell>
</map>

</Alignment>
</rdf:RDF>
