<?xml version="1.0" encoding="utf-8"?>
<rdf:RDF xmlns="http://knowledgeweb.semanticweb.org/heterogeneity/alignment" 
	 xmlns:rdf="http://www.w3.org/1999/02/22-rdf-syntax-ns#" 
	 xmlns:xsd="http://www.w3.org/2001/XMLSchema#">

<Alignment>
<xml>yes</xml>
<level>0</level>
<type>??</type>

<map>
	<Cell>
		<entity1 rdf:resource="http://confOf#hasEmail"/>
		<entity2 rdf:resource="http://myreview#hasEmail"/>
		<measure rdf:datatype="xsd:float">0.76194996</measure>
		<relation>=</relation>
	</Cell>
</map>
<map>
	<Cell>
		<entity1 rdf:resource="http://confOf#hasPhone"/>
		<entity2 rdf:resource="http://myreview#hasPhone"/>
		<measure rdf:datatype="xsd:float">0.70423216</measure>
		<relation>=</relation>
	</Cell>
</map>
<map>
	<Cell>
		<entity1 rdf:resource="http://confOf#Administrator"/>
		<entity2 rdf:resource="http://myreview#Administrator"/>
		<measure rdf:datatype="xsd:float">0.2973992</measure>
		<relation>&gt;</relation>
	</Cell>
</map>
<map>
	<Cell>
		<entity1 rdf:resource="http://confOf#Short_paper"/>
		<entity2 rdf:resource="http://myreview#PaperStatus"/>
		<measure rdf:datatype="xsd:float">0.16530304</measure>
		<relation>&lt;</relation>
	</Cell>
</map>
<map>
	<Cell>
		<entity1 rdf:resource="http://confOf#hasPostalCode"/>
		<entity2 rdf:resource="http://myreview#hasLastName"/>
		<measure rdf:datatype="xsd:float">0.5401551</measure>
		<relation>=</relation>
	</Cell>
</map>
<map>
	<Cell>
		<entity1 rdf:resource="http://confOf#Tutorial"/>
		<entity2 rdf:resource="http://myreview#Session"/>
		<measure rdf:datatype="xsd:float">0.28091666</measure>
		<relation>&lt;</relation>
	</Cell>
</map>
<map>
	<Cell>
		<entity1 rdf:resource="http://confOf#expertOn"/>
		<entity2 rdf:resource="http://myreview#assigns"/>
		<measure rdf:datatype="xsd:float">0.12895913</measure>
		<relation>=</relation>
	</Cell>
</map>
<map>
	<Cell>
		<entity1 rdf:resource="http://confOf#writes"/>
		<entity2 rdf:resource="http://myreview#writePaper"/>
		<measure rdf:datatype="xsd:float">0.11789263</measure>
		<relation>=</relation>
	</Cell>
</map>
<map>
	<Cell>
		<entity1 rdf:resource="http://confOf#Paper"/>
		<entity2 rdf:resource="http://myreview#Paper"/>
		<measure rdf:datatype="xsd:float">0.44444445</measure>
		<relation>=</relation>
	</Cell>
</map>
<map>
	<Cell>
		<entity1 rdf:resource="http://confOf#hasFirstName"/>
		<entity2 rdf:resource="http://myreview#hasFirstName"/>
		<measure rdf:datatype="xsd:float">0.76194996</measure>
		<relation>=</relation>
	</Cell>
</map>
<map>
	<Cell>
		<entity1 rdf:resource="http://confOf#Registration_of_participants_event"/>
		<entity2 rdf:resource="http://myreview#ListOfAbstracts"/>
		<measure rdf:datatype="xsd:float">0.071596645</measure>
		<relation>=</relation>
	</Cell>
</map>
<map>
	<Cell>
		<entity1 rdf:resource="http://confOf#hasCity"/>
		<entity2 rdf:resource="http://myreview#hasPreferredTopic"/>
		<measure rdf:datatype="xsd:float">0.10711054</measure>
		<relation>=</relation>
	</Cell>
</map>
<map>
	<Cell>
		<entity1 rdf:resource="http://confOf#hasStreet"/>
		<entity2 rdf:resource="http://myreview#hasAdress"/>
		<measure rdf:datatype="xsd:float">0.5377507</measure>
		<relation>=</relation>
	</Cell>
</map>
<map>
	<Cell>
		<entity1 rdf:resource="http://confOf#Person"/>
		<entity2 rdf:resource="http://myreview#Person"/>
		<measure rdf:datatype="xsd:float">0.2858779</measure>
		<relation>=</relation>
	</Cell>
</map>
<map>
	<Cell>
		<entity1 rdf:resource="http://confOf#studyAt"/>
		<entity2 rdf:resource="http://myreview#sets"/>
		<measure rdf:datatype="xsd:float">0.020548368</measure>
		<relation>=</relation>
	</Cell>
</map>
<map>
	<Cell>
		<entity1 rdf:resource="http://confOf#Reviewing_results_event"/>
		<entity2 rdf:resource="http://myreview#ReviewQuestion"/>
		<measure rdf:datatype="xsd:float">0.015588929</measure>
		<relation>=</relation>
	</Cell>
</map>
<map>
	<Cell>
		<entity1 rdf:resource="http://confOf#employedBy"/>
		<entity2 rdf:resource="http://myreview#mustPay"/>
		<measure rdf:datatype="xsd:float">0.03823219</measure>
		<relation>=</relation>
	</Cell>
</map>
<map>
	<Cell>
		<entity1 rdf:resource="http://confOf#Author"/>
		<entity2 rdf:resource="http://myreview#Author"/>
		<measure rdf:datatype="xsd:float">0.34867436</measure>
		<relation>=</relation>
	</Cell>
</map>
<map>
	<Cell>
		<entity1 rdf:resource="http://confOf#Conference"/>
		<entity2 rdf:resource="http://myreview#Conference"/>
		<measure rdf:datatype="xsd:float">0.3333333</measure>
		<relation>&lt;</relation>
	</Cell>
</map>
<map>
	<Cell>
		<entity1 rdf:resource="http://confOf#Topic"/>
		<entity2 rdf:resource="http://myreview#Question"/>
		<measure rdf:datatype="xsd:float">0.3371</measure>
		<relation>=</relation>
	</Cell>
</map>
<map>
	<Cell>
		<entity1 rdf:resource="http://confOf#reviewes"/>
		<entity2 rdf:resource="http://myreview#isMemberOf"/>
		<measure rdf:datatype="xsd:float">0.04585747</measure>
		<relation>=</relation>
	</Cell>
</map>
<map>
	<Cell>
		<entity1 rdf:resource="http://confOf#hasSurname"/>
		<entity2 rdf:resource="http://myreview#hasPassword"/>
		<measure rdf:datatype="xsd:float">0.5197185</measure>
		<relation>=</relation>
	</Cell>
</map>
<map>
	<Cell>
		<entity1 rdf:resource="http://confOf#Member_PC"/>
		<entity2 rdf:resource="http://myreview#ProgramCommitteeMember"/>
		<measure rdf:datatype="xsd:float">0.13557065</measure>
		<relation>=</relation>
	</Cell>
</map>
<map>
	<Cell>
		<entity1 rdf:resource="http://confOf#Scholar"/>
		<entity2 rdf:resource="http://myreview#Chair"/>
		<measure rdf:datatype="xsd:float">0.06021639</measure>
		<relation>&gt;</relation>
	</Cell>
</map>
<map>
	<Cell>
		<entity1 rdf:resource="http://confOf#hasTitle"/>
		<entity2 rdf:resource="http://myreview#hasTitle"/>
		<measure rdf:datatype="xsd:float">0.6666666</measure>
		<relation>=</relation>
	</Cell>
</map>
<map>
	<Cell>
		<entity1 rdf:resource="http://confOf#hasFax"/>
		<entity2 rdf:resource="http://myreview#hasAffiliation"/>
		<measure rdf:datatype="xsd:float">0.5948071</measure>
		<relation>=</relation>
	</Cell>
</map>
<map>
	<Cell>
		<entity1 rdf:resource="http://confOf#hasCountry"/>
		<entity2 rdf:resource="http://myreview#hasConflictedPaper"/>
		<measure rdf:datatype="xsd:float">0.10743733</measure>
		<relation>=</relation>
	</Cell>
</map>

</Alignment>
</rdf:RDF>
