<?xml version="1.0" encoding="utf-8"?>
<rdf:RDF xmlns="http://knowledgeweb.semanticweb.org/heterogeneity/alignment" 
	 xmlns:rdf="http://www.w3.org/1999/02/22-rdf-syntax-ns#" 
	 xmlns:xsd="http://www.w3.org/2001/XMLSchema#">

<Alignment>
<xml>yes</xml>
<level>0</level>
<type>??</type>

<map>
	<Cell>
		<entity1 rdf:resource="http://conference#Reviewed_contribution"/>
		<entity2 rdf:resource="http://confious#paper"/>
		<measure rdf:datatype="xsd:float">0.010391393</measure>
		<relation>=</relation>
	</Cell>
</map>
<map>
	<Cell>
		<entity1 rdf:resource="http://conference#has_a_topic_or_a_submission_contribution"/>
		<entity2 rdf:resource="http://confious#sets_start_date_or_full_paper_submission"/>
		<measure rdf:datatype="xsd:float">0.095119044</measure>
		<relation>&gt;</relation>
	</Cell>
</map>
<map>
	<Cell>
		<entity1 rdf:resource="http://conference#Abstract"/>
		<entity2 rdf:resource="http://confious#end_date_of_abstract_submission"/>
		<measure rdf:datatype="xsd:float">0.036262237</measure>
		<relation>=</relation>
	</Cell>
</map>
<map>
	<Cell>
		<entity1 rdf:resource="http://conference#is_a_topis_of_conference_parts"/>
		<entity2 rdf:resource="http://confious#is_concerned_confernce_setup"/>
		<measure rdf:datatype="xsd:float">0.10131944</measure>
		<relation>=</relation>
	</Cell>
</map>
<map>
	<Cell>
		<entity1 rdf:resource="http://conference#has_members"/>
		<entity2 rdf:resource="http://confious#sets_member_SPC"/>
		<measure rdf:datatype="xsd:float">0.017884512</measure>
		<relation>&gt;</relation>
	</Cell>
</map>
<map>
	<Cell>
		<entity1 rdf:resource="http://conference#Extended_abstract"/>
		<entity2 rdf:resource="http://confious#abstract_submission_date"/>
		<measure rdf:datatype="xsd:float">0.06306618</measure>
		<relation>=</relation>
	</Cell>
</map>
<map>
	<Cell>
		<entity1 rdf:resource="http://conference#has_a_review"/>
		<entity2 rdf:resource="http://confious#is_concerned_review"/>
		<measure rdf:datatype="xsd:float">0.18547758</measure>
		<relation>&gt;</relation>
	</Cell>
</map>
<map>
	<Cell>
		<entity1 rdf:resource="http://conference#has_a_track-workshop-tutorial_topic"/>
		<entity2 rdf:resource="http://confious#includes_topic"/>
		<measure rdf:datatype="xsd:float">0.4173591</measure>
		<relation>=</relation>
	</Cell>
</map>
<map>
	<Cell>
		<entity1 rdf:resource="http://conference#was_a_committee_of"/>
		<entity2 rdf:resource="http://confious#sets_end_date_of_camera_ready_submission"/>
		<measure rdf:datatype="xsd:float">0.023357147</measure>
		<relation>&gt;</relation>
	</Cell>
</map>
<map>
	<Cell>
		<entity1 rdf:resource="http://conference#has_the_first_name"/>
		<entity2 rdf:resource="http://confious#first_name"/>
		<measure rdf:datatype="xsd:float">0.44518518</measure>
		<relation>=</relation>
	</Cell>
</map>
<map>
	<Cell>
		<entity1 rdf:resource="http://conference#was_a_member_of"/>
		<entity2 rdf:resource="http://confious#sets_date_of_notification"/>
		<measure rdf:datatype="xsd:float">0.083166674</measure>
		<relation>&gt;</relation>
	</Cell>
</map>
<map>
	<Cell>
		<entity1 rdf:resource="http://conference#Rejected_contribution"/>
		<entity2 rdf:resource="http://confious#Rejected_Paper"/>
		<measure rdf:datatype="xsd:float">0.11452192</measure>
		<relation>=</relation>
	</Cell>
</map>
<map>
	<Cell>
		<entity1 rdf:resource="http://conference#Conference_announcement"/>
		<entity2 rdf:resource="http://confious#date_of_conference"/>
		<measure rdf:datatype="xsd:float">0.08886957</measure>
		<relation>=</relation>
	</Cell>
</map>
<map>
	<Cell>
		<entity1 rdf:resource="http://conference#Conference_fees"/>
		<entity2 rdf:resource="http://confious#phase_of_conference"/>
		<measure rdf:datatype="xsd:float">0.2666316</measure>
		<relation>=</relation>
	</Cell>
</map>
<map>
	<Cell>
		<entity1 rdf:resource="http://conference#Conference"/>
		<entity2 rdf:resource="http://confious#conference"/>
		<measure rdf:datatype="xsd:float">0.3333333</measure>
		<relation>=</relation>
	</Cell>
</map>
<map>
	<Cell>
		<entity1 rdf:resource="http://conference#Accepted_contribution"/>
		<entity2 rdf:resource="http://confious#Accepted_Paper"/>
		<measure rdf:datatype="xsd:float">0.11452192</measure>
		<relation>=</relation>
	</Cell>
</map>
<map>
	<Cell>
		<entity1 rdf:resource="http://conference#Topic"/>
		<entity2 rdf:resource="http://confious#topic"/>
		<measure rdf:datatype="xsd:float">1.0</measure>
		<relation>=</relation>
	</Cell>
</map>
<map>
	<Cell>
		<entity1 rdf:resource="http://conference#Organization"/>
		<entity2 rdf:resource="http://confious#activity"/>
		<measure rdf:datatype="xsd:float">0.84316665</measure>
		<relation>=</relation>
	</Cell>
</map>
<map>
	<Cell>
		<entity1 rdf:resource="http://conference#Program_committee"/>
		<entity2 rdf:resource="http://confious#Program_Committee_Chair"/>
		<measure rdf:datatype="xsd:float">0.17846377</measure>
		<relation>=</relation>
	</Cell>
</map>
<map>
	<Cell>
		<entity1 rdf:resource="http://conference#has_the_last_name"/>
		<entity2 rdf:resource="http://confious#last_name"/>
		<measure rdf:datatype="xsd:float">0.445098</measure>
		<relation>=</relation>
	</Cell>
</map>
<map>
	<Cell>
		<entity1 rdf:resource="http://conference#Co-chair"/>
		<entity2 rdf:resource="http://confious#Senior_Program_Committee_member"/>
		<measure rdf:datatype="xsd:float">0.042228717</measure>
		<relation>=</relation>
	</Cell>
</map>
<map>
	<Cell>
		<entity1 rdf:resource="http://conference#Person"/>
		<entity2 rdf:resource="http://confious#Contact_Person"/>
		<measure rdf:datatype="xsd:float">0.07428572</measure>
		<relation>&gt;</relation>
	</Cell>
</map>
<map>
	<Cell>
		<entity1 rdf:resource="http://conference#is_the_1th_part_of"/>
		<entity2 rdf:resource="http://confious#is_concerned_paper"/>
		<measure rdf:datatype="xsd:float">0.12450001</measure>
		<relation>=</relation>
	</Cell>
</map>
<map>
	<Cell>
		<entity1 rdf:resource="http://conference#Chair"/>
		<entity2 rdf:resource="http://confious#Regular_Program_Committee_member"/>
		<measure rdf:datatype="xsd:float">0.04215031</measure>
		<relation>=</relation>
	</Cell>
</map>
<map>
	<Cell>
		<entity1 rdf:resource="http://conference#has_a_track-workshop-tutorial_chair"/>
		<entity2 rdf:resource="http://confious#sets_Chair_URL"/>
		<measure rdf:datatype="xsd:float">0.09309721</measure>
		<relation>&gt;</relation>
	</Cell>
</map>
<map>
	<Cell>
		<entity1 rdf:resource="http://conference#has_a_program_committee"/>
		<entity2 rdf:resource="http://confious#sets_member_PCC"/>
		<measure rdf:datatype="xsd:float">0.059922706</measure>
		<relation>&gt;</relation>
	</Cell>
</map>
<map>
	<Cell>
		<entity1 rdf:resource="http://conference#has_authors"/>
		<entity2 rdf:resource="http://confious#has_author"/>
		<measure rdf:datatype="xsd:float">0.16803029</measure>
		<relation>=</relation>
	</Cell>
</map>
<map>
	<Cell>
		<entity1 rdf:resource="http://conference#is_submitted_at"/>
		<entity2 rdf:resource="http://confious#is_concerned_conference"/>
		<measure rdf:datatype="xsd:float">0.110869564</measure>
		<relation>&gt;</relation>
	</Cell>
</map>
<map>
	<Cell>
		<entity1 rdf:resource="http://conference#Committee_member"/>
		<entity2 rdf:resource="http://confious#Program_Committee_member"/>
		<measure rdf:datatype="xsd:float">0.12582593</measure>
		<relation>=</relation>
	</Cell>
</map>
<map>
	<Cell>
		<entity1 rdf:resource="http://conference#has_an_abstract"/>
		<entity2 rdf:resource="http://confious#gives_classification"/>
		<measure rdf:datatype="xsd:float">0.11303335</measure>
		<relation>=</relation>
	</Cell>
</map>
<map>
	<Cell>
		<entity1 rdf:resource="http://conference#was_a_track-workshop_chair_of"/>
		<entity2 rdf:resource="http://confious#sets_start_date_of_abstract_submission"/>
		<measure rdf:datatype="xsd:float">0.055789474</measure>
		<relation>&gt;</relation>
	</Cell>
</map>
<map>
	<Cell>
		<entity1 rdf:resource="http://conference#Paper"/>
		<entity2 rdf:resource="http://confious#article"/>
		<measure rdf:datatype="xsd:float">0.33660004</measure>
		<relation>&lt;</relation>
	</Cell>
</map>
<map>
	<Cell>
		<entity1 rdf:resource="http://conference#Call_for_paper"/>
		<entity2 rdf:resource="http://confious#full_paper_submission_date"/>
		<measure rdf:datatype="xsd:float">0.071483515</measure>
		<relation>=</relation>
	</Cell>
</map>
<map>
	<Cell>
		<entity1 rdf:resource="http://conference#has_an_email"/>
		<entity2 rdf:resource="http://confious#e-mail"/>
		<measure rdf:datatype="xsd:float">0.33444443</measure>
		<relation>=</relation>
	</Cell>
</map>
<map>
	<Cell>
		<entity1 rdf:resource="http://conference#Review"/>
		<entity2 rdf:resource="http://confious#review"/>
		<measure rdf:datatype="xsd:float">0.22222224</measure>
		<relation>=</relation>
	</Cell>
</map>

</Alignment>
</rdf:RDF>
