<?xml version="1.0" encoding="utf-8"?>
<rdf:RDF xmlns="http://knowledgeweb.semanticweb.org/heterogeneity/alignment" 
	 xmlns:rdf="http://www.w3.org/1999/02/22-rdf-syntax-ns#" 
	 xmlns:xsd="http://www.w3.org/2001/XMLSchema#">

<Alignment>
<xml>yes</xml>
<level>0</level>
<type>??</type>

<map>
	<Cell>
		<entity1 rdf:resource="http://confOf#hasEmail"/>
		<entity2 rdf:resource="http://micro#hasMail"/>
		<measure rdf:datatype="xsd:float">0.57793623</measure>
		<relation>=</relation>
	</Cell>
</map>
<map>
	<Cell>
		<entity1 rdf:resource="http://confOf#Workshop"/>
		<entity2 rdf:resource="http://micro#WorkShop"/>
		<measure rdf:datatype="xsd:float">0.22222224</measure>
		<relation>=</relation>
	</Cell>
</map>
<map>
	<Cell>
		<entity1 rdf:resource="http://confOf#hasHomePage"/>
		<entity2 rdf:resource="http://micro#worksForCompany"/>
		<measure rdf:datatype="xsd:float">0.4109085</measure>
		<relation>=</relation>
	</Cell>
</map>
<map>
	<Cell>
		<entity1 rdf:resource="http://confOf#Volunteer"/>
		<entity2 rdf:resource="http://micro#OutsideReferee"/>
		<measure rdf:datatype="xsd:float">0.07716249</measure>
		<relation>=</relation>
	</Cell>
</map>
<map>
	<Cell>
		<entity1 rdf:resource="http://confOf#Participant"/>
		<entity2 rdf:resource="http://micro#Organizer"/>
		<measure rdf:datatype="xsd:float">0.048530396</measure>
		<relation>=</relation>
	</Cell>
</map>
<map>
	<Cell>
		<entity1 rdf:resource="http://confOf#Contribution"/>
		<entity2 rdf:resource="http://micro#ActivitySubmissionForm"/>
		<measure rdf:datatype="xsd:float">0.026234362</measure>
		<relation>=</relation>
	</Cell>
</map>
<map>
	<Cell>
		<entity1 rdf:resource="http://confOf#writtenBy"/>
		<entity2 rdf:resource="http://micro#hasAuthor"/>
		<measure rdf:datatype="xsd:float">0.10930271</measure>
		<relation>=</relation>
	</Cell>
</map>
<map>
	<Cell>
		<entity1 rdf:resource="http://confOf#Tutorial"/>
		<entity2 rdf:resource="http://micro#Tutorial"/>
		<measure rdf:datatype="xsd:float">0.22222224</measure>
		<relation>=</relation>
	</Cell>
</map>
<map>
	<Cell>
		<entity1 rdf:resource="http://confOf#Member"/>
		<entity2 rdf:resource="http://micro#CommitteeMember"/>
		<measure rdf:datatype="xsd:float">0.20416333</measure>
		<relation>=</relation>
	</Cell>
</map>
<map>
	<Cell>
		<entity1 rdf:resource="http://confOf#Submission_event"/>
		<entity2 rdf:resource="http://micro#PaperSubmissionChair"/>
		<measure rdf:datatype="xsd:float">0.08950001</measure>
		<relation>=</relation>
	</Cell>
</map>
<map>
	<Cell>
		<entity1 rdf:resource="http://confOf#Conference"/>
		<entity2 rdf:resource="http://micro#Conference"/>
		<measure rdf:datatype="xsd:float">0.3333333</measure>
		<relation>&lt;</relation>
	</Cell>
</map>
<map>
	<Cell>
		<entity1 rdf:resource="http://confOf#Poster"/>
		<entity2 rdf:resource="http://micro#WorksopProposal"/>
		<measure rdf:datatype="xsd:float">0.010004143</measure>
		<relation>=</relation>
	</Cell>
</map>
<map>
	<Cell>
		<entity1 rdf:resource="http://confOf#hasTitle"/>
		<entity2 rdf:resource="http://micro#submissionDeadline"/>
		<measure rdf:datatype="xsd:float">0.23252265</measure>
		<relation>=</relation>
	</Cell>
</map>
<map>
	<Cell>
		<entity1 rdf:resource="http://confOf#Organization"/>
		<entity2 rdf:resource="http://micro#Activity"/>
		<measure rdf:datatype="xsd:float">0.19317117</measure>
		<relation>=</relation>
	</Cell>
</map>
<map>
	<Cell>
		<entity1 rdf:resource="http://confOf#Registration_of_participants_event"/>
		<entity2 rdf:resource="http://micro#RegistrationChair"/>
		<measure rdf:datatype="xsd:float">0.05637255</measure>
		<relation>=</relation>
	</Cell>
</map>
<map>
	<Cell>
		<entity1 rdf:resource="http://confOf#dealsWith"/>
		<entity2 rdf:resource="http://micro#isSubmittedBy"/>
		<measure rdf:datatype="xsd:float">0.010072519</measure>
		<relation>=</relation>
	</Cell>
</map>
<map>
	<Cell>
		<entity1 rdf:resource="http://confOf#hasStreet"/>
		<entity2 rdf:resource="http://micro#ends"/>
		<measure rdf:datatype="xsd:float">0.28696835</measure>
		<relation>=</relation>
	</Cell>
</map>
<map>
	<Cell>
		<entity1 rdf:resource="http://confOf#University"/>
		<entity2 rdf:resource="http://micro#QualitatvieLecture"/>
		<measure rdf:datatype="xsd:float">0.06499304</measure>
		<relation>&gt;</relation>
	</Cell>
</map>
<map>
	<Cell>
		<entity1 rdf:resource="http://confOf#hasTopic"/>
		<entity2 rdf:resource="http://micro#hasTopic"/>
		<measure rdf:datatype="xsd:float">0.6666666</measure>
		<relation>=</relation>
	</Cell>
</map>
<map>
	<Cell>
		<entity1 rdf:resource="http://confOf#Person"/>
		<entity2 rdf:resource="http://micro#Person"/>
		<measure rdf:datatype="xsd:float">0.23009846</measure>
		<relation>=</relation>
	</Cell>
</map>
<map>
	<Cell>
		<entity1 rdf:resource="http://confOf#writes"/>
		<entity2 rdf:resource="http://micro#isAuthorOf"/>
		<measure rdf:datatype="xsd:float">0.109636046</measure>
		<relation>=</relation>
	</Cell>
</map>
<map>
	<Cell>
		<entity1 rdf:resource="http://confOf#Paper"/>
		<entity2 rdf:resource="http://micro#Paper"/>
		<measure rdf:datatype="xsd:float">0.23178194</measure>
		<relation>=</relation>
	</Cell>
</map>
<map>
	<Cell>
		<entity1 rdf:resource="http://confOf#hasFirstName"/>
		<entity2 rdf:resource="http://micro#hasName"/>
		<measure rdf:datatype="xsd:float">0.58796406</measure>
		<relation>=</relation>
	</Cell>
</map>
<map>
	<Cell>
		<entity1 rdf:resource="http://confOf#hasCity"/>
		<entity2 rdf:resource="http://micro#isPartOf"/>
		<measure rdf:datatype="xsd:float">0.06479241</measure>
		<relation>=</relation>
	</Cell>
</map>
<map>
	<Cell>
		<entity1 rdf:resource="http://confOf#Topic"/>
		<entity2 rdf:resource="http://micro#Topic"/>
		<measure rdf:datatype="xsd:float">1.0</measure>
		<relation>=</relation>
	</Cell>
</map>
<map>
	<Cell>
		<entity1 rdf:resource="http://confOf#Regular"/>
		<entity2 rdf:resource="http://micro#Reviewer"/>
		<measure rdf:datatype="xsd:float">0.017107733</measure>
		<relation>=</relation>
	</Cell>
</map>
<map>
	<Cell>
		<entity1 rdf:resource="http://confOf#hasCountry"/>
		<entity2 rdf:resource="http://micro#hasMembers"/>
		<measure rdf:datatype="xsd:float">0.16633335</measure>
		<relation>=</relation>
	</Cell>
</map>
<map>
	<Cell>
		<entity1 rdf:resource="http://confOf#Company"/>
		<entity2 rdf:resource="http://micro#TraditionalLecture"/>
		<measure rdf:datatype="xsd:float">0.06449921</measure>
		<relation>&gt;</relation>
	</Cell>
</map>
<map>
	<Cell>
		<entity1 rdf:resource="http://confOf#Author"/>
		<entity2 rdf:resource="http://micro#Author"/>
		<measure rdf:datatype="xsd:float">0.29915684</measure>
		<relation>=</relation>
	</Cell>
</map>
<map>
	<Cell>
		<entity1 rdf:resource="http://confOf#Short_paper"/>
		<entity2 rdf:resource="http://micro#TutorialProposal"/>
		<measure rdf:datatype="xsd:float">0.010115254</measure>
		<relation>=</relation>
	</Cell>
</map>
<map>
	<Cell>
		<entity1 rdf:resource="http://confOf#hasPostalCode"/>
		<entity2 rdf:resource="http://micro#begins"/>
		<measure rdf:datatype="xsd:float">0.28685436</measure>
		<relation>=</relation>
	</Cell>
</map>

</Alignment>
</rdf:RDF>
