<?xml version="1.0" encoding="utf-8"?>
<rdf:RDF xmlns="http://knowledgeweb.semanticweb.org/heterogeneity/alignment" 
	 xmlns:rdf="http://www.w3.org/1999/02/22-rdf-syntax-ns#" 
	 xmlns:xsd="http://www.w3.org/2001/XMLSchema#">

<Alignment>
<xml>yes</xml>
<level>0</level>
<type>??</type>

<map>
	<Cell>
		<entity1 rdf:resource="http://cocus#inverse_of_add"/>
		<entity2 rdf:resource="http://iasted#need"/>
		<measure rdf:datatype="xsd:float">0.08197115</measure>
		<relation>=</relation>
	</Cell>
</map>
<map>
	<Cell>
		<entity1 rdf:resource="http://cocus#Person"/>
		<entity2 rdf:resource="http://iasted#Person"/>
		<measure rdf:datatype="xsd:float">0.24259013</measure>
		<relation>=</relation>
	</Cell>
</map>
<map>
	<Cell>
		<entity1 rdf:resource="http://cocus#Head_Role"/>
		<entity2 rdf:resource="http://iasted#Hotel_room"/>
		<measure rdf:datatype="xsd:float">0.067957655</measure>
		<relation>=</relation>
	</Cell>
</map>
<map>
	<Cell>
		<entity1 rdf:resource="http://cocus#submited__by"/>
		<entity2 rdf:resource="http://iasted#is_signed_by"/>
		<measure rdf:datatype="xsd:float">0.0893889</measure>
		<relation>=</relation>
	</Cell>
</map>
<map>
	<Cell>
		<entity1 rdf:resource="http://cocus#get"/>
		<entity2 rdf:resource="http://iasted#obtain"/>
		<measure rdf:datatype="xsd:float">0.40827435</measure>
		<relation>=</relation>
	</Cell>
</map>
<map>
	<Cell>
		<entity1 rdf:resource="http://cocus#Activity"/>
		<entity2 rdf:resource="http://iasted#Activity"/>
		<measure rdf:datatype="xsd:float">0.4376936</measure>
		<relation>=</relation>
	</Cell>
</map>
<map>
	<Cell>
		<entity1 rdf:resource="http://cocus#Event_Approval"/>
		<entity2 rdf:resource="http://iasted#Tutorial"/>
		<measure rdf:datatype="xsd:float">0.14660627</measure>
		<relation>&gt;</relation>
	</Cell>
</map>
<map>
	<Cell>
		<entity1 rdf:resource="http://cocus#use"/>
		<entity2 rdf:resource="http://iasted#occupy"/>
		<measure rdf:datatype="xsd:float">0.36207432</measure>
		<relation>=</relation>
	</Cell>
</map>
<map>
	<Cell>
		<entity1 rdf:resource="http://cocus#Author"/>
		<entity2 rdf:resource="http://iasted#Author"/>
		<measure rdf:datatype="xsd:float">0.2345117</measure>
		<relation>&gt;</relation>
	</Cell>
</map>
<map>
	<Cell>
		<entity1 rdf:resource="http://cocus#used_by"/>
		<entity2 rdf:resource="http://iasted#is_used_by"/>
		<measure rdf:datatype="xsd:float">0.25935212</measure>
		<relation>=</relation>
	</Cell>
</map>
<map>
	<Cell>
		<entity1 rdf:resource="http://cocus#send"/>
		<entity2 rdf:resource="http://iasted#send"/>
		<measure rdf:datatype="xsd:float">0.4143521</measure>
		<relation>=</relation>
	</Cell>
</map>
<map>
	<Cell>
		<entity1 rdf:resource="http://cocus#take_part_in"/>
		<entity2 rdf:resource="http://iasted#is_present_in"/>
		<measure rdf:datatype="xsd:float">0.19204442</measure>
		<relation>=</relation>
	</Cell>
</map>
<map>
	<Cell>
		<entity1 rdf:resource="http://cocus#remove"/>
		<entity2 rdf:resource="http://iasted#is_present"/>
		<measure rdf:datatype="xsd:float">0.08168544</measure>
		<relation>=</relation>
	</Cell>
</map>
<map>
	<Cell>
		<entity1 rdf:resource="http://cocus#Review_Form_Setup"/>
		<entity2 rdf:resource="http://iasted#Author_information_form"/>
		<measure rdf:datatype="xsd:float">0.07381643</measure>
		<relation>=</relation>
	</Cell>
</map>
<map>
	<Cell>
		<entity1 rdf:resource="http://cocus#Registration"/>
		<entity2 rdf:resource="http://iasted#Registration"/>
		<measure rdf:datatype="xsd:float">0.3681936</measure>
		<relation>&gt;</relation>
	</Cell>
</map>
<map>
	<Cell>
		<entity1 rdf:resource="http://cocus#execute"/>
		<entity2 rdf:resource="http://iasted#give"/>
		<measure rdf:datatype="xsd:float">0.5079663</measure>
		<relation>=</relation>
	</Cell>
</map>
<map>
	<Cell>
		<entity1 rdf:resource="http://cocus#modify"/>
		<entity2 rdf:resource="http://iasted#prepare"/>
		<measure rdf:datatype="xsd:float">0.3615188</measure>
		<relation>=</relation>
	</Cell>
</map>
<map>
	<Cell>
		<entity1 rdf:resource="http://cocus#Role"/>
		<entity2 rdf:resource="http://iasted#Place"/>
		<measure rdf:datatype="xsd:float">0.20101188</measure>
		<relation>=</relation>
	</Cell>
</map>
<map>
	<Cell>
		<entity1 rdf:resource="http://cocus#Paper"/>
		<entity2 rdf:resource="http://iasted#Bank_transfer"/>
		<measure rdf:datatype="xsd:float">0.08051845</measure>
		<relation>&gt;</relation>
	</Cell>
</map>
<map>
	<Cell>
		<entity1 rdf:resource="http://cocus#Submission"/>
		<entity2 rdf:resource="http://iasted#Submission"/>
		<measure rdf:datatype="xsd:float">0.30222785</measure>
		<relation>&gt;</relation>
	</Cell>
</map>
<map>
	<Cell>
		<entity1 rdf:resource="http://cocus#Email"/>
		<entity2 rdf:resource="http://iasted#Mailing_list"/>
		<measure rdf:datatype="xsd:float">0.080561176</measure>
		<relation>&gt;</relation>
	</Cell>
</map>
<map>
	<Cell>
		<entity1 rdf:resource="http://cocus#Reviewer_Role"/>
		<entity2 rdf:resource="http://iasted#Presenter_house"/>
		<measure rdf:datatype="xsd:float">0.0681058</measure>
		<relation>&gt;</relation>
	</Cell>
</map>
<map>
	<Cell>
		<entity1 rdf:resource="http://cocus#Document"/>
		<entity2 rdf:resource="http://iasted#Document"/>
		<measure rdf:datatype="xsd:float">0.24010478</measure>
		<relation>&gt;</relation>
	</Cell>
</map>
<map>
	<Cell>
		<entity1 rdf:resource="http://cocus#Corresponding_Author"/>
		<entity2 rdf:resource="http://iasted#Author_cd_proceedings_included"/>
		<measure rdf:datatype="xsd:float">0.11647328</measure>
		<relation>&gt;</relation>
	</Cell>
</map>
<map>
	<Cell>
		<entity1 rdf:resource="http://cocus#register"/>
		<entity2 rdf:resource="http://iasted#sign"/>
		<measure rdf:datatype="xsd:float">0.08143544</measure>
		<relation>=</relation>
	</Cell>
</map>
<map>
	<Cell>
		<entity1 rdf:resource="http://cocus#Committe_Role"/>
		<entity2 rdf:resource="http://iasted#Conference_hotel"/>
		<measure rdf:datatype="xsd:float">0.067902096</measure>
		<relation>&gt;</relation>
	</Cell>
</map>
<map>
	<Cell>
		<entity1 rdf:resource="http://cocus#Admin_Role"/>
		<entity2 rdf:resource="http://iasted#Session_room"/>
		<measure rdf:datatype="xsd:float">0.06799469</measure>
		<relation>=</relation>
	</Cell>
</map>
<map>
	<Cell>
		<entity1 rdf:resource="http://cocus#Event_Creation"/>
		<entity2 rdf:resource="http://iasted#Presentation"/>
		<measure rdf:datatype="xsd:float">0.14708246</measure>
		<relation>&gt;</relation>
	</Cell>
</map>
<map>
	<Cell>
		<entity1 rdf:resource="http://cocus#Committee"/>
		<entity2 rdf:resource="http://iasted#Reviewer"/>
		<measure rdf:datatype="xsd:float">0.02069148</measure>
		<relation>&gt;</relation>
	</Cell>
</map>
<map>
	<Cell>
		<entity1 rdf:resource="http://cocus#sent_by"/>
		<entity2 rdf:resource="http://iasted#is_given_by"/>
		<measure rdf:datatype="xsd:float">0.31650528</measure>
		<relation>=</relation>
	</Cell>
</map>
<map>
	<Cell>
		<entity1 rdf:resource="http://cocus#assigned_by"/>
		<entity2 rdf:resource="http://iasted#is_equipped_by"/>
		<measure rdf:datatype="xsd:float">0.15673542</measure>
		<relation>=</relation>
	</Cell>
</map>
<map>
	<Cell>
		<entity1 rdf:resource="http://cocus#recieved_by"/>
		<entity2 rdf:resource="http://iasted#is_writen_by"/>
		<measure rdf:datatype="xsd:float">0.08911112</measure>
		<relation>=</relation>
	</Cell>
</map>
<map>
	<Cell>
		<entity1 rdf:resource="http://cocus#removed_by"/>
		<entity2 rdf:resource="http://iasted#is_connected_with"/>
		<measure rdf:datatype="xsd:float">0.08180308</measure>
		<relation>=</relation>
	</Cell>
</map>
<map>
	<Cell>
		<entity1 rdf:resource="http://cocus#Template"/>
		<entity2 rdf:resource="http://iasted#Transparency"/>
		<measure rdf:datatype="xsd:float">0.080561176</measure>
		<relation>&gt;</relation>
	</Cell>
</map>
<map>
	<Cell>
		<entity1 rdf:resource="http://cocus#Author_Role"/>
		<entity2 rdf:resource="http://iasted#Sponsor_company_house"/>
		<measure rdf:datatype="xsd:float">0.067597866</measure>
		<relation>&gt;</relation>
	</Cell>
</map>
<map>
	<Cell>
		<entity1 rdf:resource="http://cocus#Review"/>
		<entity2 rdf:resource="http://iasted#Review"/>
		<measure rdf:datatype="xsd:float">0.30222785</measure>
		<relation>&gt;</relation>
	</Cell>
</map>
<map>
	<Cell>
		<entity1 rdf:resource="http://cocus#create"/>
		<entity2 rdf:resource="http://iasted#write"/>
		<measure rdf:datatype="xsd:float">0.28216666</measure>
		<relation>=</relation>
	</Cell>
</map>
<map>
	<Cell>
		<entity1 rdf:resource="http://cocus#has_result"/>
		<entity2 rdf:resource="http://iasted#is_held_after"/>
		<measure rdf:datatype="xsd:float">0.14674057</measure>
		<relation>=</relation>
	</Cell>
</map>
<map>
	<Cell>
		<entity1 rdf:resource="http://cocus#User"/>
		<entity2 rdf:resource="http://iasted#Speaker"/>
		<measure rdf:datatype="xsd:float">0.06070499</measure>
		<relation>&gt;</relation>
	</Cell>
</map>

</Alignment>
</rdf:RDF>
