<?xml version="1.0" encoding="utf-8"?>
<rdf:RDF xmlns="http://knowledgeweb.semanticweb.org/heterogeneity/alignment" 
	 xmlns:rdf="http://www.w3.org/1999/02/22-rdf-syntax-ns#" 
	 xmlns:xsd="http://www.w3.org/2001/XMLSchema#">

<Alignment>
<xml>yes</xml>
<level>0</level>
<type>??</type>

<map>
	<Cell>
		<entity1 rdf:resource="http://confious#Contact_Person"/>
		<entity2 rdf:resource="http://crs_dr#person"/>
		<measure rdf:datatype="xsd:float">0.11142858</measure>
		<relation>&lt;</relation>
	</Cell>
</map>
<map>
	<Cell>
		<entity1 rdf:resource="http://confious#is_concerned_review"/>
		<entity2 rdf:resource="http://crs_dr#review_written_by"/>
		<measure rdf:datatype="xsd:float">0.11035088</measure>
		<relation>&lt;</relation>
	</Cell>
</map>
<map>
	<Cell>
		<entity1 rdf:resource="http://confious#is_concerned_confernce_setup"/>
		<entity2 rdf:resource="http://crs_dr#program_created_by"/>
		<measure rdf:datatype="xsd:float">0.019385783</measure>
		<relation>=</relation>
	</Cell>
</map>
<map>
	<Cell>
		<entity1 rdf:resource="http://confious#structure_created_by"/>
		<entity2 rdf:resource="http://crs_dr#article_written_by"/>
		<measure rdf:datatype="xsd:float">0.4448333</measure>
		<relation>=</relation>
	</Cell>
</map>
<map>
	<Cell>
		<entity1 rdf:resource="http://confious#sets_date_of_notification"/>
		<entity2 rdf:resource="http://crs_dr#part_of_article"/>
		<measure rdf:datatype="xsd:float">0.07178094</measure>
		<relation>&lt;</relation>
	</Cell>
</map>
<map>
	<Cell>
		<entity1 rdf:resource="http://confious#abstract_submission_date"/>
		<entity2 rdf:resource="http://crs_dr#abstract"/>
		<measure rdf:datatype="xsd:float">0.05611111</measure>
		<relation>=</relation>
	</Cell>
</map>
<map>
	<Cell>
		<entity1 rdf:resource="http://confious#article"/>
		<entity2 rdf:resource="http://crs_dr#article"/>
		<measure rdf:datatype="xsd:float">1.0</measure>
		<relation>&gt;</relation>
	</Cell>
</map>
<map>
	<Cell>
		<entity1 rdf:resource="http://confious#conference"/>
		<entity2 rdf:resource="http://crs_dr#conference"/>
		<measure rdf:datatype="xsd:float">0.3333333</measure>
		<relation>&gt;</relation>
	</Cell>
</map>
<map>
	<Cell>
		<entity1 rdf:resource="http://confious#has_author"/>
		<entity2 rdf:resource="http://crs_dr#has_author"/>
		<measure rdf:datatype="xsd:float">0.6666666</measure>
		<relation>=</relation>
	</Cell>
</map>
<map>
	<Cell>
		<entity1 rdf:resource="http://confious#is_concerned_conference"/>
		<entity2 rdf:resource="http://crs_dr#submits_to_conference"/>
		<measure rdf:datatype="xsd:float">0.22285023</measure>
		<relation>&lt;</relation>
	</Cell>
</map>
<map>
	<Cell>
		<entity1 rdf:resource="http://confious#gives_classification"/>
		<entity2 rdf:resource="http://crs_dr#has_abstract"/>
		<measure rdf:datatype="xsd:float">0.33433333</measure>
		<relation>=</relation>
	</Cell>
</map>
<map>
	<Cell>
		<entity1 rdf:resource="http://confious#sets_member_PCC"/>
		<entity2 rdf:resource="http://crs_dr#creates_program"/>
		<measure rdf:datatype="xsd:float">0.019115942</measure>
		<relation>&lt;</relation>
	</Cell>
</map>
<map>
	<Cell>
		<entity1 rdf:resource="http://confious#Program_Committee_Chair"/>
		<entity2 rdf:resource="http://crs_dr#program"/>
		<measure rdf:datatype="xsd:float">0.056014493</measure>
		<relation>&lt;</relation>
	</Cell>
</map>
<map>
	<Cell>
		<entity1 rdf:resource="http://confious#is_in_phase"/>
		<entity2 rdf:resource="http://crs_dr#has_program"/>
		<measure rdf:datatype="xsd:float">0.11171716</measure>
		<relation>=</relation>
	</Cell>
</map>
<map>
	<Cell>
		<entity1 rdf:resource="http://confious#is_created_in"/>
		<entity2 rdf:resource="http://crs_dr#has_reviewer"/>
		<measure rdf:datatype="xsd:float">0.33435896</measure>
		<relation>=</relation>
	</Cell>
</map>

</Alignment>
</rdf:RDF>
