<?xml version="1.0" encoding="utf-8"?>
<rdf:RDF xmlns="http://knowledgeweb.semanticweb.org/heterogeneity/alignment" 
	 xmlns:rdf="http://www.w3.org/1999/02/22-rdf-syntax-ns#" 
	 xmlns:xsd="http://www.w3.org/2001/XMLSchema#">

<Alignment>
<xml>yes</xml>
<level>0</level>
<type>??</type>

<map>
	<Cell>
		<entity1 rdf:resource="http://crs_dr#pc_meeting"/>
		<entity2 rdf:resource="http://edas#OrganizationalMeeting"/>
		<measure rdf:datatype="xsd:float">0.4983334</measure>
		<relation>=</relation>
	</Cell>
</map>
<map>
	<Cell>
		<entity1 rdf:resource="http://crs_dr#program"/>
		<entity2 rdf:resource="http://edas#Programme"/>
		<measure rdf:datatype="xsd:float">0.9878778</measure>
		<relation>&gt;</relation>
	</Cell>
</map>
<map>
	<Cell>
		<entity1 rdf:resource="http://crs_dr#article_written_by"/>
		<entity2 rdf:resource="http://edas#isWrittenBy"/>
		<measure rdf:datatype="xsd:float">0.6356852</measure>
		<relation>=</relation>
	</Cell>
</map>
<map>
	<Cell>
		<entity1 rdf:resource="http://crs_dr#chair"/>
		<entity2 rdf:resource="http://edas#SessionChair"/>
		<measure rdf:datatype="xsd:float">0.5248585</measure>
		<relation>=</relation>
	</Cell>
</map>
<map>
	<Cell>
		<entity1 rdf:resource="http://crs_dr#has_startdate"/>
		<entity2 rdf:resource="http://edas#startDate"/>
		<measure rdf:datatype="xsd:float">0.6666666</measure>
		<relation>=</relation>
	</Cell>
</map>
<map>
	<Cell>
		<entity1 rdf:resource="http://crs_dr#person"/>
		<entity2 rdf:resource="http://edas#Person"/>
		<measure rdf:datatype="xsd:float">0.643653</measure>
		<relation>=</relation>
	</Cell>
</map>
<map>
	<Cell>
		<entity1 rdf:resource="http://crs_dr#review"/>
		<entity2 rdf:resource="http://edas#Review"/>
		<measure rdf:datatype="xsd:float">1.0</measure>
		<relation>=</relation>
	</Cell>
</map>
<map>
	<Cell>
		<entity1 rdf:resource="http://crs_dr#reviewer"/>
		<entity2 rdf:resource="http://edas#Reviewer"/>
		<measure rdf:datatype="xsd:float">0.4</measure>
		<relation>&lt;</relation>
	</Cell>
</map>
<map>
	<Cell>
		<entity1 rdf:resource="http://crs_dr#has_program"/>
		<entity2 rdf:resource="http://edas#hasProgramme"/>
		<measure rdf:datatype="xsd:float">0.5416814</measure>
		<relation>=</relation>
	</Cell>
</map>
<map>
	<Cell>
		<entity1 rdf:resource="http://crs_dr#session"/>
		<entity2 rdf:resource="http://edas#ConferenceSession"/>
		<measure rdf:datatype="xsd:float">0.33411768</measure>
		<relation>&lt;</relation>
	</Cell>
</map>
<map>
	<Cell>
		<entity1 rdf:resource="http://crs_dr#author"/>
		<entity2 rdf:resource="http://edas#Author"/>
		<measure rdf:datatype="xsd:float">0.4</measure>
		<relation>&lt;</relation>
	</Cell>
</map>
<map>
	<Cell>
		<entity1 rdf:resource="http://crs_dr#writes_review"/>
		<entity2 rdf:resource="http://edas#hasReviewHistory"/>
		<measure rdf:datatype="xsd:float">0.2779107</measure>
		<relation>=</relation>
	</Cell>
</map>
<map>
	<Cell>
		<entity1 rdf:resource="http://crs_dr#article"/>
		<entity2 rdf:resource="http://edas#Paper"/>
		<measure rdf:datatype="xsd:float">0.8415001</measure>
		<relation>=</relation>
	</Cell>
</map>
<map>
	<Cell>
		<entity1 rdf:resource="http://crs_dr#conference"/>
		<entity2 rdf:resource="http://edas#ConferenceDinner"/>
		<measure rdf:datatype="xsd:float">0.33625004</measure>
		<relation>=</relation>
	</Cell>
</map>
<map>
	<Cell>
		<entity1 rdf:resource="http://crs_dr#has_enddate"/>
		<entity2 rdf:resource="http://edas#endDate"/>
		<measure rdf:datatype="xsd:float">0.6666666</measure>
		<relation>=</relation>
	</Cell>
</map>
<map>
	<Cell>
		<entity1 rdf:resource="http://crs_dr#assigns_reviewers_to_article"/>
		<entity2 rdf:resource="http://edas#initiates"/>
		<measure rdf:datatype="xsd:float">0.1732727</measure>
		<relation>=</relation>
	</Cell>
</map>
<map>
	<Cell>
		<entity1 rdf:resource="http://crs_dr#has_author"/>
		<entity2 rdf:resource="http://edas#isReviewedBy"/>
		<measure rdf:datatype="xsd:float">0.40868068</measure>
		<relation>=</relation>
	</Cell>
</map>
<map>
	<Cell>
		<entity1 rdf:resource="http://crs_dr#has_session"/>
		<entity2 rdf:resource="http://edas#belongsToEvent"/>
		<measure rdf:datatype="xsd:float">0.32976878</measure>
		<relation>=</relation>
	</Cell>
</map>
<map>
	<Cell>
		<entity1 rdf:resource="http://crs_dr#assigns_article_to_conference"/>
		<entity2 rdf:resource="http://edas#hasRelatedPaper"/>
		<measure rdf:datatype="xsd:float">0.414523</measure>
		<relation>=</relation>
	</Cell>
</map>
<map>
	<Cell>
		<entity1 rdf:resource="http://crs_dr#participant"/>
		<entity2 rdf:resource="http://edas#Attendee"/>
		<measure rdf:datatype="xsd:float">0.72851914</measure>
		<relation>=</relation>
	</Cell>
</map>
<map>
	<Cell>
		<entity1 rdf:resource="http://crs_dr#submits_to_conference"/>
		<entity2 rdf:resource="http://edas#isMemberOf"/>
		<measure rdf:datatype="xsd:float">0.11174603</measure>
		<relation>=</relation>
	</Cell>
</map>

</Alignment>
</rdf:RDF>
