<?xml version="1.0" encoding="utf-8"?>
<rdf:RDF xmlns="http://knowledgeweb.semanticweb.org/heterogeneity/alignment" 
	 xmlns:rdf="http://www.w3.org/1999/02/22-rdf-syntax-ns#" 
	 xmlns:xsd="http://www.w3.org/2001/XMLSchema#">

<Alignment>
<xml>yes</xml>
<level>0</level>
<type>??</type>

<map>
	<Cell>
		<entity1 rdf:resource="http://edas#isMenuOf"/>
		<entity2 rdf:resource="http://iasted#is_made_from"/>
		<measure rdf:datatype="xsd:float">0.11138889</measure>
		<relation>=</relation>
	</Cell>
</map>
<map>
	<Cell>
		<entity1 rdf:resource="http://edas#initiates"/>
		<entity2 rdf:resource="http://iasted#prepare"/>
		<measure rdf:datatype="xsd:float">0.28124076</measure>
		<relation>=</relation>
	</Cell>
</map>
<map>
	<Cell>
		<entity1 rdf:resource="http://edas#Author"/>
		<entity2 rdf:resource="http://iasted#Author_attendee_cd_registration_fee"/>
		<measure rdf:datatype="xsd:float">0.01504762</measure>
		<relation>&gt;</relation>
	</Cell>
</map>
<map>
	<Cell>
		<entity1 rdf:resource="http://edas#ConferenceSession"/>
		<entity2 rdf:resource="http://iasted#Conference_city"/>
		<measure rdf:datatype="xsd:float">0.14327729</measure>
		<relation>&gt;</relation>
	</Cell>
</map>
<map>
	<Cell>
		<entity1 rdf:resource="http://edas#Country"/>
		<entity2 rdf:resource="http://iasted#State"/>
		<measure rdf:datatype="xsd:float">0.6543524</measure>
		<relation>=</relation>
	</Cell>
</map>
<map>
	<Cell>
		<entity1 rdf:resource="http://edas#CallForPapers"/>
		<entity2 rdf:resource="http://iasted#Fee_for_extra_trip"/>
		<measure rdf:datatype="xsd:float">0.0716402</measure>
		<relation>=</relation>
	</Cell>
</map>
<map>
	<Cell>
		<entity1 rdf:resource="http://edas#MeetingRoomPlace"/>
		<entity2 rdf:resource="http://iasted#Single_hotel_room"/>
		<measure rdf:datatype="xsd:float">0.15485446</measure>
		<relation>&gt;</relation>
	</Cell>
</map>
<map>
	<Cell>
		<entity1 rdf:resource="http://edas#SocialEvent"/>
		<entity2 rdf:resource="http://iasted#Social_program"/>
		<measure rdf:datatype="xsd:float">0.11306378</measure>
		<relation>=</relation>
	</Cell>
</map>
<map>
	<Cell>
		<entity1 rdf:resource="http://edas#CoffeeBreak"/>
		<entity2 rdf:resource="http://iasted#Coffee_break"/>
		<measure rdf:datatype="xsd:float">0.22222224</measure>
		<relation>=</relation>
	</Cell>
</map>
<map>
	<Cell>
		<entity1 rdf:resource="http://edas#PaperPresentation"/>
		<entity2 rdf:resource="http://iasted#Video_presentation"/>
		<measure rdf:datatype="xsd:float">0.11160495</measure>
		<relation>=</relation>
	</Cell>
</map>
<map>
	<Cell>
		<entity1 rdf:resource="http://edas#TPCMember"/>
		<entity2 rdf:resource="http://iasted#IASTED_member"/>
		<measure rdf:datatype="xsd:float">0.1415929</measure>
		<relation>&gt;</relation>
	</Cell>
</map>
<map>
	<Cell>
		<entity1 rdf:resource="http://edas#Paper"/>
		<entity2 rdf:resource="http://iasted#Transparency"/>
		<measure rdf:datatype="xsd:float">0.14661454</measure>
		<relation>=</relation>
	</Cell>
</map>
<map>
	<Cell>
		<entity1 rdf:resource="http://edas#DiningPlace"/>
		<entity2 rdf:resource="http://iasted#Main_office"/>
		<measure rdf:datatype="xsd:float">0.08186575</measure>
		<relation>=</relation>
	</Cell>
</map>
<map>
	<Cell>
		<entity1 rdf:resource="http://edas#Organization"/>
		<entity2 rdf:resource="http://iasted#Activity"/>
		<measure rdf:datatype="xsd:float">0.3690844</measure>
		<relation>=</relation>
	</Cell>
</map>
<map>
	<Cell>
		<entity1 rdf:resource="http://edas#isLocationOf"/>
		<entity2 rdf:resource="http://iasted#is_situated_in"/>
		<measure rdf:datatype="xsd:float">0.19221206</measure>
		<relation>=</relation>
	</Cell>
</map>
<map>
	<Cell>
		<entity1 rdf:resource="http://edas#IndustryOrganization"/>
		<entity2 rdf:resource="http://iasted#Introduction"/>
		<measure rdf:datatype="xsd:float">0.12402651</measure>
		<relation>&gt;</relation>
	</Cell>
</map>
<map>
	<Cell>
		<entity1 rdf:resource="http://edas#relatesTo"/>
		<entity2 rdf:resource="http://iasted#is_given_to"/>
		<measure rdf:datatype="xsd:float">0.22930542</measure>
		<relation>=</relation>
	</Cell>
</map>
<map>
	<Cell>
		<entity1 rdf:resource="http://edas#Review"/>
		<entity2 rdf:resource="http://iasted#Review"/>
		<measure rdf:datatype="xsd:float">0.36828122</measure>
		<relation>=</relation>
	</Cell>
</map>
<map>
	<Cell>
		<entity1 rdf:resource="http://edas#isProviderOf"/>
		<entity2 rdf:resource="http://iasted#is_designed_for"/>
		<measure rdf:datatype="xsd:float">0.23413761</measure>
		<relation>=</relation>
	</Cell>
</map>
<map>
	<Cell>
		<entity1 rdf:resource="http://edas#PersonalPublicationHistory"/>
		<entity2 rdf:resource="http://iasted#Publication"/>
		<measure rdf:datatype="xsd:float">0.056410257</measure>
		<relation>=</relation>
	</Cell>
</map>
<map>
	<Cell>
		<entity1 rdf:resource="http://edas#isMemberOf"/>
		<entity2 rdf:resource="http://iasted#is_connected_with"/>
		<measure rdf:datatype="xsd:float">0.25118062</measure>
		<relation>=</relation>
	</Cell>
</map>
<map>
	<Cell>
		<entity1 rdf:resource="http://edas#Place"/>
		<entity2 rdf:resource="http://iasted#Place"/>
		<measure rdf:datatype="xsd:float">0.24378283</measure>
		<relation>=</relation>
	</Cell>
</map>
<map>
	<Cell>
		<entity1 rdf:resource="http://edas#Presenter"/>
		<entity2 rdf:resource="http://iasted#Time"/>
		<measure rdf:datatype="xsd:float">0.33704445</measure>
		<relation>&lt;</relation>
	</Cell>
</map>
<map>
	<Cell>
		<entity1 rdf:resource="http://edas#ConferenceChair"/>
		<entity2 rdf:resource="http://iasted#Conference_Hiker"/>
		<measure rdf:datatype="xsd:float">0.252063</measure>
		<relation>&gt;</relation>
	</Cell>
</map>
<map>
	<Cell>
		<entity1 rdf:resource="http://edas#ConferenceDinner"/>
		<entity2 rdf:resource="http://iasted#Conference_airport"/>
		<measure rdf:datatype="xsd:float">0.11148149</measure>
		<relation>=</relation>
	</Cell>
</map>
<map>
	<Cell>
		<entity1 rdf:resource="http://edas#Programme"/>
		<entity2 rdf:resource="http://iasted#Form"/>
		<measure rdf:datatype="xsd:float">0.14679971</measure>
		<relation>=</relation>
	</Cell>
</map>
<map>
	<Cell>
		<entity1 rdf:resource="http://edas#ComputerNetworksTopic"/>
		<entity2 rdf:resource="http://iasted#Computer"/>
		<measure rdf:datatype="xsd:float">0.056269843</measure>
		<relation>=</relation>
	</Cell>
</map>
<map>
	<Cell>
		<entity1 rdf:resource="http://edas#ConferenceVenuePlace"/>
		<entity2 rdf:resource="http://iasted#Conference_hotel"/>
		<measure rdf:datatype="xsd:float">0.14125969</measure>
		<relation>&gt;</relation>
	</Cell>
</map>
<map>
	<Cell>
		<entity1 rdf:resource="http://edas#AcademiaOrganization"/>
		<entity2 rdf:resource="http://iasted#Registration"/>
		<measure rdf:datatype="xsd:float">0.1239154</measure>
		<relation>&gt;</relation>
	</Cell>
</map>
<map>
	<Cell>
		<entity1 rdf:resource="http://edas#WelcomeTalk"/>
		<entity2 rdf:resource="http://iasted#Welcome_address"/>
		<measure rdf:datatype="xsd:float">0.111185186</measure>
		<relation>=</relation>
	</Cell>
</map>
<map>
	<Cell>
		<entity1 rdf:resource="http://edas#Document"/>
		<entity2 rdf:resource="http://iasted#Document"/>
		<measure rdf:datatype="xsd:float">0.43820435</measure>
		<relation>&gt;</relation>
	</Cell>
</map>
<map>
	<Cell>
		<entity1 rdf:resource="http://edas#GovernmentOrganization"/>
		<entity2 rdf:resource="http://iasted#Presentation"/>
		<measure rdf:datatype="xsd:float">0.123935595</measure>
		<relation>&gt;</relation>
	</Cell>
</map>
<map>
	<Cell>
		<entity1 rdf:resource="http://edas#SessionChair"/>
		<entity2 rdf:resource="http://iasted#Session_chair"/>
		<measure rdf:datatype="xsd:float">0.36261857</measure>
		<relation>&gt;</relation>
	</Cell>
</map>
<map>
	<Cell>
		<entity1 rdf:resource="http://edas#SlideSet"/>
		<entity2 rdf:resource="http://iasted#Mailing_list"/>
		<measure rdf:datatype="xsd:float">0.14661454</measure>
		<relation>=</relation>
	</Cell>
</map>
<map>
	<Cell>
		<entity1 rdf:resource="http://edas#isWrittenBy"/>
		<entity2 rdf:resource="http://iasted#is_writen_by"/>
		<measure rdf:datatype="xsd:float">0.22250001</measure>
		<relation>=</relation>
	</Cell>
</map>
<map>
	<Cell>
		<entity1 rdf:resource="http://edas#Person"/>
		<entity2 rdf:resource="http://iasted#Person"/>
		<measure rdf:datatype="xsd:float">0.42118928</measure>
		<relation>=</relation>
	</Cell>
</map>
<map>
	<Cell>
		<entity1 rdf:resource="http://edas#Attendee"/>
		<entity2 rdf:resource="http://iasted#Listener"/>
		<measure rdf:datatype="xsd:float">0.14122966</measure>
		<relation>&gt;</relation>
	</Cell>
</map>
<map>
	<Cell>
		<entity1 rdf:resource="http://edas#hasRelatedDocument"/>
		<entity2 rdf:resource="http://iasted#is_present"/>
		<measure rdf:datatype="xsd:float">0.14132224</measure>
		<relation>=</relation>
	</Cell>
</map>
<map>
	<Cell>
		<entity1 rdf:resource="http://edas#FreeTimeBreak"/>
		<entity2 rdf:resource="http://iasted#Time_zone"/>
		<measure rdf:datatype="xsd:float">0.26707694</measure>
		<relation>&lt;</relation>
	</Cell>
</map>

</Alignment>
</rdf:RDF>
