<?xml version="1.0" encoding="utf-8"?>
<rdf:RDF xmlns="http://knowledgeweb.semanticweb.org/heterogeneity/alignment" 
	 xmlns:rdf="http://www.w3.org/1999/02/22-rdf-syntax-ns#" 
	 xmlns:xsd="http://www.w3.org/2001/XMLSchema#">

<Alignment>
<xml>yes</xml>
<level>0</level>
<type>??</type>

<map>
	<Cell>
		<entity1 rdf:resource="http://confOf#Member"/>
		<entity2 rdf:resource="http://pcs#CommitteeMember"/>
		<measure rdf:datatype="xsd:float">0.18788894</measure>
		<relation>=</relation>
	</Cell>
</map>
<map>
	<Cell>
		<entity1 rdf:resource="http://confOf#Science_Worker"/>
		<entity2 rdf:resource="http://pcs#External_Reviewer"/>
		<measure rdf:datatype="xsd:float">0.078070745</measure>
		<relation>=</relation>
	</Cell>
</map>
<map>
	<Cell>
		<entity1 rdf:resource="http://confOf#hasEmail"/>
		<entity2 rdf:resource="http://pcs#E-mail"/>
		<measure rdf:datatype="xsd:float">0.7440838</measure>
		<relation>=</relation>
	</Cell>
</map>
<map>
	<Cell>
		<entity1 rdf:resource="http://confOf#Member_PC"/>
		<entity2 rdf:resource="http://pcs#ConferenceMember"/>
		<measure rdf:datatype="xsd:float">0.14912525</measure>
		<relation>=</relation>
	</Cell>
</map>
<map>
	<Cell>
		<entity1 rdf:resource="http://confOf#Author"/>
		<entity2 rdf:resource="http://pcs#Author"/>
		<measure rdf:datatype="xsd:float">0.22222224</measure>
		<relation>&gt;</relation>
	</Cell>
</map>
<map>
	<Cell>
		<entity1 rdf:resource="http://confOf#hasCountry"/>
		<entity2 rdf:resource="http://pcs#get"/>
		<measure rdf:datatype="xsd:float">0.077750474</measure>
		<relation>=</relation>
	</Cell>
</map>
<map>
	<Cell>
		<entity1 rdf:resource="http://confOf#Administrator"/>
		<entity2 rdf:resource="http://pcs#Administrator"/>
		<measure rdf:datatype="xsd:float">0.29963937</measure>
		<relation>=</relation>
	</Cell>
</map>
<map>
	<Cell>
		<entity1 rdf:resource="http://confOf#abstract"/>
		<entity2 rdf:resource="http://pcs#Summary"/>
		<measure rdf:datatype="xsd:float">0.61425</measure>
		<relation>=</relation>
	</Cell>
</map>
<map>
	<Cell>
		<entity1 rdf:resource="http://confOf#hasTitle"/>
		<entity2 rdf:resource="http://pcs#Title"/>
		<measure rdf:datatype="xsd:float">0.6666666</measure>
		<relation>=</relation>
	</Cell>
</map>
<map>
	<Cell>
		<entity1 rdf:resource="http://confOf#employedBy"/>
		<entity2 rdf:resource="http://pcs#loggin_in"/>
		<measure rdf:datatype="xsd:float">0.40439492</measure>
		<relation>=</relation>
	</Cell>
</map>
<map>
	<Cell>
		<entity1 rdf:resource="http://confOf#writes"/>
		<entity2 rdf:resource="http://pcs#write_paper"/>
		<measure rdf:datatype="xsd:float">0.07558923</measure>
		<relation>=</relation>
	</Cell>
</map>
<map>
	<Cell>
		<entity1 rdf:resource="http://confOf#writtenBy"/>
		<entity2 rdf:resource="http://pcs#submited_by"/>
		<measure rdf:datatype="xsd:float">0.17425425</measure>
		<relation>=</relation>
	</Cell>
</map>
<map>
	<Cell>
		<entity1 rdf:resource="http://confOf#Conference"/>
		<entity2 rdf:resource="http://pcs#Conference"/>
		<measure rdf:datatype="xsd:float">0.3333333</measure>
		<relation>&lt;</relation>
	</Cell>
</map>
<map>
	<Cell>
		<entity1 rdf:resource="http://confOf#hasFirstName"/>
		<entity2 rdf:resource="http://pcs#NAME"/>
		<measure rdf:datatype="xsd:float">0.46686155</measure>
		<relation>=</relation>
	</Cell>
</map>
<map>
	<Cell>
		<entity1 rdf:resource="http://confOf#expertOn"/>
		<entity2 rdf:resource="http://pcs#member_of_conference"/>
		<measure rdf:datatype="xsd:float">0.0511848</measure>
		<relation>=</relation>
	</Cell>
</map>
<map>
	<Cell>
		<entity1 rdf:resource="http://confOf#hasCity"/>
		<entity2 rdf:resource="http://pcs#submit"/>
		<measure rdf:datatype="xsd:float">0.07836953</measure>
		<relation>=</relation>
	</Cell>
</map>
<map>
	<Cell>
		<entity1 rdf:resource="http://confOf#Person"/>
		<entity2 rdf:resource="http://pcs#PERSON"/>
		<measure rdf:datatype="xsd:float">0.23215707</measure>
		<relation>=</relation>
	</Cell>
</map>
<map>
	<Cell>
		<entity1 rdf:resource="http://confOf#reviewes"/>
		<entity2 rdf:resource="http://pcs#reject_paper"/>
		<measure rdf:datatype="xsd:float">0.03764815</measure>
		<relation>=</relation>
	</Cell>
</map>
<map>
	<Cell>
		<entity1 rdf:resource="http://confOf#hasStreet"/>
		<entity2 rdf:resource="http://pcs#Password"/>
		<measure rdf:datatype="xsd:float">0.47623706</measure>
		<relation>=</relation>
	</Cell>
</map>
<map>
	<Cell>
		<entity1 rdf:resource="http://confOf#hasKeyword"/>
		<entity2 rdf:resource="http://pcs#Document_ID"/>
		<measure rdf:datatype="xsd:float">0.15679635</measure>
		<relation>=</relation>
	</Cell>
</map>
<map>
	<Cell>
		<entity1 rdf:resource="http://confOf#Paper"/>
		<entity2 rdf:resource="http://pcs#Paper"/>
		<measure rdf:datatype="xsd:float">0.2302644</measure>
		<relation>=</relation>
	</Cell>
</map>
<map>
	<Cell>
		<entity1 rdf:resource="http://confOf#Contribution"/>
		<entity2 rdf:resource="http://pcs#DOCUMENT"/>
		<measure rdf:datatype="xsd:float">0.02071971</measure>
		<relation>=</relation>
	</Cell>
</map>
<map>
	<Cell>
		<entity1 rdf:resource="http://confOf#hasPostalCode"/>
		<entity2 rdf:resource="http://pcs#User_ID"/>
		<measure rdf:datatype="xsd:float">0.47563875</measure>
		<relation>=</relation>
	</Cell>
</map>
<map>
	<Cell>
		<entity1 rdf:resource="http://confOf#Organization"/>
		<entity2 rdf:resource="http://pcs#System"/>
		<measure rdf:datatype="xsd:float">0.98093337</measure>
		<relation>=</relation>
	</Cell>
</map>

</Alignment>
</rdf:RDF>
