<?xml version="1.0" encoding="utf-8"?>
<rdf:RDF xmlns="http://knowledgeweb.semanticweb.org/heterogeneity/alignment" 
	 xmlns:rdf="http://www.w3.org/1999/02/22-rdf-syntax-ns#" 
	 xmlns:xsd="http://www.w3.org/2001/XMLSchema#">

<Alignment>
<xml>yes</xml>
<level>0</level>
<type>??</type>

<map>
	<Cell>
		<entity1 rdf:resource="http://conference#Person"/>
		<entity2 rdf:resource="http://edas#Person"/>
		<measure rdf:datatype="xsd:float">0.5040212</measure>
		<relation>=</relation>
	</Cell>
</map>
<map>
	<Cell>
		<entity1 rdf:resource="http://conference#is_a_topis_of_conference_parts"/>
		<entity2 rdf:resource="http://edas#isTopicOf"/>
		<measure rdf:datatype="xsd:float">0.43260494</measure>
		<relation>=</relation>
	</Cell>
</map>
<map>
	<Cell>
		<entity1 rdf:resource="http://conference#Conference_applicant"/>
		<entity2 rdf:resource="http://edas#Attendee"/>
		<measure rdf:datatype="xsd:float">0.30557218</measure>
		<relation>=</relation>
	</Cell>
</map>
<map>
	<Cell>
		<entity1 rdf:resource="http://conference#has_a_track-workshop-tutorial_topic"/>
		<entity2 rdf:resource="http://edas#hasAttendee"/>
		<measure rdf:datatype="xsd:float">0.102295496</measure>
		<relation>=</relation>
	</Cell>
</map>
<map>
	<Cell>
		<entity1 rdf:resource="http://conference#has_a_track-workshop-tutorial_chair"/>
		<entity2 rdf:resource="http://edas#hasProgramme"/>
		<measure rdf:datatype="xsd:float">0.10239073</measure>
		<relation>=</relation>
	</Cell>
</map>
<map>
	<Cell>
		<entity1 rdf:resource="http://conference#has_a_name"/>
		<entity2 rdf:resource="http://edas#hasName"/>
		<measure rdf:datatype="xsd:float">0.6227777</measure>
		<relation>=</relation>
	</Cell>
</map>
<map>
	<Cell>
		<entity1 rdf:resource="http://conference#contributes"/>
		<entity2 rdf:resource="http://edas#hasRelatedDocument"/>
		<measure rdf:datatype="xsd:float">0.16998453</measure>
		<relation>=</relation>
	</Cell>
</map>
<map>
	<Cell>
		<entity1 rdf:resource="http://conference#Call_for_paper"/>
		<entity2 rdf:resource="http://edas#CallForPapers"/>
		<measure rdf:datatype="xsd:float">0.66785717</measure>
		<relation>=</relation>
	</Cell>
</map>
<map>
	<Cell>
		<entity1 rdf:resource="http://conference#Information_for_participants"/>
		<entity2 rdf:resource="http://edas#CallForReviews"/>
		<measure rdf:datatype="xsd:float">0.3325</measure>
		<relation>=</relation>
	</Cell>
</map>
<map>
	<Cell>
		<entity1 rdf:resource="http://conference#Conference"/>
		<entity2 rdf:resource="http://edas#Conference"/>
		<measure rdf:datatype="xsd:float">0.3333333</measure>
		<relation>=</relation>
	</Cell>
</map>
<map>
	<Cell>
		<entity1 rdf:resource="http://conference#Call_for_participation"/>
		<entity2 rdf:resource="http://edas#CallForManuscripts"/>
		<measure rdf:datatype="xsd:float">0.665</measure>
		<relation>=</relation>
	</Cell>
</map>
<map>
	<Cell>
		<entity1 rdf:resource="http://conference#Conference_part"/>
		<entity2 rdf:resource="http://edas#ConferenceEvent"/>
		<measure rdf:datatype="xsd:float">0.22240554</measure>
		<relation>=</relation>
	</Cell>
</map>
<map>
	<Cell>
		<entity1 rdf:resource="http://conference#Reviewer"/>
		<entity2 rdf:resource="http://edas#Reviewer"/>
		<measure rdf:datatype="xsd:float">0.4</measure>
		<relation>&lt;</relation>
	</Cell>
</map>
<map>
	<Cell>
		<entity1 rdf:resource="http://conference#Review"/>
		<entity2 rdf:resource="http://edas#Review"/>
		<measure rdf:datatype="xsd:float">0.3333333</measure>
		<relation>=</relation>
	</Cell>
</map>
<map>
	<Cell>
		<entity1 rdf:resource="http://conference#Workshop"/>
		<entity2 rdf:resource="http://edas#Workshop"/>
		<measure rdf:datatype="xsd:float">0.5336033</measure>
		<relation>&gt;</relation>
	</Cell>
</map>
<map>
	<Cell>
		<entity1 rdf:resource="http://conference#has_a_review_reference_or_expertise"/>
		<entity2 rdf:resource="http://edas#hasReviewHistory"/>
		<measure rdf:datatype="xsd:float">0.23731215</measure>
		<relation>=</relation>
	</Cell>
</map>
<map>
	<Cell>
		<entity1 rdf:resource="http://conference#Conference_proceedings"/>
		<entity2 rdf:resource="http://edas#SingleLevelConference"/>
		<measure rdf:datatype="xsd:float">0.2667273</measure>
		<relation>=</relation>
	</Cell>
</map>
<map>
	<Cell>
		<entity1 rdf:resource="http://conference#Presentation"/>
		<entity2 rdf:resource="http://edas#TalkEvent"/>
		<measure rdf:datatype="xsd:float">0.020600002</measure>
		<relation>=</relation>
	</Cell>
</map>
<map>
	<Cell>
		<entity1 rdf:resource="http://conference#Conference_announcement"/>
		<entity2 rdf:resource="http://edas#ConferenceVenuePlace"/>
		<measure rdf:datatype="xsd:float">0.2692174</measure>
		<relation>=</relation>
	</Cell>
</map>
<map>
	<Cell>
		<entity1 rdf:resource="http://conference#has_an_email"/>
		<entity2 rdf:resource="http://edas#hasEmail"/>
		<measure rdf:datatype="xsd:float">0.68098456</measure>
		<relation>=</relation>
	</Cell>
</map>
<map>
	<Cell>
		<entity1 rdf:resource="http://conference#Conference_fees"/>
		<entity2 rdf:resource="http://edas#ConferenceSession"/>
		<measure rdf:datatype="xsd:float">0.50147057</measure>
		<relation>=</relation>
	</Cell>
</map>
<map>
	<Cell>
		<entity1 rdf:resource="http://conference#has_gender"/>
		<entity2 rdf:resource="http://edas#hasBiography"/>
		<measure rdf:datatype="xsd:float">0.6688735</measure>
		<relation>=</relation>
	</Cell>
</map>
<map>
	<Cell>
		<entity1 rdf:resource="http://conference#Organization"/>
		<entity2 rdf:resource="http://edas#Organization"/>
		<measure rdf:datatype="xsd:float">1.0</measure>
		<relation>=</relation>
	</Cell>
</map>
<map>
	<Cell>
		<entity1 rdf:resource="http://conference#has_the_first_name"/>
		<entity2 rdf:resource="http://edas#hasFirstName"/>
		<measure rdf:datatype="xsd:float">0.7171274</measure>
		<relation>=</relation>
	</Cell>
</map>
<map>
	<Cell>
		<entity1 rdf:resource="http://conference#Contribution_co-author"/>
		<entity2 rdf:resource="http://edas#Presenter"/>
		<measure rdf:datatype="xsd:float">0.086148135</measure>
		<relation>&lt;</relation>
	</Cell>
</map>
<map>
	<Cell>
		<entity1 rdf:resource="http://conference#is_part_of_conference_volumes"/>
		<entity2 rdf:resource="http://edas#hasLocation"/>
		<measure rdf:datatype="xsd:float">0.07468384</measure>
		<relation>=</relation>
	</Cell>
</map>
<map>
	<Cell>
		<entity1 rdf:resource="http://conference#Paper"/>
		<entity2 rdf:resource="http://edas#Paper"/>
		<measure rdf:datatype="xsd:float">0.4</measure>
		<relation>=</relation>
	</Cell>
</map>
<map>
	<Cell>
		<entity1 rdf:resource="http://conference#has_the_last_name"/>
		<entity2 rdf:resource="http://edas#hasLastName"/>
		<measure rdf:datatype="xsd:float">0.71706206</measure>
		<relation>=</relation>
	</Cell>
</map>
<map>
	<Cell>
		<entity1 rdf:resource="http://conference#Conference_www"/>
		<entity2 rdf:resource="http://edas#TwoLevelConference"/>
		<measure rdf:datatype="xsd:float">0.26733336</measure>
		<relation>&lt;</relation>
	</Cell>
</map>
<map>
	<Cell>
		<entity1 rdf:resource="http://conference#Rejected_contribution"/>
		<entity2 rdf:resource="http://edas#RejectedPaper"/>
		<measure rdf:datatype="xsd:float">0.19971429</measure>
		<relation>=</relation>
	</Cell>
</map>
<map>
	<Cell>
		<entity1 rdf:resource="http://conference#Topic"/>
		<entity2 rdf:resource="http://edas#Topic"/>
		<measure rdf:datatype="xsd:float">1.0</measure>
		<relation>=</relation>
	</Cell>
</map>
<map>
	<Cell>
		<entity1 rdf:resource="http://conference#has_authors"/>
		<entity2 rdf:resource="http://edas#relatesTo"/>
		<measure rdf:datatype="xsd:float">0.17003503</measure>
		<relation>=</relation>
	</Cell>
</map>
<map>
	<Cell>
		<entity1 rdf:resource="http://conference#Accepted_contribution"/>
		<entity2 rdf:resource="http://edas#AcceptedPaper"/>
		<measure rdf:datatype="xsd:float">0.19971429</measure>
		<relation>=</relation>
	</Cell>
</map>
<map>
	<Cell>
		<entity1 rdf:resource="http://conference#has_an_abstract"/>
		<entity2 rdf:resource="http://edas#isReviewedBy"/>
		<measure rdf:datatype="xsd:float">0.13355556</measure>
		<relation>=</relation>
	</Cell>
</map>
<map>
	<Cell>
		<entity1 rdf:resource="http://conference#Committee_member"/>
		<entity2 rdf:resource="http://edas#TPCMember"/>
		<measure rdf:datatype="xsd:float">0.30672216</measure>
		<relation>=</relation>
	</Cell>
</map>
<map>
	<Cell>
		<entity1 rdf:resource="http://conference#Regular_author"/>
		<entity2 rdf:resource="http://edas#Author"/>
		<measure rdf:datatype="xsd:float">0.14229563</measure>
		<relation>&lt;</relation>
	</Cell>
</map>
<map>
	<Cell>
		<entity1 rdf:resource="http://conference#Review_expertise"/>
		<entity2 rdf:resource="http://edas#ReviewQuestion"/>
		<measure rdf:datatype="xsd:float">0.166875</measure>
		<relation>=</relation>
	</Cell>
</map>
<map>
	<Cell>
		<entity1 rdf:resource="http://conference#was_a_track-workshop_chair_of"/>
		<entity2 rdf:resource="http://edas#isReviewing"/>
		<measure rdf:datatype="xsd:float">0.135286</measure>
		<relation>=</relation>
	</Cell>
</map>
<map>
	<Cell>
		<entity1 rdf:resource="http://conference#was_a_member_of"/>
		<entity2 rdf:resource="http://edas#isMemberOf"/>
		<measure rdf:datatype="xsd:float">0.14342858</measure>
		<relation>=</relation>
	</Cell>
</map>

</Alignment>
</rdf:RDF>
