<?xml version="1.0" encoding="utf-8"?>
<rdf:RDF xmlns="http://knowledgeweb.semanticweb.org/heterogeneity/alignment" 
	 xmlns:rdf="http://www.w3.org/1999/02/22-rdf-syntax-ns#" 
	 xmlns:xsd="http://www.w3.org/2001/XMLSchema#">

<Alignment>
<xml>yes</xml>
<level>0</level>
<type>??</type>

<map>
	<Cell>
		<entity1 rdf:resource="http://confious#activity"/>
		<entity2 rdf:resource="http://confOf#Organization"/>
		<measure rdf:datatype="xsd:float">0.34893546</measure>
		<relation>=</relation>
	</Cell>
</map>
<map>
	<Cell>
		<entity1 rdf:resource="http://confious#Senior_Program_Committee_member"/>
		<entity2 rdf:resource="http://confOf#Member_PC"/>
		<measure rdf:datatype="xsd:float">0.037025094</measure>
		<relation>=</relation>
	</Cell>
</map>
<map>
	<Cell>
		<entity1 rdf:resource="http://confious#has_result"/>
		<entity2 rdf:resource="http://confOf#hasCountry"/>
		<measure rdf:datatype="xsd:float">0.28231147</measure>
		<relation>=</relation>
	</Cell>
</map>
<map>
	<Cell>
		<entity1 rdf:resource="http://confious#has_intensity"/>
		<entity2 rdf:resource="http://confOf#hasCity"/>
		<measure rdf:datatype="xsd:float">0.2828499</measure>
		<relation>=</relation>
	</Cell>
</map>
<map>
	<Cell>
		<entity1 rdf:resource="http://confious#phase_of_conference"/>
		<entity2 rdf:resource="http://confOf#Registration_of_participants_event"/>
		<measure rdf:datatype="xsd:float">0.14319329</measure>
		<relation>&gt;</relation>
	</Cell>
</map>
<map>
	<Cell>
		<entity1 rdf:resource="http://confious#paper"/>
		<entity2 rdf:resource="http://confOf#Paper"/>
		<measure rdf:datatype="xsd:float">0.22637333</measure>
		<relation>=</relation>
	</Cell>
</map>
<map>
	<Cell>
		<entity1 rdf:resource="http://confious#topic"/>
		<entity2 rdf:resource="http://confOf#Topic"/>
		<measure rdf:datatype="xsd:float">1.0</measure>
		<relation>=</relation>
	</Cell>
</map>
<map>
	<Cell>
		<entity1 rdf:resource="http://confious#abstract_submission_date"/>
		<entity2 rdf:resource="http://confOf#Submission_event"/>
		<measure rdf:datatype="xsd:float">0.0893889</measure>
		<relation>=</relation>
	</Cell>
</map>
<map>
	<Cell>
		<entity1 rdf:resource="http://confious#Contact_Person"/>
		<entity2 rdf:resource="http://confOf#Person"/>
		<measure rdf:datatype="xsd:float">0.07428572</measure>
		<relation>&lt;</relation>
	</Cell>
</map>
<map>
	<Cell>
		<entity1 rdf:resource="http://confious#e-mail"/>
		<entity2 rdf:resource="http://confOf#hasEmail"/>
		<measure rdf:datatype="xsd:float">0.6666666</measure>
		<relation>=</relation>
	</Cell>
</map>
<map>
	<Cell>
		<entity1 rdf:resource="http://confious#abstract_of_paper"/>
		<entity2 rdf:resource="http://confOf#Short_paper"/>
		<measure rdf:datatype="xsd:float">0.06386352</measure>
		<relation>=</relation>
	</Cell>
</map>
<map>
	<Cell>
		<entity1 rdf:resource="http://confious#conference"/>
		<entity2 rdf:resource="http://confOf#Conference"/>
		<measure rdf:datatype="xsd:float">0.3333333</measure>
		<relation>&gt;</relation>
	</Cell>
</map>
<map>
	<Cell>
		<entity1 rdf:resource="http://confious#camera-ready_submission_date"/>
		<entity2 rdf:resource="http://confOf#Camera_Ready_event"/>
		<measure rdf:datatype="xsd:float">0.14309524</measure>
		<relation>=</relation>
	</Cell>
</map>
<map>
	<Cell>
		<entity1 rdf:resource="http://confious#Regular_Program_Committee_member"/>
		<entity2 rdf:resource="http://confOf#Regular"/>
		<measure rdf:datatype="xsd:float">0.022486111</measure>
		<relation>=</relation>
	</Cell>
</map>
<map>
	<Cell>
		<entity1 rdf:resource="http://confious#first_name"/>
		<entity2 rdf:resource="http://confOf#hasFirstName"/>
		<measure rdf:datatype="xsd:float">0.6666666</measure>
		<relation>=</relation>
	</Cell>
</map>

</Alignment>
</rdf:RDF>
