<?xml version="1.0" encoding="utf-8"?>
<rdf:RDF xmlns="http://knowledgeweb.semanticweb.org/heterogeneity/alignment" 
	 xmlns:rdf="http://www.w3.org/1999/02/22-rdf-syntax-ns#" 
	 xmlns:xsd="http://www.w3.org/2001/XMLSchema#">

<Alignment>
<xml>yes</xml>
<level>0</level>
<type>??</type>

<map>
	<Cell>
		<entity1 rdf:resource="http://crs_dr#article_written_by"/>
		<entity2 rdf:resource="http://myreview#paperIsSubmittedBy"/>
		<measure rdf:datatype="xsd:float">0.31172866</measure>
		<relation>=</relation>
	</Cell>
</map>
<map>
	<Cell>
		<entity1 rdf:resource="http://crs_dr#submits_to_conference"/>
		<entity2 rdf:resource="http://myreview#mustPay"/>
		<measure rdf:datatype="xsd:float">0.037374068</measure>
		<relation>=</relation>
	</Cell>
</map>
<map>
	<Cell>
		<entity1 rdf:resource="http://crs_dr#program_created_by"/>
		<entity2 rdf:resource="http://myreview#isProducedBy"/>
		<measure rdf:datatype="xsd:float">0.22188811</measure>
		<relation>=</relation>
	</Cell>
</map>
<map>
	<Cell>
		<entity1 rdf:resource="http://crs_dr#review_written_by"/>
		<entity2 rdf:resource="http://myreview#isWritenBy"/>
		<measure rdf:datatype="xsd:float">0.36340865</measure>
		<relation>=</relation>
	</Cell>
</map>
<map>
	<Cell>
		<entity1 rdf:resource="http://crs_dr#session"/>
		<entity2 rdf:resource="http://myreview#Session"/>
		<measure rdf:datatype="xsd:float">0.3333333</measure>
		<relation>&lt;</relation>
	</Cell>
</map>
<map>
	<Cell>
		<entity1 rdf:resource="http://crs_dr#part_of_article"/>
		<entity2 rdf:resource="http://myreview#isContainedIn"/>
		<measure rdf:datatype="xsd:float">0.18770365</measure>
		<relation>=</relation>
	</Cell>
</map>
<map>
	<Cell>
		<entity1 rdf:resource="http://crs_dr#writes_article"/>
		<entity2 rdf:resource="http://myreview#writePaper"/>
		<measure rdf:datatype="xsd:float">0.24133182</measure>
		<relation>=</relation>
	</Cell>
</map>
<map>
	<Cell>
		<entity1 rdf:resource="http://crs_dr#program"/>
		<entity2 rdf:resource="http://myreview#Program"/>
		<measure rdf:datatype="xsd:float">0.3333333</measure>
		<relation>&gt;</relation>
	</Cell>
</map>
<map>
	<Cell>
		<entity1 rdf:resource="http://crs_dr#author"/>
		<entity2 rdf:resource="http://myreview#Author"/>
		<measure rdf:datatype="xsd:float">0.3138164</measure>
		<relation>=</relation>
	</Cell>
</map>
<map>
	<Cell>
		<entity1 rdf:resource="http://crs_dr#article"/>
		<entity2 rdf:resource="http://myreview#Paper"/>
		<measure rdf:datatype="xsd:float">0.37021512</measure>
		<relation>=</relation>
	</Cell>
</map>
<map>
	<Cell>
		<entity1 rdf:resource="http://crs_dr#has_author"/>
		<entity2 rdf:resource="http://myreview#hasAuthor"/>
		<measure rdf:datatype="xsd:float">0.5732366</measure>
		<relation>=</relation>
	</Cell>
</map>
<map>
	<Cell>
		<entity1 rdf:resource="http://crs_dr#reviewer"/>
		<entity2 rdf:resource="http://myreview#Reviewer"/>
		<measure rdf:datatype="xsd:float">0.3138164</measure>
		<relation>&gt;</relation>
	</Cell>
</map>
<map>
	<Cell>
		<entity1 rdf:resource="http://crs_dr#document"/>
		<entity2 rdf:resource="http://myreview#Document"/>
		<measure rdf:datatype="xsd:float">0.5395076</measure>
		<relation>=</relation>
	</Cell>
</map>
<map>
	<Cell>
		<entity1 rdf:resource="http://crs_dr#conference"/>
		<entity2 rdf:resource="http://myreview#Conference"/>
		<measure rdf:datatype="xsd:float">0.3333333</measure>
		<relation>&lt;</relation>
	</Cell>
</map>
<map>
	<Cell>
		<entity1 rdf:resource="http://crs_dr#person"/>
		<entity2 rdf:resource="http://myreview#Person"/>
		<measure rdf:datatype="xsd:float">0.2745204</measure>
		<relation>=</relation>
	</Cell>
</map>
<map>
	<Cell>
		<entity1 rdf:resource="http://crs_dr#writes_review"/>
		<entity2 rdf:resource="http://myreview#writeReview"/>
		<measure rdf:datatype="xsd:float">0.4194645</measure>
		<relation>=</relation>
	</Cell>
</map>
<map>
	<Cell>
		<entity1 rdf:resource="http://crs_dr#has_reviewer"/>
		<entity2 rdf:resource="http://myreview#hasStatus"/>
		<measure rdf:datatype="xsd:float">0.29495955</measure>
		<relation>=</relation>
	</Cell>
</map>
<map>
	<Cell>
		<entity1 rdf:resource="http://crs_dr#review"/>
		<entity2 rdf:resource="http://myreview#Review"/>
		<measure rdf:datatype="xsd:float">0.40543732</measure>
		<relation>=</relation>
	</Cell>
</map>
<map>
	<Cell>
		<entity1 rdf:resource="http://crs_dr#has_abstract"/>
		<entity2 rdf:resource="http://myreview#hasAbstract"/>
		<measure rdf:datatype="xsd:float">0.5541527</measure>
		<relation>=</relation>
	</Cell>
</map>
<map>
	<Cell>
		<entity1 rdf:resource="http://crs_dr#assigns_article_to_conference"/>
		<entity2 rdf:resource="http://myreview#submitsPaper"/>
		<measure rdf:datatype="xsd:float">0.24047796</measure>
		<relation>=</relation>
	</Cell>
</map>
<map>
	<Cell>
		<entity1 rdf:resource="http://crs_dr#participant"/>
		<entity2 rdf:resource="http://myreview#ConferenceAttendant"/>
		<measure rdf:datatype="xsd:float">0.092178985</measure>
		<relation>=</relation>
	</Cell>
</map>
<map>
	<Cell>
		<entity1 rdf:resource="http://crs_dr#assigns_reviewers_to_article"/>
		<entity2 rdf:resource="http://myreview#asksForPreference"/>
		<measure rdf:datatype="xsd:float">0.22250642</measure>
		<relation>=</relation>
	</Cell>
</map>
<map>
	<Cell>
		<entity1 rdf:resource="http://crs_dr#chair"/>
		<entity2 rdf:resource="http://myreview#Chair"/>
		<measure rdf:datatype="xsd:float">0.3138164</measure>
		<relation>&gt;</relation>
	</Cell>
</map>
<map>
	<Cell>
		<entity1 rdf:resource="http://crs_dr#abstract"/>
		<entity2 rdf:resource="http://myreview#Evaluation"/>
		<measure rdf:datatype="xsd:float">0.33018717</measure>
		<relation>=</relation>
	</Cell>
</map>

</Alignment>
</rdf:RDF>
