<?xml version="1.0" encoding="utf-8"?>
<rdf:RDF xmlns="http://knowledgeweb.semanticweb.org/heterogeneity/alignment" 
	 xmlns:rdf="http://www.w3.org/1999/02/22-rdf-syntax-ns#" 
	 xmlns:xsd="http://www.w3.org/2001/XMLSchema#">

<Alignment>
<xml>yes</xml>
<level>0</level>
<type>??</type>

<map>
	<Cell>
		<entity1 rdf:resource="http://conference#Conference_participant"/>
		<entity2 rdf:resource="http://confOf#Participant"/>
		<measure rdf:datatype="xsd:float">0.11743043</measure>
		<relation>=</relation>
	</Cell>
</map>
<map>
	<Cell>
		<entity1 rdf:resource="http://conference#has_the_last_name"/>
		<entity2 rdf:resource="http://confOf#hasHomePage"/>
		<measure rdf:datatype="xsd:float">0.48754257</measure>
		<relation>=</relation>
	</Cell>
</map>
<map>
	<Cell>
		<entity1 rdf:resource="http://conference#has_gender"/>
		<entity2 rdf:resource="http://confOf#hasPhone"/>
		<measure rdf:datatype="xsd:float">0.5823185</measure>
		<relation>=</relation>
	</Cell>
</map>
<map>
	<Cell>
		<entity1 rdf:resource="http://conference#Reviewer"/>
		<entity2 rdf:resource="http://confOf#Author"/>
		<measure rdf:datatype="xsd:float">0.26959628</measure>
		<relation>=</relation>
	</Cell>
</map>
<map>
	<Cell>
		<entity1 rdf:resource="http://conference#has_an_email"/>
		<entity2 rdf:resource="http://confOf#hasEmail"/>
		<measure rdf:datatype="xsd:float">0.5938741</measure>
		<relation>=</relation>
	</Cell>
</map>
<map>
	<Cell>
		<entity1 rdf:resource="http://conference#Topic"/>
		<entity2 rdf:resource="http://confOf#Topic"/>
		<measure rdf:datatype="xsd:float">1.0</measure>
		<relation>=</relation>
	</Cell>
</map>
<map>
	<Cell>
		<entity1 rdf:resource="http://conference#Conference_applicant"/>
		<entity2 rdf:resource="http://confOf#Science_Worker"/>
		<measure rdf:datatype="xsd:float">0.08287407</measure>
		<relation>=</relation>
	</Cell>
</map>
<map>
	<Cell>
		<entity1 rdf:resource="http://conference#Paper"/>
		<entity2 rdf:resource="http://confOf#Paper"/>
		<measure rdf:datatype="xsd:float">0.22222224</measure>
		<relation>&lt;</relation>
	</Cell>
</map>
<map>
	<Cell>
		<entity1 rdf:resource="http://conference#Conference_contribution"/>
		<entity2 rdf:resource="http://confOf#Contribution"/>
		<measure rdf:datatype="xsd:float">0.107266754</measure>
		<relation>&lt;</relation>
	</Cell>
</map>
<map>
	<Cell>
		<entity1 rdf:resource="http://conference#has_the_first_name"/>
		<entity2 rdf:resource="http://confOf#hasFirstName"/>
		<measure rdf:datatype="xsd:float">0.6300169</measure>
		<relation>=</relation>
	</Cell>
</map>
<map>
	<Cell>
		<entity1 rdf:resource="http://conference#Presentation"/>
		<entity2 rdf:resource="http://confOf#Short_paper"/>
		<measure rdf:datatype="xsd:float">0.035704635</measure>
		<relation>&lt;</relation>
	</Cell>
</map>
<map>
	<Cell>
		<entity1 rdf:resource="http://conference#Passive_conference_participant"/>
		<entity2 rdf:resource="http://confOf#Student"/>
		<measure rdf:datatype="xsd:float">0.039416343</measure>
		<relation>=</relation>
	</Cell>
</map>
<map>
	<Cell>
		<entity1 rdf:resource="http://conference#Conference"/>
		<entity2 rdf:resource="http://confOf#Conference"/>
		<measure rdf:datatype="xsd:float">0.3333333</measure>
		<relation>&gt;</relation>
	</Cell>
</map>
<map>
	<Cell>
		<entity1 rdf:resource="http://conference#Committee_member"/>
		<entity2 rdf:resource="http://confOf#Member_PC"/>
		<measure rdf:datatype="xsd:float">0.19273518</measure>
		<relation>=</relation>
	</Cell>
</map>
<map>
	<Cell>
		<entity1 rdf:resource="http://conference#Information_for_participants"/>
		<entity2 rdf:resource="http://confOf#Registration_of_participants_event"/>
		<measure rdf:datatype="xsd:float">0.21773109</measure>
		<relation>=</relation>
	</Cell>
</map>
<map>
	<Cell>
		<entity1 rdf:resource="http://conference#Track-workshop_chair"/>
		<entity2 rdf:resource="http://confOf#Chair_PC"/>
		<measure rdf:datatype="xsd:float">0.14142963</measure>
		<relation>=</relation>
	</Cell>
</map>
<map>
	<Cell>
		<entity1 rdf:resource="http://conference#Organization"/>
		<entity2 rdf:resource="http://confOf#Organization"/>
		<measure rdf:datatype="xsd:float">1.0</measure>
		<relation>=</relation>
	</Cell>
</map>
<map>
	<Cell>
		<entity1 rdf:resource="http://conference#was_a_member_of"/>
		<entity2 rdf:resource="http://confOf#expertOn"/>
		<measure rdf:datatype="xsd:float">0.065051265</measure>
		<relation>=</relation>
	</Cell>
</map>
<map>
	<Cell>
		<entity1 rdf:resource="http://conference#Poster"/>
		<entity2 rdf:resource="http://confOf#Poster"/>
		<measure rdf:datatype="xsd:float">0.2577417</measure>
		<relation>&lt;</relation>
	</Cell>
</map>
<map>
	<Cell>
		<entity1 rdf:resource="http://conference#Workshop"/>
		<entity2 rdf:resource="http://confOf#Workshop"/>
		<measure rdf:datatype="xsd:float">0.3333333</measure>
		<relation>=</relation>
	</Cell>
</map>
<map>
	<Cell>
		<entity1 rdf:resource="http://conference#Person"/>
		<entity2 rdf:resource="http://confOf#Person"/>
		<measure rdf:datatype="xsd:float">0.24601161</measure>
		<relation>=</relation>
	</Cell>
</map>
<map>
	<Cell>
		<entity1 rdf:resource="http://conference#Camera_ready_contribution"/>
		<entity2 rdf:resource="http://confOf#Camera_Ready_event"/>
		<measure rdf:datatype="xsd:float">0.26624</measure>
		<relation>=</relation>
	</Cell>
</map>
<map>
	<Cell>
		<entity1 rdf:resource="http://conference#Regular_author"/>
		<entity2 rdf:resource="http://confOf#Regular"/>
		<measure rdf:datatype="xsd:float">0.07444445</measure>
		<relation>=</relation>
	</Cell>
</map>
<map>
	<Cell>
		<entity1 rdf:resource="http://conference#Tutorial"/>
		<entity2 rdf:resource="http://confOf#Tutorial"/>
		<measure rdf:datatype="xsd:float">0.3333333</measure>
		<relation>=</relation>
	</Cell>
</map>
<map>
	<Cell>
		<entity1 rdf:resource="http://conference#invites_co-reviewers"/>
		<entity2 rdf:resource="http://confOf#writes"/>
		<measure rdf:datatype="xsd:float">0.09044941</measure>
		<relation>=</relation>
	</Cell>
</map>
<map>
	<Cell>
		<entity1 rdf:resource="http://conference#invited_by"/>
		<entity2 rdf:resource="http://confOf#employedBy"/>
		<measure rdf:datatype="xsd:float">0.16600001</measure>
		<relation>=</relation>
	</Cell>
</map>
<map>
	<Cell>
		<entity1 rdf:resource="http://conference#is_submitted_at"/>
		<entity2 rdf:resource="http://confOf#writtenBy"/>
		<measure rdf:datatype="xsd:float">0.03640834</measure>
		<relation>=</relation>
	</Cell>
</map>
<map>
	<Cell>
		<entity1 rdf:resource="http://conference#contributes"/>
		<entity2 rdf:resource="http://confOf#hasCountry"/>
		<measure rdf:datatype="xsd:float">0.08262154</measure>
		<relation>=</relation>
	</Cell>
</map>

</Alignment>
</rdf:RDF>
