<?xml version="1.0" encoding="utf-8"?>
<rdf:RDF xmlns="http://knowledgeweb.semanticweb.org/heterogeneity/alignment" 
	 xmlns:rdf="http://www.w3.org/1999/02/22-rdf-syntax-ns#" 
	 xmlns:xsd="http://www.w3.org/2001/XMLSchema#">

<Alignment>
<xml>yes</xml>
<level>0</level>
<type>??</type>

<map>
	<Cell>
		<entity1 rdf:resource="http://cmt#hasAuthor"/>
		<entity2 rdf:resource="http://conference#has_authors"/>
		<measure rdf:datatype="xsd:float">0.16772726</measure>
		<relation>=</relation>
	</Cell>
</map>
<map>
	<Cell>
		<entity1 rdf:resource="http://cmt#Author"/>
		<entity2 rdf:resource="http://conference#Regular_author"/>
		<measure rdf:datatype="xsd:float">0.37200546</measure>
		<relation>=</relation>
	</Cell>
</map>
<map>
	<Cell>
		<entity1 rdf:resource="http://cmt#Person"/>
		<entity2 rdf:resource="http://conference#Person"/>
		<measure rdf:datatype="xsd:float">0.46259734</measure>
		<relation>=</relation>
	</Cell>
</map>
<map>
	<Cell>
		<entity1 rdf:resource="http://cmt#title"/>
		<entity2 rdf:resource="http://conference#has_a_date_of_issue"/>
		<measure rdf:datatype="xsd:float">0.22274853</measure>
		<relation>=</relation>
	</Cell>
</map>
<map>
	<Cell>
		<entity1 rdf:resource="http://cmt#memberOfProgramCommittee"/>
		<entity2 rdf:resource="http://conference#was_a_member_of"/>
		<measure rdf:datatype="xsd:float">0.296955</measure>
		<relation>=</relation>
	</Cell>
</map>
<map>
	<Cell>
		<entity1 rdf:resource="http://cmt#Co-author"/>
		<entity2 rdf:resource="http://conference#Contribution_co-author"/>
		<measure rdf:datatype="xsd:float">0.42503834</measure>
		<relation>=</relation>
	</Cell>
</map>
<map>
	<Cell>
		<entity1 rdf:resource="http://cmt#Paper"/>
		<entity2 rdf:resource="http://conference#Paper"/>
		<measure rdf:datatype="xsd:float">0.3333333</measure>
		<relation>&gt;</relation>
	</Cell>
</map>
<map>
	<Cell>
		<entity1 rdf:resource="http://cmt#assignedByAdministrator"/>
		<entity2 rdf:resource="http://conference#invited_by"/>
		<measure rdf:datatype="xsd:float">0.42191306</measure>
		<relation>=</relation>
	</Cell>
</map>
<map>
	<Cell>
		<entity1 rdf:resource="http://cmt#writeReview"/>
		<entity2 rdf:resource="http://conference#has_a_review_reference_or_expertise"/>
		<measure rdf:datatype="xsd:float">0.38612697</measure>
		<relation>=</relation>
	</Cell>
</map>
<map>
	<Cell>
		<entity1 rdf:resource="http://cmt#ProgramCommitteeChair"/>
		<entity2 rdf:resource="http://conference#Co-chair"/>
		<measure rdf:datatype="xsd:float">0.2634023</measure>
		<relation>=</relation>
	</Cell>
</map>
<map>
	<Cell>
		<entity1 rdf:resource="http://cmt#writtenBy"/>
		<entity2 rdf:resource="http://conference#reviews"/>
		<measure rdf:datatype="xsd:float">0.09117935</measure>
		<relation>=</relation>
	</Cell>
</map>
<map>
	<Cell>
		<entity1 rdf:resource="http://cmt#assignExternalReviewer"/>
		<entity2 rdf:resource="http://conference#invites_co-reviewers"/>
		<measure rdf:datatype="xsd:float">0.33484846</measure>
		<relation>=</relation>
	</Cell>
</map>
<map>
	<Cell>
		<entity1 rdf:resource="http://cmt#siteURL"/>
		<entity2 rdf:resource="http://conference#has_a_name"/>
		<measure rdf:datatype="xsd:float">0.33366665</measure>
		<relation>=</relation>
	</Cell>
</map>
<map>
	<Cell>
		<entity1 rdf:resource="http://cmt#AssociatedChair"/>
		<entity2 rdf:resource="http://conference#Track-workshop_chair"/>
		<measure rdf:datatype="xsd:float">0.10700001</measure>
		<relation>&lt;</relation>
	</Cell>
</map>
<map>
	<Cell>
		<entity1 rdf:resource="http://cmt#hasConflictOfInterest"/>
		<entity2 rdf:resource="http://conference#contributes"/>
		<measure rdf:datatype="xsd:float">0.2047312</measure>
		<relation>=</relation>
	</Cell>
</map>
<map>
	<Cell>
		<entity1 rdf:resource="http://cmt#AuthorNotReviewer"/>
		<entity2 rdf:resource="http://conference#Contribution_1th-author"/>
		<measure rdf:datatype="xsd:float">0.34507152</measure>
		<relation>=</relation>
	</Cell>
</map>
<map>
	<Cell>
		<entity1 rdf:resource="http://cmt#hasProgramCommitteeMember"/>
		<entity2 rdf:resource="http://conference#was_a_program_committee_of"/>
		<measure rdf:datatype="xsd:float">0.45258972</measure>
		<relation>&gt;</relation>
	</Cell>
</map>
<map>
	<Cell>
		<entity1 rdf:resource="http://cmt#ProgramCommitteeMember"/>
		<entity2 rdf:resource="http://conference#Committee_member"/>
		<measure rdf:datatype="xsd:float">0.26642594</measure>
		<relation>=</relation>
	</Cell>
</map>
<map>
	<Cell>
		<entity1 rdf:resource="http://cmt#Preference"/>
		<entity2 rdf:resource="http://conference#Review_preference"/>
		<measure rdf:datatype="xsd:float">0.11196079</measure>
		<relation>=</relation>
	</Cell>
</map>
<map>
	<Cell>
		<entity1 rdf:resource="http://cmt#ExternalReviewer"/>
		<entity2 rdf:resource="http://conference#Registeered_applicant"/>
		<measure rdf:datatype="xsd:float">0.1550329</measure>
		<relation>&gt;</relation>
	</Cell>
</map>
<map>
	<Cell>
		<entity1 rdf:resource="http://cmt#hasCo-author"/>
		<entity2 rdf:resource="http://conference#has_an_abstract"/>
		<measure rdf:datatype="xsd:float">0.2222222</measure>
		<relation>=</relation>
	</Cell>
</map>
<map>
	<Cell>
		<entity1 rdf:resource="http://cmt#email"/>
		<entity2 rdf:resource="http://conference#has_an_email"/>
		<measure rdf:datatype="xsd:float">0.544226</measure>
		<relation>=</relation>
	</Cell>
</map>
<map>
	<Cell>
		<entity1 rdf:resource="http://cmt#Document"/>
		<entity2 rdf:resource="http://conference#Conference_document"/>
		<measure rdf:datatype="xsd:float">0.14731735</measure>
		<relation>=</relation>
	</Cell>
</map>
<map>
	<Cell>
		<entity1 rdf:resource="http://cmt#ProgramCommittee"/>
		<entity2 rdf:resource="http://conference#Program_committee"/>
		<measure rdf:datatype="xsd:float">1.0</measure>
		<relation>&gt;</relation>
	</Cell>
</map>
<map>
	<Cell>
		<entity1 rdf:resource="http://cmt#Review"/>
		<entity2 rdf:resource="http://conference#Review"/>
		<measure rdf:datatype="xsd:float">0.27133852</measure>
		<relation>=</relation>
	</Cell>
</map>
<map>
	<Cell>
		<entity1 rdf:resource="http://cmt#ConferenceChair"/>
		<entity2 rdf:resource="http://conference#Active_conference_participant"/>
		<measure rdf:datatype="xsd:float">0.26813796</measure>
		<relation>=</relation>
	</Cell>
</map>
<map>
	<Cell>
		<entity1 rdf:resource="http://cmt#Reviewer"/>
		<entity2 rdf:resource="http://conference#Reviewer"/>
		<measure rdf:datatype="xsd:float">1.0</measure>
		<relation>&lt;</relation>
	</Cell>
</map>
<map>
	<Cell>
		<entity1 rdf:resource="http://cmt#name"/>
		<entity2 rdf:resource="http://conference#has_the_last_name"/>
		<measure rdf:datatype="xsd:float">0.5216214</measure>
		<relation>=</relation>
	</Cell>
</map>
<map>
	<Cell>
		<entity1 rdf:resource="http://cmt#Conference"/>
		<entity2 rdf:resource="http://conference#Conference"/>
		<measure rdf:datatype="xsd:float">0.3333333</measure>
		<relation>=</relation>
	</Cell>
</map>
<map>
	<Cell>
		<entity1 rdf:resource="http://cmt#Chairman"/>
		<entity2 rdf:resource="http://conference#Chair"/>
		<measure rdf:datatype="xsd:float">0.40280628</measure>
		<relation>&gt;</relation>
	</Cell>
</map>

</Alignment>
</rdf:RDF>
