<?xml version="1.0" encoding="utf-8"?>
<rdf:RDF xmlns="http://knowledgeweb.semanticweb.org/heterogeneity/alignment" 
	 xmlns:rdf="http://www.w3.org/1999/02/22-rdf-syntax-ns#" 
	 xmlns:xsd="http://www.w3.org/2001/XMLSchema#">

<Alignment>
<xml>yes</xml>
<level>0</level>
<type>??</type>

<map>
	<Cell>
		<entity1 rdf:resource="http://confOf#Administrative_event"/>
		<entity2 rdf:resource="http://ekaw#Scientific_Event"/>
		<measure rdf:datatype="xsd:float">0.39034998</measure>
		<relation>=</relation>
	</Cell>
</map>
<map>
	<Cell>
		<entity1 rdf:resource="http://confOf#hasCountry"/>
		<entity2 rdf:resource="http://ekaw#technicallyOrganises"/>
		<measure rdf:datatype="xsd:float">0.16377386</measure>
		<relation>&gt;</relation>
	</Cell>
</map>
<map>
	<Cell>
		<entity1 rdf:resource="http://confOf#Person"/>
		<entity2 rdf:resource="http://ekaw#Person"/>
		<measure rdf:datatype="xsd:float">0.2340492</measure>
		<relation>=</relation>
	</Cell>
</map>
<map>
	<Cell>
		<entity1 rdf:resource="http://confOf#Volunteer"/>
		<entity2 rdf:resource="http://ekaw#Possible_Reviewer"/>
		<measure rdf:datatype="xsd:float">0.039662078</measure>
		<relation>=</relation>
	</Cell>
</map>
<map>
	<Cell>
		<entity1 rdf:resource="http://confOf#University"/>
		<entity2 rdf:resource="http://ekaw#University"/>
		<measure rdf:datatype="xsd:float">0.693593</measure>
		<relation>&gt;</relation>
	</Cell>
</map>
<map>
	<Cell>
		<entity1 rdf:resource="http://confOf#Conference"/>
		<entity2 rdf:resource="http://ekaw#Conference"/>
		<measure rdf:datatype="xsd:float">0.22222224</measure>
		<relation>=</relation>
	</Cell>
</map>
<map>
	<Cell>
		<entity1 rdf:resource="http://confOf#Science_Worker"/>
		<entity2 rdf:resource="http://ekaw#Agency_Staff_Member"/>
		<measure rdf:datatype="xsd:float">0.07860176</measure>
		<relation>=</relation>
	</Cell>
</map>
<map>
	<Cell>
		<entity1 rdf:resource="http://confOf#Author"/>
		<entity2 rdf:resource="http://ekaw#Paper_Author"/>
		<measure rdf:datatype="xsd:float">0.15246141</measure>
		<relation>=</relation>
	</Cell>
</map>
<map>
	<Cell>
		<entity1 rdf:resource="http://confOf#Chair_PC"/>
		<entity2 rdf:resource="http://ekaw#PC_Chair"/>
		<measure rdf:datatype="xsd:float">0.21835558</measure>
		<relation>&gt;</relation>
	</Cell>
</map>
<map>
	<Cell>
		<entity1 rdf:resource="http://confOf#follows"/>
		<entity2 rdf:resource="http://ekaw#eventOnList"/>
		<measure rdf:datatype="xsd:float">0.046207502</measure>
		<relation>=</relation>
	</Cell>
</map>
<map>
	<Cell>
		<entity1 rdf:resource="http://confOf#Company"/>
		<entity2 rdf:resource="http://ekaw#Organising_Agency"/>
		<measure rdf:datatype="xsd:float">0.29429886</measure>
		<relation>=</relation>
	</Cell>
</map>
<map>
	<Cell>
		<entity1 rdf:resource="http://confOf#Submission_event"/>
		<entity2 rdf:resource="http://ekaw#Session"/>
		<measure rdf:datatype="xsd:float">0.13099818</measure>
		<relation>=</relation>
	</Cell>
</map>
<map>
	<Cell>
		<entity1 rdf:resource="http://confOf#Camera_Ready_event"/>
		<entity2 rdf:resource="http://ekaw#Contributed_Talk"/>
		<measure rdf:datatype="xsd:float">0.13065867</measure>
		<relation>&gt;</relation>
	</Cell>
</map>
<map>
	<Cell>
		<entity1 rdf:resource="http://confOf#Organization"/>
		<entity2 rdf:resource="http://ekaw#Organisation"/>
		<measure rdf:datatype="xsd:float">0.49066743</measure>
		<relation>=</relation>
	</Cell>
</map>
<map>
	<Cell>
		<entity1 rdf:resource="http://confOf#employedBy"/>
		<entity2 rdf:resource="http://ekaw#scientificallyOrganisedBy"/>
		<measure rdf:datatype="xsd:float">0.12392873</measure>
		<relation>&gt;</relation>
	</Cell>
</map>
<map>
	<Cell>
		<entity1 rdf:resource="http://confOf#Event"/>
		<entity2 rdf:resource="http://ekaw#Event"/>
		<measure rdf:datatype="xsd:float">0.51435494</measure>
		<relation>=</relation>
	</Cell>
</map>
<map>
	<Cell>
		<entity1 rdf:resource="http://confOf#Tutorial"/>
		<entity2 rdf:resource="http://ekaw#Tutorial"/>
		<measure rdf:datatype="xsd:float">0.22222224</measure>
		<relation>=</relation>
	</Cell>
</map>
<map>
	<Cell>
		<entity1 rdf:resource="http://confOf#Social_event"/>
		<entity2 rdf:resource="http://ekaw#Social_Event"/>
		<measure rdf:datatype="xsd:float">0.32419834</measure>
		<relation>=</relation>
	</Cell>
</map>
<map>
	<Cell>
		<entity1 rdf:resource="http://confOf#Member_PC"/>
		<entity2 rdf:resource="http://ekaw#PC_Member"/>
		<measure rdf:datatype="xsd:float">0.21854074</measure>
		<relation>&gt;</relation>
	</Cell>
</map>
<map>
	<Cell>
		<entity1 rdf:resource="http://confOf#writtenBy"/>
		<entity2 rdf:resource="http://ekaw#writtenBy"/>
		<measure rdf:datatype="xsd:float">0.3333333</measure>
		<relation>=</relation>
	</Cell>
</map>
<map>
	<Cell>
		<entity1 rdf:resource="http://confOf#Assistant"/>
		<entity2 rdf:resource="http://ekaw#Conference_Participant"/>
		<measure rdf:datatype="xsd:float">0.039513536</measure>
		<relation>=</relation>
	</Cell>
</map>
<map>
	<Cell>
		<entity1 rdf:resource="http://confOf#writes"/>
		<entity2 rdf:resource="http://ekaw#references"/>
		<measure rdf:datatype="xsd:float">0.28149998</measure>
		<relation>=</relation>
	</Cell>
</map>
<map>
	<Cell>
		<entity1 rdf:resource="http://confOf#Banquet"/>
		<entity2 rdf:resource="http://ekaw#Conference_Banquet"/>
		<measure rdf:datatype="xsd:float">0.18227214</measure>
		<relation>=</relation>
	</Cell>
</map>
<map>
	<Cell>
		<entity1 rdf:resource="http://confOf#Paper"/>
		<entity2 rdf:resource="http://ekaw#Paper"/>
		<measure rdf:datatype="xsd:float">0.3333333</measure>
		<relation>=</relation>
	</Cell>
</map>
<map>
	<Cell>
		<entity1 rdf:resource="http://confOf#Workshop"/>
		<entity2 rdf:resource="http://ekaw#Workshop"/>
		<measure rdf:datatype="xsd:float">0.22222224</measure>
		<relation>=</relation>
	</Cell>
</map>
<map>
	<Cell>
		<entity1 rdf:resource="http://confOf#parallel_with"/>
		<entity2 rdf:resource="http://ekaw#partOfEvent"/>
		<measure rdf:datatype="xsd:float">0.092484936</measure>
		<relation>&gt;</relation>
	</Cell>
</map>
<map>
	<Cell>
		<entity1 rdf:resource="http://confOf#Topic"/>
		<entity2 rdf:resource="http://ekaw#Research_Topic"/>
		<measure rdf:datatype="xsd:float">0.33357143</measure>
		<relation>=</relation>
	</Cell>
</map>
<map>
	<Cell>
		<entity1 rdf:resource="http://confOf#Registration_of_participants_event"/>
		<entity2 rdf:resource="http://ekaw#Track"/>
		<measure rdf:datatype="xsd:float">0.23476732</measure>
		<relation>=</relation>
	</Cell>
</map>
<map>
	<Cell>
		<entity1 rdf:resource="http://confOf#Reviewing_event"/>
		<entity2 rdf:resource="http://ekaw#Invited_Talk"/>
		<measure rdf:datatype="xsd:float">0.23509672</measure>
		<relation>&gt;</relation>
	</Cell>
</map>
<map>
	<Cell>
		<entity1 rdf:resource="http://confOf#reviewes"/>
		<entity2 rdf:resource="http://ekaw#reviewerOfPaper"/>
		<measure rdf:datatype="xsd:float">0.014691329</measure>
		<relation>=</relation>
	</Cell>
</map>
<map>
	<Cell>
		<entity1 rdf:resource="http://confOf#hasCity"/>
		<entity2 rdf:resource="http://ekaw#hasPart"/>
		<measure rdf:datatype="xsd:float">0.16642857</measure>
		<relation>=</relation>
	</Cell>
</map>
<map>
	<Cell>
		<entity1 rdf:resource="http://confOf#Student"/>
		<entity2 rdf:resource="http://ekaw#Student"/>
		<measure rdf:datatype="xsd:float">0.22222224</measure>
		<relation>&lt;</relation>
	</Cell>
</map>
<map>
	<Cell>
		<entity1 rdf:resource="http://confOf#Trip"/>
		<entity2 rdf:resource="http://ekaw#Conference_Trip"/>
		<measure rdf:datatype="xsd:float">0.18200052</measure>
		<relation>=</relation>
	</Cell>
</map>

</Alignment>
</rdf:RDF>
