<?xml version="1.0" encoding="utf-8"?>
<rdf:RDF xmlns="http://knowledgeweb.semanticweb.org/heterogeneity/alignment" 
	 xmlns:rdf="http://www.w3.org/1999/02/22-rdf-syntax-ns#" 
	 xmlns:xsd="http://www.w3.org/2001/XMLSchema#">

<Alignment>
<xml>yes</xml>
<level>0</level>
<type>??</type>

<map>
	<Cell>
		<entity1 rdf:resource="http://cmt#Meta-Reviewer"/>
		<entity2 rdf:resource="http://pcs#Primary_Reviewer"/>
		<measure rdf:datatype="xsd:float">0.11125001</measure>
		<relation>=</relation>
	</Cell>
</map>
<map>
	<Cell>
		<entity1 rdf:resource="http://cmt#Administrator"/>
		<entity2 rdf:resource="http://pcs#Administrator"/>
		<measure rdf:datatype="xsd:float">0.22222224</measure>
		<relation>&lt;</relation>
	</Cell>
</map>
<map>
	<Cell>
		<entity1 rdf:resource="http://cmt#assignedByAdministrator"/>
		<entity2 rdf:resource="http://pcs#rate_paper"/>
		<measure rdf:datatype="xsd:float">0.025208445</measure>
		<relation>=</relation>
	</Cell>
</map>
<map>
	<Cell>
		<entity1 rdf:resource="http://cmt#ProgramCommitteeMember"/>
		<entity2 rdf:resource="http://pcs#CommitteeMember"/>
		<measure rdf:datatype="xsd:float">0.1188485</measure>
		<relation>=</relation>
	</Cell>
</map>
<map>
	<Cell>
		<entity1 rdf:resource="http://cmt#siteURL"/>
		<entity2 rdf:resource="http://pcs#WebSite"/>
		<measure rdf:datatype="xsd:float">0.6099206</measure>
		<relation>=</relation>
	</Cell>
</map>
<map>
	<Cell>
		<entity1 rdf:resource="http://cmt#rejectPaper"/>
		<entity2 rdf:resource="http://pcs#reject_paper"/>
		<measure rdf:datatype="xsd:float">0.45639637</measure>
		<relation>=</relation>
	</Cell>
</map>
<map>
	<Cell>
		<entity1 rdf:resource="http://cmt#name"/>
		<entity2 rdf:resource="http://pcs#NAME"/>
		<measure rdf:datatype="xsd:float">0.7777777</measure>
		<relation>=</relation>
	</Cell>
</map>
<map>
	<Cell>
		<entity1 rdf:resource="http://cmt#Conference"/>
		<entity2 rdf:resource="http://pcs#Conference"/>
		<measure rdf:datatype="xsd:float">0.3333333</measure>
		<relation>=</relation>
	</Cell>
</map>
<map>
	<Cell>
		<entity1 rdf:resource="http://cmt#setMaxPapers"/>
		<entity2 rdf:resource="http://pcs#send"/>
		<measure rdf:datatype="xsd:float">0.074629635</measure>
		<relation>=</relation>
	</Cell>
</map>
<map>
	<Cell>
		<entity1 rdf:resource="http://cmt#Reviewer"/>
		<entity2 rdf:resource="http://pcs#Secondary_Reviewer"/>
		<measure rdf:datatype="xsd:float">0.074320994</measure>
		<relation>&gt;</relation>
	</Cell>
</map>
<map>
	<Cell>
		<entity1 rdf:resource="http://cmt#addedBy"/>
		<entity2 rdf:resource="http://pcs#accept"/>
		<measure rdf:datatype="xsd:float">0.040568545</measure>
		<relation>=</relation>
	</Cell>
</map>
<map>
	<Cell>
		<entity1 rdf:resource="http://cmt#paperID"/>
		<entity2 rdf:resource="http://pcs#Document_ID"/>
		<measure rdf:datatype="xsd:float">0.38813132</measure>
		<relation>=</relation>
	</Cell>
</map>
<map>
	<Cell>
		<entity1 rdf:resource="http://cmt#hasAuthor"/>
		<entity2 rdf:resource="http://pcs#written_paper_by"/>
		<measure rdf:datatype="xsd:float">0.19734545</measure>
		<relation>=</relation>
	</Cell>
</map>
<map>
	<Cell>
		<entity1 rdf:resource="http://cmt#Person"/>
		<entity2 rdf:resource="http://pcs#PERSON"/>
		<measure rdf:datatype="xsd:float">0.25104672</measure>
		<relation>=</relation>
	</Cell>
</map>
<map>
	<Cell>
		<entity1 rdf:resource="http://cmt#Paper"/>
		<entity2 rdf:resource="http://pcs#Paper"/>
		<measure rdf:datatype="xsd:float">0.36973056</measure>
		<relation>=</relation>
	</Cell>
</map>
<map>
	<Cell>
		<entity1 rdf:resource="http://cmt#writePaper"/>
		<entity2 rdf:resource="http://pcs#write_paper"/>
		<measure rdf:datatype="xsd:float">0.53047043</measure>
		<relation>=</relation>
	</Cell>
</map>
<map>
	<Cell>
		<entity1 rdf:resource="http://cmt#Document"/>
		<entity2 rdf:resource="http://pcs#DOCUMENT"/>
		<measure rdf:datatype="xsd:float">0.7684901</measure>
		<relation>=</relation>
	</Cell>
</map>
<map>
	<Cell>
		<entity1 rdf:resource="http://cmt#logoURL"/>
		<entity2 rdf:resource="http://pcs#Topic_of_conference"/>
		<measure rdf:datatype="xsd:float">0.33385962</measure>
		<relation>=</relation>
	</Cell>
</map>
<map>
	<Cell>
		<entity1 rdf:resource="http://cmt#Author"/>
		<entity2 rdf:resource="http://pcs#Author"/>
		<measure rdf:datatype="xsd:float">0.22222224</measure>
		<relation>=</relation>
	</Cell>
</map>
<map>
	<Cell>
		<entity1 rdf:resource="http://cmt#acceptedBy"/>
		<entity2 rdf:resource="http://pcs#accepted_by"/>
		<measure rdf:datatype="xsd:float">0.45639637</measure>
		<relation>=</relation>
	</Cell>
</map>
<map>
	<Cell>
		<entity1 rdf:resource="http://cmt#email"/>
		<entity2 rdf:resource="http://pcs#E-mail"/>
		<measure rdf:datatype="xsd:float">0.7503562</measure>
		<relation>=</relation>
	</Cell>
</map>
<map>
	<Cell>
		<entity1 rdf:resource="http://cmt#ExternalReviewer"/>
		<entity2 rdf:resource="http://pcs#External_Reviewer"/>
		<measure rdf:datatype="xsd:float">0.30591175</measure>
		<relation>=</relation>
	</Cell>
</map>
<map>
	<Cell>
		<entity1 rdf:resource="http://cmt#title"/>
		<entity2 rdf:resource="http://pcs#Title"/>
		<measure rdf:datatype="xsd:float">0.7897297</measure>
		<relation>=</relation>
	</Cell>
</map>
<map>
	<Cell>
		<entity1 rdf:resource="http://cmt#ConferenceMember"/>
		<entity2 rdf:resource="http://pcs#ConferenceMember"/>
		<measure rdf:datatype="xsd:float">0.27056357</measure>
		<relation>=</relation>
	</Cell>
</map>
<map>
	<Cell>
		<entity1 rdf:resource="http://cmt#date"/>
		<entity2 rdf:resource="http://pcs#Date"/>
		<measure rdf:datatype="xsd:float">0.7777777</measure>
		<relation>=</relation>
	</Cell>
</map>
<map>
	<Cell>
		<entity1 rdf:resource="http://cmt#hasConferenceMember"/>
		<entity2 rdf:resource="http://pcs#has_conference_member"/>
		<measure rdf:datatype="xsd:float">0.5346339</measure>
		<relation>=</relation>
	</Cell>
</map>
<map>
	<Cell>
		<entity1 rdf:resource="http://cmt#memberOfConference"/>
		<entity2 rdf:resource="http://pcs#member_of_conference"/>
		<measure rdf:datatype="xsd:float">0.5346339</measure>
		<relation>=</relation>
	</Cell>
</map>
<map>
	<Cell>
		<entity1 rdf:resource="http://cmt#readPaper"/>
		<entity2 rdf:resource="http://pcs#read_paper"/>
		<measure rdf:datatype="xsd:float">0.3834794</measure>
		<relation>=</relation>
	</Cell>
</map>
<map>
	<Cell>
		<entity1 rdf:resource="http://cmt#hasConflictOfInterest"/>
		<entity2 rdf:resource="http://pcs#submit"/>
		<measure rdf:datatype="xsd:float">0.34029078</measure>
		<relation>=</relation>
	</Cell>
</map>
<map>
	<Cell>
		<entity1 rdf:resource="http://cmt#writeReview"/>
		<entity2 rdf:resource="http://pcs#write_review"/>
		<measure rdf:datatype="xsd:float">0.6444773</measure>
		<relation>=</relation>
	</Cell>
</map>
<map>
	<Cell>
		<entity1 rdf:resource="http://cmt#rejectedBy"/>
		<entity2 rdf:resource="http://pcs#rejected_paper_by"/>
		<measure rdf:datatype="xsd:float">0.3010238</measure>
		<relation>=</relation>
	</Cell>
</map>
<map>
	<Cell>
		<entity1 rdf:resource="http://cmt#writtenBy"/>
		<entity2 rdf:resource="http://pcs#written_review_by"/>
		<measure rdf:datatype="xsd:float">0.48890868</measure>
		<relation>=</relation>
	</Cell>
</map>
<map>
	<Cell>
		<entity1 rdf:resource="http://cmt#acceptPaper"/>
		<entity2 rdf:resource="http://pcs#generate"/>
		<measure rdf:datatype="xsd:float">0.1478301</measure>
		<relation>=</relation>
	</Cell>
</map>
<map>
	<Cell>
		<entity1 rdf:resource="http://cmt#Review"/>
		<entity2 rdf:resource="http://pcs#Review"/>
		<measure rdf:datatype="xsd:float">0.8610252</measure>
		<relation>=</relation>
	</Cell>
</map>
<map>
	<Cell>
		<entity1 rdf:resource="http://cmt#readByReviewer"/>
		<entity2 rdf:resource="http://pcs#read_paper_by"/>
		<measure rdf:datatype="xsd:float">0.27109846</measure>
		<relation>=</relation>
	</Cell>
</map>

</Alignment>
</rdf:RDF>
