<?xml version="1.0" encoding="utf-8"?>
<rdf:RDF xmlns="http://knowledgeweb.semanticweb.org/heterogeneity/alignment" 
	 xmlns:rdf="http://www.w3.org/1999/02/22-rdf-syntax-ns#" 
	 xmlns:xsd="http://www.w3.org/2001/XMLSchema#">

<Alignment>
<xml>yes</xml>
<level>0</level>
<type>??</type>

<map>
	<Cell>
		<entity1 rdf:resource="http://edas#RatedPapers"/>
		<entity2 rdf:resource="http://ekaw#Camera_Ready_Paper"/>
		<measure rdf:datatype="xsd:float">0.045720726</measure>
		<relation>=</relation>
	</Cell>
</map>
<map>
	<Cell>
		<entity1 rdf:resource="http://edas#relatedToPaper"/>
		<entity2 rdf:resource="http://ekaw#volumeContainsPaper"/>
		<measure rdf:datatype="xsd:float">0.11140351</measure>
		<relation>=</relation>
	</Cell>
</map>
<map>
	<Cell>
		<entity1 rdf:resource="http://edas#isReviewedBy"/>
		<entity2 rdf:resource="http://ekaw#hasReviewer"/>
		<measure rdf:datatype="xsd:float">0.28502524</measure>
		<relation>=</relation>
	</Cell>
</map>
<map>
	<Cell>
		<entity1 rdf:resource="http://edas#AcademiaOrganization"/>
		<entity2 rdf:resource="http://ekaw#Academic_Institution"/>
		<measure rdf:datatype="xsd:float">0.30782023</measure>
		<relation>=</relation>
	</Cell>
</map>
<map>
	<Cell>
		<entity1 rdf:resource="http://edas#PublishedPaper"/>
		<entity2 rdf:resource="http://ekaw#Submitted_Paper"/>
		<measure rdf:datatype="xsd:float">0.60842884</measure>
		<relation>=</relation>
	</Cell>
</map>
<map>
	<Cell>
		<entity1 rdf:resource="http://edas#SocialEvent"/>
		<entity2 rdf:resource="http://ekaw#Social_Event"/>
		<measure rdf:datatype="xsd:float">0.5851412</measure>
		<relation>=</relation>
	</Cell>
</map>
<map>
	<Cell>
		<entity1 rdf:resource="http://edas#hasTopic"/>
		<entity2 rdf:resource="http://ekaw#coversTopic"/>
		<measure rdf:datatype="xsd:float">0.3933527</measure>
		<relation>=</relation>
	</Cell>
</map>
<map>
	<Cell>
		<entity1 rdf:resource="http://edas#ConferenceSession"/>
		<entity2 rdf:resource="http://ekaw#Conference_Session"/>
		<measure rdf:datatype="xsd:float">0.3333333</measure>
		<relation>&gt;</relation>
	</Cell>
</map>
<map>
	<Cell>
		<entity1 rdf:resource="http://edas#GovernmentOrganization"/>
		<entity2 rdf:resource="http://ekaw#Organising_Agency"/>
		<measure rdf:datatype="xsd:float">0.3061475</measure>
		<relation>=</relation>
	</Cell>
</map>
<map>
	<Cell>
		<entity1 rdf:resource="http://edas#hasRelatedPaper"/>
		<entity2 rdf:resource="http://ekaw#paperInVolume"/>
		<measure rdf:datatype="xsd:float">0.11066667</measure>
		<relation>=</relation>
	</Cell>
</map>
<map>
	<Cell>
		<entity1 rdf:resource="http://edas#Presenter"/>
		<entity2 rdf:resource="http://ekaw#Presenter"/>
		<measure rdf:datatype="xsd:float">0.4</measure>
		<relation>=</relation>
	</Cell>
</map>
<map>
	<Cell>
		<entity1 rdf:resource="http://edas#ConferenceChair"/>
		<entity2 rdf:resource="http://ekaw#Demo_Chair"/>
		<measure rdf:datatype="xsd:float">0.5229107</measure>
		<relation>&gt;</relation>
	</Cell>
</map>
<map>
	<Cell>
		<entity1 rdf:resource="http://edas#PaperPresentation"/>
		<entity2 rdf:resource="http://ekaw#Individual_Presentation"/>
		<measure rdf:datatype="xsd:float">0.20008695</measure>
		<relation>=</relation>
	</Cell>
</map>
<map>
	<Cell>
		<entity1 rdf:resource="http://edas#Organization"/>
		<entity2 rdf:resource="http://ekaw#Organisation"/>
		<measure rdf:datatype="xsd:float">0.5213199</measure>
		<relation>=</relation>
	</Cell>
</map>
<map>
	<Cell>
		<entity1 rdf:resource="http://edas#belongsToEvent"/>
		<entity2 rdf:resource="http://ekaw#listsEvent"/>
		<measure rdf:datatype="xsd:float">0.254378</measure>
		<relation>=</relation>
	</Cell>
</map>
<map>
	<Cell>
		<entity1 rdf:resource="http://edas#isInitiatedBy"/>
		<entity2 rdf:resource="http://ekaw#scientificallyOrganisedBy"/>
		<measure rdf:datatype="xsd:float">0.1112</measure>
		<relation>&gt;</relation>
	</Cell>
</map>
<map>
	<Cell>
		<entity1 rdf:resource="http://edas#TPCMember"/>
		<entity2 rdf:resource="http://ekaw#SC_Member"/>
		<measure rdf:datatype="xsd:float">0.32597736</measure>
		<relation>&gt;</relation>
	</Cell>
</map>
<map>
	<Cell>
		<entity1 rdf:resource="http://edas#SecurityTopic"/>
		<entity2 rdf:resource="http://ekaw#Research_Topic"/>
		<measure rdf:datatype="xsd:float">0.5</measure>
		<relation>&lt;</relation>
	</Cell>
</map>
<map>
	<Cell>
		<entity1 rdf:resource="http://edas#isProviderOf"/>
		<entity2 rdf:resource="http://ekaw#publisherOf"/>
		<measure rdf:datatype="xsd:float">0.2590668</measure>
		<relation>=</relation>
	</Cell>
</map>
<map>
	<Cell>
		<entity1 rdf:resource="http://edas#AcceptedPaper"/>
		<entity2 rdf:resource="http://ekaw#Conference_Paper"/>
		<measure rdf:datatype="xsd:float">0.6075122</measure>
		<relation>=</relation>
	</Cell>
</map>
<map>
	<Cell>
		<entity1 rdf:resource="http://edas#hasRating"/>
		<entity2 rdf:resource="http://ekaw#hasReview"/>
		<measure rdf:datatype="xsd:float">0.21158493</measure>
		<relation>=</relation>
	</Cell>
</map>
<map>
	<Cell>
		<entity1 rdf:resource="http://edas#providedBy"/>
		<entity2 rdf:resource="http://ekaw#technicallyOrganisedBy"/>
		<measure rdf:datatype="xsd:float">0.0889091</measure>
		<relation>&gt;</relation>
	</Cell>
</map>
<map>
	<Cell>
		<entity1 rdf:resource="http://edas#WithdrawnPaper"/>
		<entity2 rdf:resource="http://ekaw#Industrial_Paper"/>
		<measure rdf:datatype="xsd:float">0.6075122</measure>
		<relation>=</relation>
	</Cell>
</map>
<map>
	<Cell>
		<entity1 rdf:resource="http://edas#Reception"/>
		<entity2 rdf:resource="http://ekaw#Conference_Trip"/>
		<measure rdf:datatype="xsd:float">0.34369174</measure>
		<relation>=</relation>
	</Cell>
</map>
<map>
	<Cell>
		<entity1 rdf:resource="http://edas#Document"/>
		<entity2 rdf:resource="http://ekaw#Document"/>
		<measure rdf:datatype="xsd:float">0.5894939</measure>
		<relation>=</relation>
	</Cell>
</map>
<map>
	<Cell>
		<entity1 rdf:resource="http://edas#hasCall"/>
		<entity2 rdf:resource="http://ekaw#hasPart"/>
		<measure rdf:datatype="xsd:float">0.16690476</measure>
		<relation>=</relation>
	</Cell>
</map>
<map>
	<Cell>
		<entity1 rdf:resource="http://edas#NGO"/>
		<entity2 rdf:resource="http://ekaw#Proceedings_Publisher"/>
		<measure rdf:datatype="xsd:float">0.30580118</measure>
		<relation>=</relation>
	</Cell>
</map>
<map>
	<Cell>
		<entity1 rdf:resource="http://edas#Programme"/>
		<entity2 rdf:resource="http://ekaw#Programme_Brochure"/>
		<measure rdf:datatype="xsd:float">0.48500687</measure>
		<relation>=</relation>
	</Cell>
</map>
<map>
	<Cell>
		<entity1 rdf:resource="http://edas#Person"/>
		<entity2 rdf:resource="http://ekaw#Person"/>
		<measure rdf:datatype="xsd:float">0.5474373</measure>
		<relation>=</relation>
	</Cell>
</map>
<map>
	<Cell>
		<entity1 rdf:resource="http://edas#isWrittenBy"/>
		<entity2 rdf:resource="http://ekaw#paperPresentedAs"/>
		<measure rdf:datatype="xsd:float">0.22715953</measure>
		<relation>=</relation>
	</Cell>
</map>
<map>
	<Cell>
		<entity1 rdf:resource="http://edas#Excursion"/>
		<entity2 rdf:resource="http://ekaw#Conference_Banquet"/>
		<measure rdf:datatype="xsd:float">0.34280285</measure>
		<relation>=</relation>
	</Cell>
</map>
<map>
	<Cell>
		<entity1 rdf:resource="http://edas#Review"/>
		<entity2 rdf:resource="http://ekaw#Review"/>
		<measure rdf:datatype="xsd:float">0.75100684</measure>
		<relation>=</relation>
	</Cell>
</map>
<map>
	<Cell>
		<entity1 rdf:resource="http://edas#Workshop"/>
		<entity2 rdf:resource="http://ekaw#Workshop"/>
		<measure rdf:datatype="xsd:float">1.0</measure>
		<relation>=</relation>
	</Cell>
</map>
<map>
	<Cell>
		<entity1 rdf:resource="http://edas#ActivePaper"/>
		<entity2 rdf:resource="http://ekaw#Workshop_Paper"/>
		<measure rdf:datatype="xsd:float">0.40330964</measure>
		<relation>=</relation>
	</Cell>
</map>
<map>
	<Cell>
		<entity1 rdf:resource="http://edas#ConferenceDinner"/>
		<entity2 rdf:resource="http://ekaw#Conference"/>
		<measure rdf:datatype="xsd:float">0.33625004</measure>
		<relation>=</relation>
	</Cell>
</map>
<map>
	<Cell>
		<entity1 rdf:resource="http://edas#Paper"/>
		<entity2 rdf:resource="http://ekaw#Paper"/>
		<measure rdf:datatype="xsd:float">0.67269754</measure>
		<relation>=</relation>
	</Cell>
</map>
<map>
	<Cell>
		<entity1 rdf:resource="http://edas#isMenuOf"/>
		<entity2 rdf:resource="http://ekaw#updatedVersionOf"/>
		<measure rdf:datatype="xsd:float">0.11062501</measure>
		<relation>=</relation>
	</Cell>
</map>
<map>
	<Cell>
		<entity1 rdf:resource="http://edas#isLocationOf"/>
		<entity2 rdf:resource="http://ekaw#partOf"/>
		<measure rdf:datatype="xsd:float">0.08883334</measure>
		<relation>=</relation>
	</Cell>
</map>
<map>
	<Cell>
		<entity1 rdf:resource="http://edas#SessionChair"/>
		<entity2 rdf:resource="http://ekaw#Session_Chair"/>
		<measure rdf:datatype="xsd:float">1.0</measure>
		<relation>&gt;</relation>
	</Cell>
</map>
<map>
	<Cell>
		<entity1 rdf:resource="http://edas#Attendee"/>
		<entity2 rdf:resource="http://ekaw#Student"/>
		<measure rdf:datatype="xsd:float">0.3243107</measure>
		<relation>=</relation>
	</Cell>
</map>
<map>
	<Cell>
		<entity1 rdf:resource="http://edas#hasRelatedDocument"/>
		<entity2 rdf:resource="http://ekaw#authorOf"/>
		<measure rdf:datatype="xsd:float">0.37517637</measure>
		<relation>=</relation>
	</Cell>
</map>
<map>
	<Cell>
		<entity1 rdf:resource="http://edas#RejectedPaper"/>
		<entity2 rdf:resource="http://ekaw#Regular_Paper"/>
		<measure rdf:datatype="xsd:float">0.607916</measure>
		<relation>=</relation>
	</Cell>
</map>
<map>
	<Cell>
		<entity1 rdf:resource="http://edas#relatesTo"/>
		<entity2 rdf:resource="http://ekaw#writtenBy"/>
		<measure rdf:datatype="xsd:float">0.37536156</measure>
		<relation>=</relation>
	</Cell>
</map>

</Alignment>
</rdf:RDF>
