<?xml version="1.0" encoding="utf-8"?>
<rdf:RDF xmlns="http://knowledgeweb.semanticweb.org/heterogeneity/alignment" 
	 xmlns:rdf="http://www.w3.org/1999/02/22-rdf-syntax-ns#" 
	 xmlns:xsd="http://www.w3.org/2001/XMLSchema#">

<Alignment>
<xml>yes</xml>
<level>0</level>
<type>??</type>

<map>
	<Cell>
		<entity1 rdf:resource="http://cmt#readByReviewer"/>
		<entity2 rdf:resource="http://crs_dr#has_reviewer"/>
		<measure rdf:datatype="xsd:float">0.5501239</measure>
		<relation>=</relation>
	</Cell>
</map>
<map>
	<Cell>
		<entity1 rdf:resource="http://cmt#hasConferenceMember"/>
		<entity2 rdf:resource="http://crs_dr#has_program"/>
		<measure rdf:datatype="xsd:float">0.1999883</measure>
		<relation>=</relation>
	</Cell>
</map>
<map>
	<Cell>
		<entity1 rdf:resource="http://cmt#Author"/>
		<entity2 rdf:resource="http://crs_dr#author"/>
		<measure rdf:datatype="xsd:float">1.0</measure>
		<relation>&lt;</relation>
	</Cell>
</map>
<map>
	<Cell>
		<entity1 rdf:resource="http://cmt#Reviewer"/>
		<entity2 rdf:resource="http://crs_dr#reviewer"/>
		<measure rdf:datatype="xsd:float">1.0</measure>
		<relation>&lt;</relation>
	</Cell>
</map>
<map>
	<Cell>
		<entity1 rdf:resource="http://cmt#writeReview"/>
		<entity2 rdf:resource="http://crs_dr#writes_review"/>
		<measure rdf:datatype="xsd:float">0.75025296</measure>
		<relation>=</relation>
	</Cell>
</map>
<map>
	<Cell>
		<entity1 rdf:resource="http://cmt#acceptedBy"/>
		<entity2 rdf:resource="http://crs_dr#article_written_by"/>
		<measure rdf:datatype="xsd:float">0.21594399</measure>
		<relation>=</relation>
	</Cell>
</map>
<map>
	<Cell>
		<entity1 rdf:resource="http://cmt#ProgramCommittee"/>
		<entity2 rdf:resource="http://crs_dr#program"/>
		<measure rdf:datatype="xsd:float">0.33437502</measure>
		<relation>=</relation>
	</Cell>
</map>
<map>
	<Cell>
		<entity1 rdf:resource="http://cmt#Chairman"/>
		<entity2 rdf:resource="http://crs_dr#chair"/>
		<measure rdf:datatype="xsd:float">0.68828356</measure>
		<relation>=</relation>
	</Cell>
</map>
<map>
	<Cell>
		<entity1 rdf:resource="http://cmt#hasAuthor"/>
		<entity2 rdf:resource="http://crs_dr#has_author"/>
		<measure rdf:datatype="xsd:float">0.79331434</measure>
		<relation>=</relation>
	</Cell>
</map>
<map>
	<Cell>
		<entity1 rdf:resource="http://cmt#date"/>
		<entity2 rdf:resource="http://crs_dr#has_startdate"/>
		<measure rdf:datatype="xsd:float">0.22324787</measure>
		<relation>=</relation>
	</Cell>
</map>
<map>
	<Cell>
		<entity1 rdf:resource="http://cmt#name"/>
		<entity2 rdf:resource="http://crs_dr#has_enddate"/>
		<measure rdf:datatype="xsd:float">0.22313131</measure>
		<relation>=</relation>
	</Cell>
</map>
<map>
	<Cell>
		<entity1 rdf:resource="http://cmt#writtenBy"/>
		<entity2 rdf:resource="http://crs_dr#review_written_by"/>
		<measure rdf:datatype="xsd:float">0.7601972</measure>
		<relation>=</relation>
	</Cell>
</map>
<map>
	<Cell>
		<entity1 rdf:resource="http://cmt#Document"/>
		<entity2 rdf:resource="http://crs_dr#document"/>
		<measure rdf:datatype="xsd:float">0.5803585</measure>
		<relation>=</relation>
	</Cell>
</map>
<map>
	<Cell>
		<entity1 rdf:resource="http://cmt#Conference"/>
		<entity2 rdf:resource="http://crs_dr#conference"/>
		<measure rdf:datatype="xsd:float">0.3333333</measure>
		<relation>&gt;</relation>
	</Cell>
</map>
<map>
	<Cell>
		<entity1 rdf:resource="http://cmt#Review"/>
		<entity2 rdf:resource="http://crs_dr#review"/>
		<measure rdf:datatype="xsd:float">0.7452545</measure>
		<relation>=</relation>
	</Cell>
</map>
<map>
	<Cell>
		<entity1 rdf:resource="http://cmt#Person"/>
		<entity2 rdf:resource="http://crs_dr#person"/>
		<measure rdf:datatype="xsd:float">0.48962754</measure>
		<relation>=</relation>
	</Cell>
</map>
<map>
	<Cell>
		<entity1 rdf:resource="http://cmt#writePaper"/>
		<entity2 rdf:resource="http://crs_dr#writes_article"/>
		<measure rdf:datatype="xsd:float">0.46140957</measure>
		<relation>=</relation>
	</Cell>
</map>
<map>
	<Cell>
		<entity1 rdf:resource="http://cmt#hasProgramCommitteeMember"/>
		<entity2 rdf:resource="http://crs_dr#program_created_by"/>
		<measure rdf:datatype="xsd:float">0.18350595</measure>
		<relation>=</relation>
	</Cell>
</map>
<map>
	<Cell>
		<entity1 rdf:resource="http://cmt#markConflictOfInterest"/>
		<entity2 rdf:resource="http://crs_dr#assigns_article_to_conference"/>
		<measure rdf:datatype="xsd:float">0.4610155</measure>
		<relation>=</relation>
	</Cell>
</map>
<map>
	<Cell>
		<entity1 rdf:resource="http://cmt#Paper"/>
		<entity2 rdf:resource="http://crs_dr#article"/>
		<measure rdf:datatype="xsd:float">0.37880805</measure>
		<relation>=</relation>
	</Cell>
</map>
<map>
	<Cell>
		<entity1 rdf:resource="http://cmt#hasBid"/>
		<entity2 rdf:resource="http://crs_dr#has_abstract"/>
		<measure rdf:datatype="xsd:float">0.2927588</measure>
		<relation>=</relation>
	</Cell>
</map>
<map>
	<Cell>
		<entity1 rdf:resource="http://cmt#ExternalReviewer"/>
		<entity2 rdf:resource="http://crs_dr#participant"/>
		<measure rdf:datatype="xsd:float">0.16346863</measure>
		<relation>=</relation>
	</Cell>
</map>

</Alignment>
</rdf:RDF>
