<?xml version="1.0" encoding="utf-8"?>
<rdf:RDF xmlns="http://knowledgeweb.semanticweb.org/heterogeneity/alignment" 
	 xmlns:rdf="http://www.w3.org/1999/02/22-rdf-syntax-ns#" 
	 xmlns:xsd="http://www.w3.org/2001/XMLSchema#">

<Alignment>
<xml>yes</xml>
<level>0</level>
<type>??</type>

<map>
	<Cell>
		<entity1 rdf:resource="http://cocus#Review_Form"/>
		<entity2 rdf:resource="http://micro#DoubleBlindReview"/>
		<measure rdf:datatype="xsd:float">0.058928113</measure>
		<relation>&lt;</relation>
	</Cell>
</map>
<map>
	<Cell>
		<entity1 rdf:resource="http://cocus#assign"/>
		<entity2 rdf:resource="http://micro#isMemberOf"/>
		<measure rdf:datatype="xsd:float">0.026082981</measure>
		<relation>=</relation>
	</Cell>
</map>
<map>
	<Cell>
		<entity1 rdf:resource="http://cocus#Administrator"/>
		<entity2 rdf:resource="http://micro#CommitteeMember"/>
		<measure rdf:datatype="xsd:float">0.07678803</measure>
		<relation>&gt;</relation>
	</Cell>
</map>
<map>
	<Cell>
		<entity1 rdf:resource="http://cocus#Person"/>
		<entity2 rdf:resource="http://micro#Person"/>
		<measure rdf:datatype="xsd:float">0.22907752</measure>
		<relation>=</relation>
	</Cell>
</map>
<map>
	<Cell>
		<entity1 rdf:resource="http://cocus#Author"/>
		<entity2 rdf:resource="http://micro#Author"/>
		<measure rdf:datatype="xsd:float">0.22222224</measure>
		<relation>&lt;</relation>
	</Cell>
</map>
<map>
	<Cell>
		<entity1 rdf:resource="http://cocus#assigned_by"/>
		<entity2 rdf:resource="http://micro#isConductedBy"/>
		<measure rdf:datatype="xsd:float">0.08902565</measure>
		<relation>=</relation>
	</Cell>
</map>
<map>
	<Cell>
		<entity1 rdf:resource="http://cocus#Committee"/>
		<entity2 rdf:resource="http://micro#OrganizingCommittee"/>
		<measure rdf:datatype="xsd:float">0.07438597</measure>
		<relation>&lt;</relation>
	</Cell>
</map>
<map>
	<Cell>
		<entity1 rdf:resource="http://cocus#Head_Role"/>
		<entity2 rdf:resource="http://micro#Lecture"/>
		<measure rdf:datatype="xsd:float">0.06413409</measure>
		<relation>=</relation>
	</Cell>
</map>
<map>
	<Cell>
		<entity1 rdf:resource="http://cocus#execute"/>
		<entity2 rdf:resource="http://micro#conducts"/>
		<measure rdf:datatype="xsd:float">0.28133333</measure>
		<relation>=</relation>
	</Cell>
</map>
<map>
	<Cell>
		<entity1 rdf:resource="http://cocus#has_result"/>
		<entity2 rdf:resource="http://micro#hasMembers"/>
		<measure rdf:datatype="xsd:float">0.16600001</measure>
		<relation>=</relation>
	</Cell>
</map>
<map>
	<Cell>
		<entity1 rdf:resource="http://cocus#Paper"/>
		<entity2 rdf:resource="http://micro#Paper"/>
		<measure rdf:datatype="xsd:float">0.22222224</measure>
		<relation>=</relation>
	</Cell>
</map>
<map>
	<Cell>
		<entity1 rdf:resource="http://cocus#Conference"/>
		<entity2 rdf:resource="http://micro#Conference"/>
		<measure rdf:datatype="xsd:float">0.3333333</measure>
		<relation>&lt;</relation>
	</Cell>
</map>
<map>
	<Cell>
		<entity1 rdf:resource="http://cocus#Review_Form_Setup"/>
		<entity2 rdf:resource="http://micro#ActivitySubmissionForm"/>
		<measure rdf:datatype="xsd:float">0.07363637</measure>
		<relation>&lt;</relation>
	</Cell>
</map>
<map>
	<Cell>
		<entity1 rdf:resource="http://cocus#Activity"/>
		<entity2 rdf:resource="http://micro#Location"/>
		<measure rdf:datatype="xsd:float">0.84275</measure>
		<relation>=</relation>
	</Cell>
</map>
<map>
	<Cell>
		<entity1 rdf:resource="http://cocus#Role"/>
		<entity2 rdf:resource="http://micro#Activity"/>
		<measure rdf:datatype="xsd:float">0.19357735</measure>
		<relation>=</relation>
	</Cell>
</map>
<map>
	<Cell>
		<entity1 rdf:resource="http://cocus#Author_Role"/>
		<entity2 rdf:resource="http://micro#Tutorial"/>
		<measure rdf:datatype="xsd:float">0.06440345</measure>
		<relation>=</relation>
	</Cell>
</map>
<map>
	<Cell>
		<entity1 rdf:resource="http://cocus#Research_Topic"/>
		<entity2 rdf:resource="http://micro#Topic"/>
		<measure rdf:datatype="xsd:float">0.33357143</measure>
		<relation>&lt;</relation>
	</Cell>
</map>
<map>
	<Cell>
		<entity1 rdf:resource="http://cocus#Workshop"/>
		<entity2 rdf:resource="http://micro#WorkShop"/>
		<measure rdf:datatype="xsd:float">0.22222224</measure>
		<relation>=</relation>
	</Cell>
</map>

</Alignment>
</rdf:RDF>
