<?xml version="1.0" encoding="utf-8"?>
<rdf:RDF xmlns="http://knowledgeweb.semanticweb.org/heterogeneity/alignment" 
	 xmlns:rdf="http://www.w3.org/1999/02/22-rdf-syntax-ns#" 
	 xmlns:xsd="http://www.w3.org/2001/XMLSchema#">

<Alignment>
<xml>yes</xml>
<level>0</level>
<type>??</type>

<map>
	<Cell>
		<entity1 rdf:resource="http://ekaw#Social_Event"/>
		<entity2 rdf:resource="http://sigkdd#Place"/>
		<measure rdf:datatype="xsd:float">0.04223128</measure>
		<relation>&lt;</relation>
	</Cell>
</map>
<map>
	<Cell>
		<entity1 rdf:resource="http://ekaw#Conference_Participant"/>
		<entity2 rdf:resource="http://sigkdd#Organizator"/>
		<measure rdf:datatype="xsd:float">0.041378494</measure>
		<relation>=</relation>
	</Cell>
</map>
<map>
	<Cell>
		<entity1 rdf:resource="http://ekaw#Late-Registered_Participant"/>
		<entity2 rdf:resource="http://sigkdd#Webmaster"/>
		<measure rdf:datatype="xsd:float">0.014207393</measure>
		<relation>=</relation>
	</Cell>
</map>
<map>
	<Cell>
		<entity1 rdf:resource="http://ekaw#Conference_Trip"/>
		<entity2 rdf:resource="http://sigkdd#Conference_hall"/>
		<measure rdf:datatype="xsd:float">0.225552</measure>
		<relation>&lt;</relation>
	</Cell>
</map>
<map>
	<Cell>
		<entity1 rdf:resource="http://ekaw#Paper"/>
		<entity2 rdf:resource="http://sigkdd#Paper"/>
		<measure rdf:datatype="xsd:float">0.70517945</measure>
		<relation>=</relation>
	</Cell>
</map>
<map>
	<Cell>
		<entity1 rdf:resource="http://ekaw#paperPresentedAs"/>
		<entity2 rdf:resource="http://sigkdd#award"/>
		<measure rdf:datatype="xsd:float">0.013094136</measure>
		<relation>=</relation>
	</Cell>
</map>
<map>
	<Cell>
		<entity1 rdf:resource="http://ekaw#paperInVolume"/>
		<entity2 rdf:resource="http://sigkdd#can_stay_in"/>
		<measure rdf:datatype="xsd:float">0.1102564</measure>
		<relation>=</relation>
	</Cell>
</map>
<map>
	<Cell>
		<entity1 rdf:resource="http://ekaw#hasUpdatedVersion"/>
		<entity2 rdf:resource="http://sigkdd#submit_until"/>
		<measure rdf:datatype="xsd:float">0.17032842</measure>
		<relation>=</relation>
	</Cell>
</map>
<map>
	<Cell>
		<entity1 rdf:resource="http://ekaw#Tutorial_Chair"/>
		<entity2 rdf:resource="http://sigkdd#Program_Chair"/>
		<measure rdf:datatype="xsd:float">0.11126985</measure>
		<relation>=</relation>
	</Cell>
</map>
<map>
	<Cell>
		<entity1 rdf:resource="http://ekaw#Document"/>
		<entity2 rdf:resource="http://sigkdd#Document"/>
		<measure rdf:datatype="xsd:float">0.5088155</measure>
		<relation>=</relation>
	</Cell>
</map>
<map>
	<Cell>
		<entity1 rdf:resource="http://ekaw#writtenBy"/>
		<entity2 rdf:resource="http://sigkdd#presentationed_by"/>
		<measure rdf:datatype="xsd:float">0.33572057</measure>
		<relation>=</relation>
	</Cell>
</map>
<map>
	<Cell>
		<entity1 rdf:resource="http://ekaw#Conference"/>
		<entity2 rdf:resource="http://sigkdd#Conference"/>
		<measure rdf:datatype="xsd:float">1.0</measure>
		<relation>&lt;</relation>
	</Cell>
</map>
<map>
	<Cell>
		<entity1 rdf:resource="http://ekaw#technicallyOrganisedBy"/>
		<entity2 rdf:resource="http://sigkdd#designed_by"/>
		<measure rdf:datatype="xsd:float">0.08906061</measure>
		<relation>&lt;</relation>
	</Cell>
</map>
<map>
	<Cell>
		<entity1 rdf:resource="http://ekaw#OC_Member"/>
		<entity2 rdf:resource="http://sigkdd#Program_Committee_member"/>
		<measure rdf:datatype="xsd:float">0.07329588</measure>
		<relation>=</relation>
	</Cell>
</map>
<map>
	<Cell>
		<entity1 rdf:resource="http://ekaw#Paper_Author"/>
		<entity2 rdf:resource="http://sigkdd#Author_of_paper"/>
		<measure rdf:datatype="xsd:float">0.19448107</measure>
		<relation>&gt;</relation>
	</Cell>
</map>
<map>
	<Cell>
		<entity1 rdf:resource="http://ekaw#Abstract"/>
		<entity2 rdf:resource="http://sigkdd#Abstract"/>
		<measure rdf:datatype="xsd:float">0.70517945</measure>
		<relation>=</relation>
	</Cell>
</map>
<map>
	<Cell>
		<entity1 rdf:resource="http://ekaw#Person"/>
		<entity2 rdf:resource="http://sigkdd#Person"/>
		<measure rdf:datatype="xsd:float">0.23011085</measure>
		<relation>=</relation>
	</Cell>
</map>
<map>
	<Cell>
		<entity1 rdf:resource="http://ekaw#organises"/>
		<entity2 rdf:resource="http://sigkdd#pay"/>
		<measure rdf:datatype="xsd:float">0.07707365</measure>
		<relation>=</relation>
	</Cell>
</map>
<map>
	<Cell>
		<entity1 rdf:resource="http://ekaw#Agency_Staff_Member"/>
		<entity2 rdf:resource="http://sigkdd#Listener"/>
		<measure rdf:datatype="xsd:float">0.07728808</measure>
		<relation>=</relation>
	</Cell>
</map>
<map>
	<Cell>
		<entity1 rdf:resource="http://ekaw#scientificallyOrganisedBy"/>
		<entity2 rdf:resource="http://sigkdd#searched_by"/>
		<measure rdf:datatype="xsd:float">0.088933334</measure>
		<relation>&lt;</relation>
	</Cell>
</map>
<map>
	<Cell>
		<entity1 rdf:resource="http://ekaw#Review"/>
		<entity2 rdf:resource="http://sigkdd#Review"/>
		<measure rdf:datatype="xsd:float">0.70517945</measure>
		<relation>=</relation>
	</Cell>
</map>
<map>
	<Cell>
		<entity1 rdf:resource="http://ekaw#Demo_Chair"/>
		<entity2 rdf:resource="http://sigkdd#General_Chair"/>
		<measure rdf:datatype="xsd:float">0.12499246</measure>
		<relation>=</relation>
	</Cell>
</map>
<map>
	<Cell>
		<entity1 rdf:resource="http://ekaw#Student"/>
		<entity2 rdf:resource="http://sigkdd#Author_of_paper_student"/>
		<measure rdf:datatype="xsd:float">0.099379614</measure>
		<relation>&gt;</relation>
	</Cell>
</map>
<map>
	<Cell>
		<entity1 rdf:resource="http://ekaw#Conference_Banquet"/>
		<entity2 rdf:resource="http://sigkdd#Main_office"/>
		<measure rdf:datatype="xsd:float">0.025285317</measure>
		<relation>&lt;</relation>
	</Cell>
</map>
<map>
	<Cell>
		<entity1 rdf:resource="http://ekaw#Invited_Speaker"/>
		<entity2 rdf:resource="http://sigkdd#Invited_Speaker"/>
		<measure rdf:datatype="xsd:float">0.22222224</measure>
		<relation>=</relation>
	</Cell>
</map>
<map>
	<Cell>
		<entity1 rdf:resource="http://ekaw#Research_Institute"/>
		<entity2 rdf:resource="http://sigkdd#Best_Research_Paper_Award"/>
		<measure rdf:datatype="xsd:float">0.07487522</measure>
		<relation>&lt;</relation>
	</Cell>
</map>
<map>
	<Cell>
		<entity1 rdf:resource="http://ekaw#Academic_Institution"/>
		<entity2 rdf:resource="http://sigkdd#Award"/>
		<measure rdf:datatype="xsd:float">0.01239203</measure>
		<relation>&lt;</relation>
	</Cell>
</map>

</Alignment>
</rdf:RDF>
