<?xml version="1.0" encoding="utf-8"?>
<rdf:RDF xmlns="http://knowledgeweb.semanticweb.org/heterogeneity/alignment" 
	 xmlns:rdf="http://www.w3.org/1999/02/22-rdf-syntax-ns#" 
	 xmlns:xsd="http://www.w3.org/2001/XMLSchema#">

<Alignment>
<xml>yes</xml>
<level>0</level>
<type>??</type>

<map>
	<Cell>
		<entity1 rdf:resource="http://pcs#E-mail"/>
		<entity2 rdf:resource="http://sigkdd#E-mail"/>
		<measure rdf:datatype="xsd:float">0.7461032</measure>
		<relation>=</relation>
	</Cell>
</map>
<map>
	<Cell>
		<entity1 rdf:resource="http://pcs#Date"/>
		<entity2 rdf:resource="http://sigkdd#Start_of_conference"/>
		<measure rdf:datatype="xsd:float">0.55608183</measure>
		<relation>=</relation>
	</Cell>
</map>
<map>
	<Cell>
		<entity1 rdf:resource="http://pcs#NAME"/>
		<entity2 rdf:resource="http://sigkdd#Name"/>
		<measure rdf:datatype="xsd:float">0.7461032</measure>
		<relation>=</relation>
	</Cell>
</map>
<map>
	<Cell>
		<entity1 rdf:resource="http://pcs#WebSite"/>
		<entity2 rdf:resource="http://sigkdd#End_of_conference"/>
		<measure rdf:datatype="xsd:float">0.5559477</measure>
		<relation>=</relation>
	</Cell>
</map>
<map>
	<Cell>
		<entity1 rdf:resource="http://pcs#Paper"/>
		<entity2 rdf:resource="http://sigkdd#Paper"/>
		<measure rdf:datatype="xsd:float">0.77486086</measure>
		<relation>=</relation>
	</Cell>
</map>
<map>
	<Cell>
		<entity1 rdf:resource="http://pcs#Conference"/>
		<entity2 rdf:resource="http://sigkdd#Conference"/>
		<measure rdf:datatype="xsd:float">1.0</measure>
		<relation>=</relation>
	</Cell>
</map>
<map>
	<Cell>
		<entity1 rdf:resource="http://pcs#has_conference_member"/>
		<entity2 rdf:resource="http://sigkdd#holded_by"/>
		<measure rdf:datatype="xsd:float">0.33412698</measure>
		<relation>=</relation>
	</Cell>
</map>
<map>
	<Cell>
		<entity1 rdf:resource="http://pcs#write_paper"/>
		<entity2 rdf:resource="http://sigkdd#notification_until"/>
		<measure rdf:datatype="xsd:float">0.074629635</measure>
		<relation>=</relation>
	</Cell>
</map>
<map>
	<Cell>
		<entity1 rdf:resource="http://pcs#External_Reviewer"/>
		<entity2 rdf:resource="http://sigkdd#General_Chair"/>
		<measure rdf:datatype="xsd:float">0.08035157</measure>
		<relation>&gt;</relation>
	</Cell>
</map>
<map>
	<Cell>
		<entity1 rdf:resource="http://pcs#submited_by"/>
		<entity2 rdf:resource="http://sigkdd#presentationed_by"/>
		<measure rdf:datatype="xsd:float">0.37462854</measure>
		<relation>=</relation>
	</Cell>
</map>
<map>
	<Cell>
		<entity1 rdf:resource="http://pcs#CommitteeMember"/>
		<entity2 rdf:resource="http://sigkdd#Program_Committee_member"/>
		<measure rdf:datatype="xsd:float">0.11872223</measure>
		<relation>=</relation>
	</Cell>
</map>
<map>
	<Cell>
		<entity1 rdf:resource="http://pcs#get"/>
		<entity2 rdf:resource="http://sigkdd#obtain"/>
		<measure rdf:datatype="xsd:float">0.32725558</measure>
		<relation>=</relation>
	</Cell>
</map>
<map>
	<Cell>
		<entity1 rdf:resource="http://pcs#Author"/>
		<entity2 rdf:resource="http://sigkdd#Author"/>
		<measure rdf:datatype="xsd:float">0.22222224</measure>
		<relation>=</relation>
	</Cell>
</map>
<map>
	<Cell>
		<entity1 rdf:resource="http://pcs#PERSON"/>
		<entity2 rdf:resource="http://sigkdd#Person"/>
		<measure rdf:datatype="xsd:float">0.23539531</measure>
		<relation>=</relation>
	</Cell>
</map>
<map>
	<Cell>
		<entity1 rdf:resource="http://pcs#loggin_in"/>
		<entity2 rdf:resource="http://sigkdd#can_stay_in"/>
		<measure rdf:datatype="xsd:float">0.16834563</measure>
		<relation>=</relation>
	</Cell>
</map>
<map>
	<Cell>
		<entity1 rdf:resource="http://pcs#Review"/>
		<entity2 rdf:resource="http://sigkdd#Review"/>
		<measure rdf:datatype="xsd:float">0.77486086</measure>
		<relation>=</relation>
	</Cell>
</map>
<map>
	<Cell>
		<entity1 rdf:resource="http://pcs#submit"/>
		<entity2 rdf:resource="http://sigkdd#submit"/>
		<measure rdf:datatype="xsd:float">0.3333333</measure>
		<relation>=</relation>
	</Cell>
</map>
<map>
	<Cell>
		<entity1 rdf:resource="http://pcs#Administrator"/>
		<entity2 rdf:resource="http://sigkdd#Listener"/>
		<measure rdf:datatype="xsd:float">0.080120295</measure>
		<relation>=</relation>
	</Cell>
</map>
<map>
	<Cell>
		<entity1 rdf:resource="http://pcs#DOCUMENT"/>
		<entity2 rdf:resource="http://sigkdd#Document"/>
		<measure rdf:datatype="xsd:float">0.6492826</measure>
		<relation>=</relation>
	</Cell>
</map>
<map>
	<Cell>
		<entity1 rdf:resource="http://pcs#accepted_by"/>
		<entity2 rdf:resource="http://sigkdd#award"/>
		<measure rdf:datatype="xsd:float">0.013075195</measure>
		<relation>=</relation>
	</Cell>
</map>

</Alignment>
</rdf:RDF>
