<?xml version="1.0" encoding="utf-8"?>
<rdf:RDF xmlns="http://knowledgeweb.semanticweb.org/heterogeneity/alignment" 
	 xmlns:rdf="http://www.w3.org/1999/02/22-rdf-syntax-ns#" 
	 xmlns:xsd="http://www.w3.org/2001/XMLSchema#">

<Alignment>
<xml>yes</xml>
<level>0</level>
<type>??</type>

<map>
	<Cell>
		<entity1 rdf:resource="http://crs_dr#has_program"/>
		<entity2 rdf:resource="http://ekaw#volumeContainsPaper"/>
		<measure rdf:datatype="xsd:float">0.025132025</measure>
		<relation>=</relation>
	</Cell>
</map>
<map>
	<Cell>
		<entity1 rdf:resource="http://crs_dr#chair"/>
		<entity2 rdf:resource="http://ekaw#OC_Chair"/>
		<measure rdf:datatype="xsd:float">0.4461674</measure>
		<relation>&gt;</relation>
	</Cell>
</map>
<map>
	<Cell>
		<entity1 rdf:resource="http://crs_dr#reviewer"/>
		<entity2 rdf:resource="http://ekaw#Possible_Reviewer"/>
		<measure rdf:datatype="xsd:float">0.4455498</measure>
		<relation>=</relation>
	</Cell>
</map>
<map>
	<Cell>
		<entity1 rdf:resource="http://crs_dr#part_of_article"/>
		<entity2 rdf:resource="http://ekaw#paperPresentedAs"/>
		<measure rdf:datatype="xsd:float">0.23508143</measure>
		<relation>=</relation>
	</Cell>
</map>
<map>
	<Cell>
		<entity1 rdf:resource="http://crs_dr#pc_meeting"/>
		<entity2 rdf:resource="http://ekaw#Social_Event"/>
		<measure rdf:datatype="xsd:float">0.2814769</measure>
		<relation>=</relation>
	</Cell>
</map>
<map>
	<Cell>
		<entity1 rdf:resource="http://crs_dr#review"/>
		<entity2 rdf:resource="http://ekaw#Review"/>
		<measure rdf:datatype="xsd:float">0.70315325</measure>
		<relation>=</relation>
	</Cell>
</map>
<map>
	<Cell>
		<entity1 rdf:resource="http://crs_dr#event"/>
		<entity2 rdf:resource="http://ekaw#Event"/>
		<measure rdf:datatype="xsd:float">0.46789247</measure>
		<relation>=</relation>
	</Cell>
</map>
<map>
	<Cell>
		<entity1 rdf:resource="http://crs_dr#has_abstract"/>
		<entity2 rdf:resource="http://ekaw#hasReview"/>
		<measure rdf:datatype="xsd:float">0.48027945</measure>
		<relation>=</relation>
	</Cell>
</map>
<map>
	<Cell>
		<entity1 rdf:resource="http://crs_dr#has_reviewer"/>
		<entity2 rdf:resource="http://ekaw#hasReviewer"/>
		<measure rdf:datatype="xsd:float">0.69795525</measure>
		<relation>=</relation>
	</Cell>
</map>
<map>
	<Cell>
		<entity1 rdf:resource="http://crs_dr#author"/>
		<entity2 rdf:resource="http://ekaw#Paper_Author"/>
		<measure rdf:datatype="xsd:float">0.44566742</measure>
		<relation>=</relation>
	</Cell>
</map>
<map>
	<Cell>
		<entity1 rdf:resource="http://crs_dr#participant"/>
		<entity2 rdf:resource="http://ekaw#Late-Registered_Participant"/>
		<measure rdf:datatype="xsd:float">0.37929705</measure>
		<relation>&gt;</relation>
	</Cell>
</map>
<map>
	<Cell>
		<entity1 rdf:resource="http://crs_dr#article_written_by"/>
		<entity2 rdf:resource="http://ekaw#coversTopic"/>
		<measure rdf:datatype="xsd:float">0.21387866</measure>
		<relation>=</relation>
	</Cell>
</map>
<map>
	<Cell>
		<entity1 rdf:resource="http://crs_dr#person"/>
		<entity2 rdf:resource="http://ekaw#Person"/>
		<measure rdf:datatype="xsd:float">0.531095</measure>
		<relation>=</relation>
	</Cell>
</map>
<map>
	<Cell>
		<entity1 rdf:resource="http://crs_dr#program_created_by"/>
		<entity2 rdf:resource="http://ekaw#technicallyOrganisedBy"/>
		<measure rdf:datatype="xsd:float">0.11090909</measure>
		<relation>&gt;</relation>
	</Cell>
</map>
<map>
	<Cell>
		<entity1 rdf:resource="http://crs_dr#conference"/>
		<entity2 rdf:resource="http://ekaw#Conference"/>
		<measure rdf:datatype="xsd:float">0.6804769</measure>
		<relation>&gt;</relation>
	</Cell>
</map>
<map>
	<Cell>
		<entity1 rdf:resource="http://crs_dr#document"/>
		<entity2 rdf:resource="http://ekaw#Document"/>
		<measure rdf:datatype="xsd:float">0.5052593</measure>
		<relation>=</relation>
	</Cell>
</map>
<map>
	<Cell>
		<entity1 rdf:resource="http://crs_dr#article"/>
		<entity2 rdf:resource="http://ekaw#Paper"/>
		<measure rdf:datatype="xsd:float">0.6397533</measure>
		<relation>=</relation>
	</Cell>
</map>
<map>
	<Cell>
		<entity1 rdf:resource="http://crs_dr#abstract"/>
		<entity2 rdf:resource="http://ekaw#Abstract"/>
		<measure rdf:datatype="xsd:float">0.70315325</measure>
		<relation>=</relation>
	</Cell>
</map>
<map>
	<Cell>
		<entity1 rdf:resource="http://crs_dr#session"/>
		<entity2 rdf:resource="http://ekaw#Tutorial"/>
		<measure rdf:datatype="xsd:float">0.61757696</measure>
		<relation>&gt;</relation>
	</Cell>
</map>
<map>
	<Cell>
		<entity1 rdf:resource="http://crs_dr#review_written_by"/>
		<entity2 rdf:resource="http://ekaw#reviewWrittenBy"/>
		<measure rdf:datatype="xsd:float">0.7190886</measure>
		<relation>&gt;</relation>
	</Cell>
</map>
<map>
	<Cell>
		<entity1 rdf:resource="http://crs_dr#has_author"/>
		<entity2 rdf:resource="http://ekaw#hasPart"/>
		<measure rdf:datatype="xsd:float">0.16666666</measure>
		<relation>=</relation>
	</Cell>
</map>

</Alignment>
</rdf:RDF>
