<?xml version="1.0" encoding="utf-8"?>
<rdf:RDF xmlns="http://knowledgeweb.semanticweb.org/heterogeneity/alignment" 
	 xmlns:rdf="http://www.w3.org/1999/02/22-rdf-syntax-ns#" 
	 xmlns:xsd="http://www.w3.org/2001/XMLSchema#">

<Alignment>
<xml>yes</xml>
<level>0</level>
<type>??</type>

<map>
	<Cell>
		<entity1 rdf:resource="http://cmt#acceptPaper"/>
		<entity2 rdf:resource="http://cocus#approve"/>
		<measure rdf:datatype="xsd:float">0.074983165</measure>
		<relation>=</relation>
	</Cell>
</map>
<map>
	<Cell>
		<entity1 rdf:resource="http://cmt#Paper"/>
		<entity2 rdf:resource="http://cocus#Paper"/>
		<measure rdf:datatype="xsd:float">0.27435258</measure>
		<relation>=</relation>
	</Cell>
</map>
<map>
	<Cell>
		<entity1 rdf:resource="http://cmt#PaperAbstract"/>
		<entity2 rdf:resource="http://cocus#Short_Paper"/>
		<measure rdf:datatype="xsd:float">0.20165919</measure>
		<relation>=</relation>
	</Cell>
</map>
<map>
	<Cell>
		<entity1 rdf:resource="http://cmt#Document"/>
		<entity2 rdf:resource="http://cocus#Document"/>
		<measure rdf:datatype="xsd:float">0.2442485</measure>
		<relation>=</relation>
	</Cell>
</map>
<map>
	<Cell>
		<entity1 rdf:resource="http://cmt#PaperFullVersion"/>
		<entity2 rdf:resource="http://cocus#Full_Paper"/>
		<measure rdf:datatype="xsd:float">0.20937717</measure>
		<relation>=</relation>
	</Cell>
</map>
<map>
	<Cell>
		<entity1 rdf:resource="http://cmt#Administrator"/>
		<entity2 rdf:resource="http://cocus#Administrator"/>
		<measure rdf:datatype="xsd:float">0.22222224</measure>
		<relation>&lt;</relation>
	</Cell>
</map>
<map>
	<Cell>
		<entity1 rdf:resource="http://cmt#Co-author"/>
		<entity2 rdf:resource="http://cocus#Corresponding_Author"/>
		<measure rdf:datatype="xsd:float">0.18845482</measure>
		<relation>=</relation>
	</Cell>
</map>
<map>
	<Cell>
		<entity1 rdf:resource="http://cmt#addedBy"/>
		<entity2 rdf:resource="http://cocus#added_by"/>
		<measure rdf:datatype="xsd:float">0.3333333</measure>
		<relation>=</relation>
	</Cell>
</map>
<map>
	<Cell>
		<entity1 rdf:resource="http://cmt#Bid"/>
		<entity2 rdf:resource="http://cocus#Request"/>
		<measure rdf:datatype="xsd:float">0.8415001</measure>
		<relation>&gt;</relation>
	</Cell>
</map>
<map>
	<Cell>
		<entity1 rdf:resource="http://cmt#addProgramCommitteeMember"/>
		<entity2 rdf:resource="http://cocus#add"/>
		<measure rdf:datatype="xsd:float">0.0334</measure>
		<relation>=</relation>
	</Cell>
</map>
<map>
	<Cell>
		<entity1 rdf:resource="http://cmt#adjustedBy"/>
		<entity2 rdf:resource="http://cocus#sent_by"/>
		<measure rdf:datatype="xsd:float">0.16600001</measure>
		<relation>=</relation>
	</Cell>
</map>
<map>
	<Cell>
		<entity1 rdf:resource="http://cmt#Chairman"/>
		<entity2 rdf:resource="http://cocus#Committee"/>
		<measure rdf:datatype="xsd:float">0.06357631</measure>
		<relation>&gt;</relation>
	</Cell>
</map>
<map>
	<Cell>
		<entity1 rdf:resource="http://cmt#hasConflictOfInterest"/>
		<entity2 rdf:resource="http://cocus#inverse_of_add"/>
		<measure rdf:datatype="xsd:float">0.22699973</measure>
		<relation>=</relation>
	</Cell>
</map>
<map>
	<Cell>
		<entity1 rdf:resource="http://cmt#Conference"/>
		<entity2 rdf:resource="http://cocus#Conference"/>
		<measure rdf:datatype="xsd:float">0.3333333</measure>
		<relation>&gt;</relation>
	</Cell>
</map>
<map>
	<Cell>
		<entity1 rdf:resource="http://cmt#writtenBy"/>
		<entity2 rdf:resource="http://cocus#used_by"/>
		<measure rdf:datatype="xsd:float">0.16574073</measure>
		<relation>=</relation>
	</Cell>
</map>
<map>
	<Cell>
		<entity1 rdf:resource="http://cmt#ConferenceMember"/>
		<entity2 rdf:resource="http://cocus#User"/>
		<measure rdf:datatype="xsd:float">0.04198584</measure>
		<relation>=</relation>
	</Cell>
</map>
<map>
	<Cell>
		<entity1 rdf:resource="http://cmt#acceptedBy"/>
		<entity2 rdf:resource="http://cocus#submited__by"/>
		<measure rdf:datatype="xsd:float">0.16638888</measure>
		<relation>=</relation>
	</Cell>
</map>
<map>
	<Cell>
		<entity1 rdf:resource="http://cmt#detailsEnteredBy"/>
		<entity2 rdf:resource="http://cocus#approved_by"/>
		<measure rdf:datatype="xsd:float">0.1629074</measure>
		<relation>=</relation>
	</Cell>
</map>
<map>
	<Cell>
		<entity1 rdf:resource="http://cmt#Person"/>
		<entity2 rdf:resource="http://cocus#Person"/>
		<measure rdf:datatype="xsd:float">0.223823</measure>
		<relation>=</relation>
	</Cell>
</map>
<map>
	<Cell>
		<entity1 rdf:resource="http://cmt#Author"/>
		<entity2 rdf:resource="http://cocus#Author"/>
		<measure rdf:datatype="xsd:float">0.23269671</measure>
		<relation>=</relation>
	</Cell>
</map>
<map>
	<Cell>
		<entity1 rdf:resource="http://cmt#submitPaper"/>
		<entity2 rdf:resource="http://cocus#submit"/>
		<measure rdf:datatype="xsd:float">0.11181819</measure>
		<relation>=</relation>
	</Cell>
</map>
<map>
	<Cell>
		<entity1 rdf:resource="http://cmt#Review"/>
		<entity2 rdf:resource="http://cocus#Review"/>
		<measure rdf:datatype="xsd:float">0.3036388</measure>
		<relation>=</relation>
	</Cell>
</map>
<map>
	<Cell>
		<entity1 rdf:resource="http://cmt#assignReviewer"/>
		<entity2 rdf:resource="http://cocus#assign"/>
		<measure rdf:datatype="xsd:float">0.18550266</measure>
		<relation>=</relation>
	</Cell>
</map>
<map>
	<Cell>
		<entity1 rdf:resource="http://cmt#rejectedBy"/>
		<entity2 rdf:resource="http://cocus#recieved_by"/>
		<measure rdf:datatype="xsd:float">0.16681819</measure>
		<relation>=</relation>
	</Cell>
</map>

</Alignment>
</rdf:RDF>
