<?xml version="1.0" encoding="utf-8"?>
<rdf:RDF xmlns="http://knowledgeweb.semanticweb.org/heterogeneity/alignment" 
	 xmlns:rdf="http://www.w3.org/1999/02/22-rdf-syntax-ns#" 
	 xmlns:xsd="http://www.w3.org/2001/XMLSchema#">

<Alignment>
<xml>yes</xml>
<level>0</level>
<type>??</type>

<map>
	<Cell>
		<entity1 rdf:resource="http://confious#Contact_Person"/>
		<entity2 rdf:resource="http://iasted#Person"/>
		<measure rdf:datatype="xsd:float">0.07428572</measure>
		<relation>&lt;</relation>
	</Cell>
</map>
<map>
	<Cell>
		<entity1 rdf:resource="http://confious#conference_setup"/>
		<entity2 rdf:resource="http://iasted#Conference_hotel"/>
		<measure rdf:datatype="xsd:float">0.1675</measure>
		<relation>&gt;</relation>
	</Cell>
</map>
<map>
	<Cell>
		<entity1 rdf:resource="http://confious#Regular_Program_Committee_member"/>
		<entity2 rdf:resource="http://iasted#IASTED_member"/>
		<measure rdf:datatype="xsd:float">0.037361115</measure>
		<relation>=</relation>
	</Cell>
</map>
<map>
	<Cell>
		<entity1 rdf:resource="http://confious#has_result"/>
		<entity2 rdf:resource="http://iasted#is_connected_with"/>
		<measure rdf:datatype="xsd:float">0.14279492</measure>
		<relation>=</relation>
	</Cell>
</map>
<map>
	<Cell>
		<entity1 rdf:resource="http://confious#end_date_of_abstract_submission"/>
		<entity2 rdf:resource="http://iasted#Submission"/>
		<measure rdf:datatype="xsd:float">0.015383515</measure>
		<relation>=</relation>
	</Cell>
</map>
<map>
	<Cell>
		<entity1 rdf:resource="http://confious#paper_assignment"/>
		<entity2 rdf:resource="http://iasted#PowerPoint_presentation"/>
		<measure rdf:datatype="xsd:float">0.13803378</measure>
		<relation>&gt;</relation>
	</Cell>
</map>
<map>
	<Cell>
		<entity1 rdf:resource="http://confious#date_of_notification"/>
		<entity2 rdf:resource="http://iasted#Deadline_for_notification_of_acceptance"/>
		<measure rdf:datatype="xsd:float">0.10053846</measure>
		<relation>=</relation>
	</Cell>
</map>
<map>
	<Cell>
		<entity1 rdf:resource="http://confious#review"/>
		<entity2 rdf:resource="http://iasted#Review"/>
		<measure rdf:datatype="xsd:float">0.22697487</measure>
		<relation>&gt;</relation>
	</Cell>
</map>
<map>
	<Cell>
		<entity1 rdf:resource="http://confious#goes_through"/>
		<entity2 rdf:resource="http://iasted#go_through"/>
		<measure rdf:datatype="xsd:float">0.30998445</measure>
		<relation>=</relation>
	</Cell>
</map>
<map>
	<Cell>
		<entity1 rdf:resource="http://confious#review_form"/>
		<entity2 rdf:resource="http://iasted#Registration_form"/>
		<measure rdf:datatype="xsd:float">0.1157984</measure>
		<relation>&gt;</relation>
	</Cell>
</map>
<map>
	<Cell>
		<entity1 rdf:resource="http://confious#conference"/>
		<entity2 rdf:resource="http://iasted#Conference_hall"/>
		<measure rdf:datatype="xsd:float">0.11222222</measure>
		<relation>&gt;</relation>
	</Cell>
</map>
<map>
	<Cell>
		<entity1 rdf:resource="http://confious#reviewing_proces"/>
		<entity2 rdf:resource="http://iasted#Receiving_manuscript"/>
		<measure rdf:datatype="xsd:float">0.13823183</measure>
		<relation>&gt;</relation>
	</Cell>
</map>
<map>
	<Cell>
		<entity1 rdf:resource="http://confious#phase_of_conference"/>
		<entity2 rdf:resource="http://iasted#Conference_city"/>
		<measure rdf:datatype="xsd:float">0.07624729</measure>
		<relation>&gt;</relation>
	</Cell>
</map>
<map>
	<Cell>
		<entity1 rdf:resource="http://confious#structure_created_by"/>
		<entity2 rdf:resource="http://iasted#is_prepared_by"/>
		<measure rdf:datatype="xsd:float">0.11608598</measure>
		<relation>=</relation>
	</Cell>
</map>
<map>
	<Cell>
		<entity1 rdf:resource="http://confious#has_intensity"/>
		<entity2 rdf:resource="http://iasted#is_held_after"/>
		<measure rdf:datatype="xsd:float">0.13796687</measure>
		<relation>=</relation>
	</Cell>
</map>
<map>
	<Cell>
		<entity1 rdf:resource="http://confious#managing_of_conference_process"/>
		<entity2 rdf:resource="http://iasted#Activity_before_conference"/>
		<measure rdf:datatype="xsd:float">0.18533766</measure>
		<relation>=</relation>
	</Cell>
</map>
<map>
	<Cell>
		<entity1 rdf:resource="http://confious#article"/>
		<entity2 rdf:resource="http://iasted#Item"/>
		<measure rdf:datatype="xsd:float">0.014258163</measure>
		<relation>=</relation>
	</Cell>
</map>
<map>
	<Cell>
		<entity1 rdf:resource="http://confious#Senior_Program_Committee_member"/>
		<entity2 rdf:resource="http://iasted#IASTED_non_member"/>
		<measure rdf:datatype="xsd:float">0.047859702</measure>
		<relation>=</relation>
	</Cell>
</map>
<map>
	<Cell>
		<entity1 rdf:resource="http://confious#end_date_of_full_paper_submission"/>
		<entity2 rdf:resource="http://iasted#Full_day_tour"/>
		<measure rdf:datatype="xsd:float">0.024915824</measure>
		<relation>=</relation>
	</Cell>
</map>
<map>
	<Cell>
		<entity1 rdf:resource="http://confious#is_supervised_by"/>
		<entity2 rdf:resource="http://iasted#is_held_before"/>
		<measure rdf:datatype="xsd:float">0.24849573</measure>
		<relation>=</relation>
	</Cell>
</map>
<map>
	<Cell>
		<entity1 rdf:resource="http://confious#supervises"/>
		<entity2 rdf:resource="http://iasted#give"/>
		<measure rdf:datatype="xsd:float">0.13812073</measure>
		<relation>=</relation>
	</Cell>
</map>
<map>
	<Cell>
		<entity1 rdf:resource="http://confious#date_of_conference"/>
		<entity2 rdf:resource="http://iasted#Conference_days"/>
		<measure rdf:datatype="xsd:float">0.06710939</measure>
		<relation>=</relation>
	</Cell>
</map>
<map>
	<Cell>
		<entity1 rdf:resource="http://confious#is_sent_to"/>
		<entity2 rdf:resource="http://iasted#is_sent_by"/>
		<measure rdf:datatype="xsd:float">0.2274193</measure>
		<relation>=</relation>
	</Cell>
</map>
<map>
	<Cell>
		<entity1 rdf:resource="http://confious#is_concerned_conference"/>
		<entity2 rdf:resource="http://iasted#is_sent_before"/>
		<measure rdf:datatype="xsd:float">0.07420291</measure>
		<relation>&lt;</relation>
	</Cell>
</map>
<map>
	<Cell>
		<entity1 rdf:resource="http://confious#is_concerned_confernce_setup"/>
		<entity2 rdf:resource="http://iasted#is_present_in"/>
		<measure rdf:datatype="xsd:float">0.096428566</measure>
		<relation>=</relation>
	</Cell>
</map>
<map>
	<Cell>
		<entity1 rdf:resource="http://confious#paper"/>
		<entity2 rdf:resource="http://iasted#Card"/>
		<measure rdf:datatype="xsd:float">0.19161262</measure>
		<relation>=</relation>
	</Cell>
</map>
<map>
	<Cell>
		<entity1 rdf:resource="http://confious#is_monitored_by"/>
		<entity2 rdf:resource="http://iasted#is_given_by"/>
		<measure rdf:datatype="xsd:float">0.35923183</measure>
		<relation>=</relation>
	</Cell>
</map>
<map>
	<Cell>
		<entity1 rdf:resource="http://confious#end_date_of_conference"/>
		<entity2 rdf:resource="http://iasted#One_conference_day"/>
		<measure rdf:datatype="xsd:float">0.070419125</measure>
		<relation>=</relation>
	</Cell>
</map>
<map>
	<Cell>
		<entity1 rdf:resource="http://confious#notification"/>
		<entity2 rdf:resource="http://iasted#Registration"/>
		<measure rdf:datatype="xsd:float">0.13856517</measure>
		<relation>&gt;</relation>
	</Cell>
</map>
<map>
	<Cell>
		<entity1 rdf:resource="http://confious#camera-ready_submission_date"/>
		<entity2 rdf:resource="http://iasted#Camera_ready_manuscript_deadline"/>
		<measure rdf:datatype="xsd:float">0.16677083</measure>
		<relation>=</relation>
	</Cell>
</map>
<map>
	<Cell>
		<entity1 rdf:resource="http://confious#is_created_in"/>
		<entity2 rdf:resource="http://iasted#is_situated_in"/>
		<measure rdf:datatype="xsd:float">0.33566537</measure>
		<relation>=</relation>
	</Cell>
</map>
<map>
	<Cell>
		<entity1 rdf:resource="http://confious#is_performed_by"/>
		<entity2 rdf:resource="http://iasted#is_held_in"/>
		<measure rdf:datatype="xsd:float">0.24878739</measure>
		<relation>=</relation>
	</Cell>
</map>
<map>
	<Cell>
		<entity1 rdf:resource="http://confious#bidding_of_reviewer"/>
		<entity2 rdf:resource="http://iasted#Introduction_of_speaker"/>
		<measure rdf:datatype="xsd:float">0.21146372</measure>
		<relation>&gt;</relation>
	</Cell>
</map>
<map>
	<Cell>
		<entity1 rdf:resource="http://confious#summary_of_reviews"/>
		<entity2 rdf:resource="http://iasted#Record_of_attendance"/>
		<measure rdf:datatype="xsd:float">0.07864153</measure>
		<relation>&gt;</relation>
	</Cell>
</map>
<map>
	<Cell>
		<entity1 rdf:resource="http://confious#is_concerned"/>
		<entity2 rdf:resource="http://iasted#is_present"/>
		<measure rdf:datatype="xsd:float">0.11092593</measure>
		<relation>=</relation>
	</Cell>
</map>
<map>
	<Cell>
		<entity1 rdf:resource="http://confious#is_concerned_paper"/>
		<entity2 rdf:resource="http://iasted#is_needed_for"/>
		<measure rdf:datatype="xsd:float">0.111666664</measure>
		<relation>=</relation>
	</Cell>
</map>
<map>
	<Cell>
		<entity1 rdf:resource="http://confious#activity"/>
		<entity2 rdf:resource="http://iasted#Activity"/>
		<measure rdf:datatype="xsd:float">0.40777785</measure>
		<relation>=</relation>
	</Cell>
</map>

</Alignment>
</rdf:RDF>
