<?xml version="1.0" encoding="utf-8"?>
<rdf:RDF xmlns="http://knowledgeweb.semanticweb.org/heterogeneity/alignment" 
	 xmlns:rdf="http://www.w3.org/1999/02/22-rdf-syntax-ns#" 
	 xmlns:xsd="http://www.w3.org/2001/XMLSchema#">

<Alignment>
<xml>yes</xml>
<level>0</level>
<type>??</type>

<map>
	<Cell>
		<entity1 rdf:resource="http://cocus#Review"/>
		<entity2 rdf:resource="http://confious#review"/>
		<measure rdf:datatype="xsd:float">0.22222224</measure>
		<relation>=</relation>
	</Cell>
</map>
<map>
	<Cell>
		<entity1 rdf:resource="http://cocus#Email"/>
		<entity2 rdf:resource="http://confious#article"/>
		<measure rdf:datatype="xsd:float">0.019874943</measure>
		<relation>&lt;</relation>
	</Cell>
</map>
<map>
	<Cell>
		<entity1 rdf:resource="http://cocus#Notification_Email"/>
		<entity2 rdf:resource="http://confious#notification_email"/>
		<measure rdf:datatype="xsd:float">0.22553472</measure>
		<relation>&lt;</relation>
	</Cell>
</map>
<map>
	<Cell>
		<entity1 rdf:resource="http://cocus#Event_URL"/>
		<entity2 rdf:resource="http://confious#Chair_URL"/>
		<measure rdf:datatype="xsd:float">0.18714151</measure>
		<relation>=</relation>
	</Cell>
</map>
<map>
	<Cell>
		<entity1 rdf:resource="http://cocus#concerned"/>
		<entity2 rdf:resource="http://confious#is_concerned"/>
		<measure rdf:datatype="xsd:float">0.1125</measure>
		<relation>=</relation>
	</Cell>
</map>
<map>
	<Cell>
		<entity1 rdf:resource="http://cocus#submited__by"/>
		<entity2 rdf:resource="http://confious#structure_created_by"/>
		<measure rdf:datatype="xsd:float">0.08916667</measure>
		<relation>=</relation>
	</Cell>
</map>
<map>
	<Cell>
		<entity1 rdf:resource="http://cocus#URL"/>
		<entity2 rdf:resource="http://confious#URL"/>
		<measure rdf:datatype="xsd:float">0.22846133</measure>
		<relation>=</relation>
	</Cell>
</map>
<map>
	<Cell>
		<entity1 rdf:resource="http://cocus#Person"/>
		<entity2 rdf:resource="http://confious#Contact_Person"/>
		<measure rdf:datatype="xsd:float">0.07428572</measure>
		<relation>&gt;</relation>
	</Cell>
</map>
<map>
	<Cell>
		<entity1 rdf:resource="http://cocus#Committee"/>
		<entity2 rdf:resource="http://confious#Program_Committee_Chair"/>
		<measure rdf:datatype="xsd:float">0.037536237</measure>
		<relation>=</relation>
	</Cell>
</map>
<map>
	<Cell>
		<entity1 rdf:resource="http://cocus#take_part_in"/>
		<entity2 rdf:resource="http://confious#is_employed_in"/>
		<measure rdf:datatype="xsd:float">0.111190476</measure>
		<relation>=</relation>
	</Cell>
</map>
<map>
	<Cell>
		<entity1 rdf:resource="http://cocus#removed_by"/>
		<entity2 rdf:resource="http://confious#sets_member_CP"/>
		<measure rdf:datatype="xsd:float">0.025714288</measure>
		<relation>&gt;</relation>
	</Cell>
</map>
<map>
	<Cell>
		<entity1 rdf:resource="http://cocus#Request"/>
		<entity2 rdf:resource="http://confious#notification"/>
		<measure rdf:datatype="xsd:float">0.34186655</measure>
		<relation>=</relation>
	</Cell>
</map>
<map>
	<Cell>
		<entity1 rdf:resource="http://cocus#Conference"/>
		<entity2 rdf:resource="http://confious#conference"/>
		<measure rdf:datatype="xsd:float">0.3333333</measure>
		<relation>&lt;</relation>
	</Cell>
</map>
<map>
	<Cell>
		<entity1 rdf:resource="http://cocus#has_result"/>
		<entity2 rdf:resource="http://confious#has_result"/>
		<measure rdf:datatype="xsd:float">0.48801464</measure>
		<relation>=</relation>
	</Cell>
</map>
<map>
	<Cell>
		<entity1 rdf:resource="http://cocus#Approval_Email"/>
		<entity2 rdf:resource="http://confious#acceptance_notification_email"/>
		<measure rdf:datatype="xsd:float">0.05943296</measure>
		<relation>&lt;</relation>
	</Cell>
</map>
<map>
	<Cell>
		<entity1 rdf:resource="http://cocus#Activity"/>
		<entity2 rdf:resource="http://confious#activity"/>
		<measure rdf:datatype="xsd:float">0.4651759</measure>
		<relation>=</relation>
	</Cell>
</map>
<map>
	<Cell>
		<entity1 rdf:resource="http://cocus#Rejection_Email"/>
		<entity2 rdf:resource="http://confious#rejection_notification_email"/>
		<measure rdf:datatype="xsd:float">0.11852383</measure>
		<relation>&lt;</relation>
	</Cell>
</map>
<map>
	<Cell>
		<entity1 rdf:resource="http://cocus#Invited_Paper"/>
		<entity2 rdf:resource="http://confious#Undecided_Paper"/>
		<measure rdf:datatype="xsd:float">0.19008553</measure>
		<relation>=</relation>
	</Cell>
</map>
<map>
	<Cell>
		<entity1 rdf:resource="http://cocus#Submission_Template"/>
		<entity2 rdf:resource="http://confious#abstract_submission_date"/>
		<measure rdf:datatype="xsd:float">0.0893889</measure>
		<relation>=</relation>
	</Cell>
</map>
<map>
	<Cell>
		<entity1 rdf:resource="http://cocus#confirm"/>
		<entity2 rdf:resource="http://confious#is_concerned_paper"/>
		<measure rdf:datatype="xsd:float">0.020551726</measure>
		<relation>=</relation>
	</Cell>
</map>
<map>
	<Cell>
		<entity1 rdf:resource="http://cocus#Group_Email"/>
		<entity2 rdf:resource="http://confious#group_email"/>
		<measure rdf:datatype="xsd:float">0.2288472</measure>
		<relation>&lt;</relation>
	</Cell>
</map>
<map>
	<Cell>
		<entity1 rdf:resource="http://cocus#sent_by"/>
		<entity2 rdf:resource="http://confious#is_monitored_by"/>
		<measure rdf:datatype="xsd:float">0.24401468</measure>
		<relation>=</relation>
	</Cell>
</map>
<map>
	<Cell>
		<entity1 rdf:resource="http://cocus#Paper"/>
		<entity2 rdf:resource="http://confious#paper"/>
		<measure rdf:datatype="xsd:float">0.22901589</measure>
		<relation>=</relation>
	</Cell>
</map>
<map>
	<Cell>
		<entity1 rdf:resource="http://cocus#Event_Approval"/>
		<entity2 rdf:resource="http://confious#reviewing_proces"/>
		<measure rdf:datatype="xsd:float">0.15551469</measure>
		<relation>=</relation>
	</Cell>
</map>
<map>
	<Cell>
		<entity1 rdf:resource="http://cocus#Event_Creation"/>
		<entity2 rdf:resource="http://confious#bidding_of_reviewer"/>
		<measure rdf:datatype="xsd:float">0.15514918</measure>
		<relation>=</relation>
	</Cell>
</map>
<map>
	<Cell>
		<entity1 rdf:resource="http://cocus#Registration"/>
		<entity2 rdf:resource="http://confious#paper_assignment"/>
		<measure rdf:datatype="xsd:float">0.155098</measure>
		<relation>=</relation>
	</Cell>
</map>
<map>
	<Cell>
		<entity1 rdf:resource="http://cocus#used_by"/>
		<entity2 rdf:resource="http://confious#sets_CP_URL"/>
		<measure rdf:datatype="xsd:float">0.013075195</measure>
		<relation>&gt;</relation>
	</Cell>
</map>
<map>
	<Cell>
		<entity1 rdf:resource="http://cocus#Paper_Typologies"/>
		<entity2 rdf:resource="http://confious#full_paper_submission_date"/>
		<measure rdf:datatype="xsd:float">0.055897437</measure>
		<relation>=</relation>
	</Cell>
</map>
<map>
	<Cell>
		<entity1 rdf:resource="http://cocus#Review_Form"/>
		<entity2 rdf:resource="http://confious#review_form"/>
		<measure rdf:datatype="xsd:float">0.22222224</measure>
		<relation>=</relation>
	</Cell>
</map>
<map>
	<Cell>
		<entity1 rdf:resource="http://cocus#inverse_of_add"/>
		<entity2 rdf:resource="http://confious#is_author_of"/>
		<measure rdf:datatype="xsd:float">0.11071428</measure>
		<relation>=</relation>
	</Cell>
</map>
<map>
	<Cell>
		<entity1 rdf:resource="http://cocus#conists_of"/>
		<entity2 rdf:resource="http://confious#sets_date_of_notification"/>
		<measure rdf:datatype="xsd:float">0.055533335</measure>
		<relation>&gt;</relation>
	</Cell>
</map>
<map>
	<Cell>
		<entity1 rdf:resource="http://cocus#Submission"/>
		<entity2 rdf:resource="http://confious#camera-ready_submission_date"/>
		<measure rdf:datatype="xsd:float">0.034190472</measure>
		<relation>=</relation>
	</Cell>
</map>
<map>
	<Cell>
		<entity1 rdf:resource="http://cocus#Research_Topic"/>
		<entity2 rdf:resource="http://confious#topic"/>
		<measure rdf:datatype="xsd:float">0.33357143</measure>
		<relation>&lt;</relation>
	</Cell>
</map>

</Alignment>
</rdf:RDF>
