<?xml version="1.0" encoding="utf-8"?>
<rdf:RDF xmlns="http://knowledgeweb.semanticweb.org/heterogeneity/alignment" 
	 xmlns:rdf="http://www.w3.org/1999/02/22-rdf-syntax-ns#" 
	 xmlns:xsd="http://www.w3.org/2001/XMLSchema#">

<Alignment>
<xml>yes</xml>
<level>0</level>
<type>??</type>

<map>
	<Cell>
		<entity1 rdf:resource="http://cocus#Administrator"/>
		<entity2 rdf:resource="http://ekaw#Invited_Speaker"/>
		<measure rdf:datatype="xsd:float">0.07612004</measure>
		<relation>&gt;</relation>
	</Cell>
</map>
<map>
	<Cell>
		<entity1 rdf:resource="http://cocus#Review"/>
		<entity2 rdf:resource="http://ekaw#Proceedings"/>
		<measure rdf:datatype="xsd:float">0.27099386</measure>
		<relation>&gt;</relation>
	</Cell>
</map>
<map>
	<Cell>
		<entity1 rdf:resource="http://cocus#Event"/>
		<entity2 rdf:resource="http://ekaw#Event"/>
		<measure rdf:datatype="xsd:float">0.23260996</measure>
		<relation>=</relation>
	</Cell>
</map>
<map>
	<Cell>
		<entity1 rdf:resource="http://cocus#Request"/>
		<entity2 rdf:resource="http://ekaw#Proceedings_Publisher"/>
		<measure rdf:datatype="xsd:float">0.24248637</measure>
		<relation>=</relation>
	</Cell>
</map>
<map>
	<Cell>
		<entity1 rdf:resource="http://cocus#Full_Paper"/>
		<entity2 rdf:resource="http://ekaw#Regular_Paper"/>
		<measure rdf:datatype="xsd:float">0.20214744</measure>
		<relation>=</relation>
	</Cell>
</map>
<map>
	<Cell>
		<entity1 rdf:resource="http://cocus#Workshop"/>
		<entity2 rdf:resource="http://ekaw#Workshop"/>
		<measure rdf:datatype="xsd:float">0.29975873</measure>
		<relation>&gt;</relation>
	</Cell>
</map>
<map>
	<Cell>
		<entity1 rdf:resource="http://cocus#conists_of"/>
		<entity2 rdf:resource="http://ekaw#partOf"/>
		<measure rdf:datatype="xsd:float">0.16600001</measure>
		<relation>=</relation>
	</Cell>
</map>
<map>
	<Cell>
		<entity1 rdf:resource="http://cocus#Email"/>
		<entity2 rdf:resource="http://ekaw#Flyer"/>
		<measure rdf:datatype="xsd:float">0.083387785</measure>
		<relation>=</relation>
	</Cell>
</map>
<map>
	<Cell>
		<entity1 rdf:resource="http://cocus#inverse_of_add"/>
		<entity2 rdf:resource="http://ekaw#authorOf"/>
		<measure rdf:datatype="xsd:float">0.2473914</measure>
		<relation>=</relation>
	</Cell>
</map>
<map>
	<Cell>
		<entity1 rdf:resource="http://cocus#Short_Paper"/>
		<entity2 rdf:resource="http://ekaw#Poster_Paper"/>
		<measure rdf:datatype="xsd:float">0.20207621</measure>
		<relation>=</relation>
	</Cell>
</map>
<map>
	<Cell>
		<entity1 rdf:resource="http://cocus#Registration"/>
		<entity2 rdf:resource="http://ekaw#Academic_Institution"/>
		<measure rdf:datatype="xsd:float">0.13518026</measure>
		<relation>=</relation>
	</Cell>
</map>
<map>
	<Cell>
		<entity1 rdf:resource="http://cocus#confirmed_by"/>
		<entity2 rdf:resource="http://ekaw#coversTopic"/>
		<measure rdf:datatype="xsd:float">0.078369826</measure>
		<relation>=</relation>
	</Cell>
</map>
<map>
	<Cell>
		<entity1 rdf:resource="http://cocus#Abstract"/>
		<entity2 rdf:resource="http://ekaw#Abstract"/>
		<measure rdf:datatype="xsd:float">0.22222224</measure>
		<relation>=</relation>
	</Cell>
</map>
<map>
	<Cell>
		<entity1 rdf:resource="http://cocus#Paper"/>
		<entity2 rdf:resource="http://ekaw#Paper"/>
		<measure rdf:datatype="xsd:float">0.27233917</measure>
		<relation>=</relation>
	</Cell>
</map>
<map>
	<Cell>
		<entity1 rdf:resource="http://cocus#Research_Topic"/>
		<entity2 rdf:resource="http://ekaw#Research_Topic"/>
		<measure rdf:datatype="xsd:float">1.0</measure>
		<relation>&lt;</relation>
	</Cell>
</map>
<map>
	<Cell>
		<entity1 rdf:resource="http://cocus#User"/>
		<entity2 rdf:resource="http://ekaw#Presenter"/>
		<measure rdf:datatype="xsd:float">0.039247647</measure>
		<relation>&gt;</relation>
	</Cell>
</map>
<map>
	<Cell>
		<entity1 rdf:resource="http://cocus#Template"/>
		<entity2 rdf:resource="http://ekaw#Web_Site"/>
		<measure rdf:datatype="xsd:float">0.08422112</measure>
		<relation>=</relation>
	</Cell>
</map>
<map>
	<Cell>
		<entity1 rdf:resource="http://cocus#defined_by"/>
		<entity2 rdf:resource="http://ekaw#heldIn"/>
		<measure rdf:datatype="xsd:float">0.07820316</measure>
		<relation>=</relation>
	</Cell>
</map>
<map>
	<Cell>
		<entity1 rdf:resource="http://cocus#Document"/>
		<entity2 rdf:resource="http://ekaw#Document"/>
		<measure rdf:datatype="xsd:float">0.25016326</measure>
		<relation>=</relation>
	</Cell>
</map>
<map>
	<Cell>
		<entity1 rdf:resource="http://cocus#take_part_in"/>
		<entity2 rdf:resource="http://ekaw#inverse_of_partOf_7"/>
		<measure rdf:datatype="xsd:float">0.12808913</measure>
		<relation>&gt;</relation>
	</Cell>
</map>
<map>
	<Cell>
		<entity1 rdf:resource="http://cocus#Activity"/>
		<entity2 rdf:resource="http://ekaw#Organisation"/>
		<measure rdf:datatype="xsd:float">0.40268505</measure>
		<relation>=</relation>
	</Cell>
</map>
<map>
	<Cell>
		<entity1 rdf:resource="http://cocus#Conference"/>
		<entity2 rdf:resource="http://ekaw#Conference"/>
		<measure rdf:datatype="xsd:float">0.29975873</measure>
		<relation>&gt;</relation>
	</Cell>
</map>
<map>
	<Cell>
		<entity1 rdf:resource="http://cocus#Submission"/>
		<entity2 rdf:resource="http://ekaw#Programme_Brochure"/>
		<measure rdf:datatype="xsd:float">0.0836347</measure>
		<relation>=</relation>
	</Cell>
</map>
<map>
	<Cell>
		<entity1 rdf:resource="http://cocus#removed_by"/>
		<entity2 rdf:resource="http://ekaw#writtenBy"/>
		<measure rdf:datatype="xsd:float">0.32491523</measure>
		<relation>=</relation>
	</Cell>
</map>
<map>
	<Cell>
		<entity1 rdf:resource="http://cocus#created_by"/>
		<entity2 rdf:resource="http://ekaw#organisedBy"/>
		<measure rdf:datatype="xsd:float">0.24405164</measure>
		<relation>=</relation>
	</Cell>
</map>
<map>
	<Cell>
		<entity1 rdf:resource="http://cocus#Person"/>
		<entity2 rdf:resource="http://ekaw#Person"/>
		<measure rdf:datatype="xsd:float">0.22805789</measure>
		<relation>=</relation>
	</Cell>
</map>
<map>
	<Cell>
		<entity1 rdf:resource="http://cocus#Invited_Paper"/>
		<entity2 rdf:resource="http://ekaw#Submitted_Paper"/>
		<measure rdf:datatype="xsd:float">0.20226137</measure>
		<relation>=</relation>
	</Cell>
</map>
<map>
	<Cell>
		<entity1 rdf:resource="http://cocus#Event_Creation"/>
		<entity2 rdf:resource="http://ekaw#Organising_Agency"/>
		<measure rdf:datatype="xsd:float">0.1345528</measure>
		<relation>=</relation>
	</Cell>
</map>
<map>
	<Cell>
		<entity1 rdf:resource="http://cocus#approved_by"/>
		<entity2 rdf:resource="http://ekaw#hasEvent"/>
		<measure rdf:datatype="xsd:float">0.07814255</measure>
		<relation>&gt;</relation>
	</Cell>
</map>
<map>
	<Cell>
		<entity1 rdf:resource="http://cocus#submited__by"/>
		<entity2 rdf:resource="http://ekaw#hasUpdatedVersion"/>
		<measure rdf:datatype="xsd:float">0.08436818</measure>
		<relation>=</relation>
	</Cell>
</map>
<map>
	<Cell>
		<entity1 rdf:resource="http://cocus#approve"/>
		<entity2 rdf:resource="http://ekaw#organises"/>
		<measure rdf:datatype="xsd:float">0.07790686</measure>
		<relation>=</relation>
	</Cell>
</map>

</Alignment>
</rdf:RDF>
