<?xml version="1.0" encoding="utf-8"?>
<rdf:RDF xmlns="http://knowledgeweb.semanticweb.org/heterogeneity/alignment" 
	 xmlns:rdf="http://www.w3.org/1999/02/22-rdf-syntax-ns#" 
	 xmlns:xsd="http://www.w3.org/2001/XMLSchema#">

<Alignment>
<xml>yes</xml>
<level>0</level>
<type>??</type>

<map>
	<Cell>
		<entity1 rdf:resource="http://iasted#is_held_after"/>
		<entity2 rdf:resource="http://micro#hasAuthor"/>
		<measure rdf:datatype="xsd:float">0.0132608125</measure>
		<relation>=</relation>
	</Cell>
</map>
<map>
	<Cell>
		<entity1 rdf:resource="http://iasted#Person"/>
		<entity2 rdf:resource="http://micro#Person"/>
		<measure rdf:datatype="xsd:float">0.42275384</measure>
		<relation>=</relation>
	</Cell>
</map>
<map>
	<Cell>
		<entity1 rdf:resource="http://iasted#Speaker_lecture"/>
		<entity2 rdf:resource="http://micro#TraditionalLecture"/>
		<measure rdf:datatype="xsd:float">0.11086421</measure>
		<relation>&lt;</relation>
	</Cell>
</map>
<map>
	<Cell>
		<entity1 rdf:resource="http://iasted#Conference_hall"/>
		<entity2 rdf:resource="http://micro#Conference"/>
		<measure rdf:datatype="xsd:float">0.11222222</measure>
		<relation>&lt;</relation>
	</Cell>
</map>
<map>
	<Cell>
		<entity1 rdf:resource="http://iasted#Submission"/>
		<entity2 rdf:resource="http://micro#PaperSubmissionChair"/>
		<measure rdf:datatype="xsd:float">0.05666667</measure>
		<relation>=</relation>
	</Cell>
</map>
<map>
	<Cell>
		<entity1 rdf:resource="http://iasted#State"/>
		<entity2 rdf:resource="http://micro#Activity"/>
		<measure rdf:datatype="xsd:float">0.19492371</measure>
		<relation>=</relation>
	</Cell>
</map>
<map>
	<Cell>
		<entity1 rdf:resource="http://iasted#Plenary_lecture"/>
		<entity2 rdf:resource="http://micro#QualitatvieLecture"/>
		<measure rdf:datatype="xsd:float">0.18797721</measure>
		<relation>=</relation>
	</Cell>
</map>
<map>
	<Cell>
		<entity1 rdf:resource="http://iasted#Activity_after_conference"/>
		<entity2 rdf:resource="http://micro#ActivitySubmissionForm"/>
		<measure rdf:datatype="xsd:float">0.07673148</measure>
		<relation>&lt;</relation>
	</Cell>
</map>
<map>
	<Cell>
		<entity1 rdf:resource="http://iasted#Full_day_tour"/>
		<entity2 rdf:resource="http://micro#TutorialProposal"/>
		<measure rdf:datatype="xsd:float">0.025990909</measure>
		<relation>&lt;</relation>
	</Cell>
</map>
<map>
	<Cell>
		<entity1 rdf:resource="http://iasted#Lecture"/>
		<entity2 rdf:resource="http://micro#Lecture"/>
		<measure rdf:datatype="xsd:float">0.23058376</measure>
		<relation>=</relation>
	</Cell>
</map>
<map>
	<Cell>
		<entity1 rdf:resource="http://iasted#Activity"/>
		<entity2 rdf:resource="http://micro#Location"/>
		<measure rdf:datatype="xsd:float">0.3371</measure>
		<relation>=</relation>
	</Cell>
</map>
<map>
	<Cell>
		<entity1 rdf:resource="http://iasted#Sponsor_state"/>
		<entity2 rdf:resource="http://micro#WorkShop"/>
		<measure rdf:datatype="xsd:float">0.06545231</measure>
		<relation>=</relation>
	</Cell>
</map>
<map>
	<Cell>
		<entity1 rdf:resource="http://iasted#Brief_introduction_for_Session_chair"/>
		<entity2 rdf:resource="http://micro#WorkshopTutorialChair"/>
		<measure rdf:datatype="xsd:float">0.05051852</measure>
		<relation>=</relation>
	</Cell>
</map>
<map>
	<Cell>
		<entity1 rdf:resource="http://iasted#Double_hotel_room"/>
		<entity2 rdf:resource="http://micro#DoubleBlindReview"/>
		<measure rdf:datatype="xsd:float">0.11117647</measure>
		<relation>&lt;</relation>
	</Cell>
</map>
<map>
	<Cell>
		<entity1 rdf:resource="http://iasted#Author"/>
		<entity2 rdf:resource="http://micro#Author"/>
		<measure rdf:datatype="xsd:float">0.22222224</measure>
		<relation>&lt;</relation>
	</Cell>
</map>
<map>
	<Cell>
		<entity1 rdf:resource="http://iasted#Tutorial"/>
		<entity2 rdf:resource="http://micro#Tutorial"/>
		<measure rdf:datatype="xsd:float">0.22798976</measure>
		<relation>=</relation>
	</Cell>
</map>
<map>
	<Cell>
		<entity1 rdf:resource="http://iasted#Student_registration_fee"/>
		<entity2 rdf:resource="http://micro#StudentAdvocate"/>
		<measure rdf:datatype="xsd:float">0.0893889</measure>
		<relation>=</relation>
	</Cell>
</map>
<map>
	<Cell>
		<entity1 rdf:resource="http://iasted#is_designed_for"/>
		<entity2 rdf:resource="http://micro#isSubmittedBy"/>
		<measure rdf:datatype="xsd:float">0.123602696</measure>
		<relation>=</relation>
	</Cell>
</map>
<map>
	<Cell>
		<entity1 rdf:resource="http://iasted#Departure"/>
		<entity2 rdf:resource="http://micro#Paper"/>
		<measure rdf:datatype="xsd:float">0.026314983</measure>
		<relation>&lt;</relation>
	</Cell>
</map>
<map>
	<Cell>
		<entity1 rdf:resource="http://iasted#IASTED_member"/>
		<entity2 rdf:resource="http://micro#CommitteeMember"/>
		<measure rdf:datatype="xsd:float">0.11103704</measure>
		<relation>=</relation>
	</Cell>
</map>
<map>
	<Cell>
		<entity1 rdf:resource="http://iasted#Registration_form"/>
		<entity2 rdf:resource="http://micro#RegistrationChair"/>
		<measure rdf:datatype="xsd:float">0.16735293</measure>
		<relation>=</relation>
	</Cell>
</map>
<map>
	<Cell>
		<entity1 rdf:resource="http://iasted#Sponsor"/>
		<entity2 rdf:resource="http://micro#OutsideReferee"/>
		<measure rdf:datatype="xsd:float">0.14115901</measure>
		<relation>=</relation>
	</Cell>
</map>
<map>
	<Cell>
		<entity1 rdf:resource="http://iasted#Reviewer"/>
		<entity2 rdf:resource="http://micro#Reviewer"/>
		<measure rdf:datatype="xsd:float">0.22222224</measure>
		<relation>=</relation>
	</Cell>
</map>

</Alignment>
</rdf:RDF>
