<?xml version="1.0" encoding="utf-8"?>
<rdf:RDF xmlns="http://knowledgeweb.semanticweb.org/heterogeneity/alignment" 
	 xmlns:rdf="http://www.w3.org/1999/02/22-rdf-syntax-ns#" 
	 xmlns:xsd="http://www.w3.org/2001/XMLSchema#">

<Alignment>
<xml>yes</xml>
<level>0</level>
<type>??</type>

<map>
	<Cell>
		<entity1 rdf:resource="http://cocus#Paper"/>
		<entity2 rdf:resource="http://crs_dr#article"/>
		<measure rdf:datatype="xsd:float">0.27226436</measure>
		<relation>=</relation>
	</Cell>
</map>
<map>
	<Cell>
		<entity1 rdf:resource="http://cocus#Administrator"/>
		<entity2 rdf:resource="http://crs_dr#participant"/>
		<measure rdf:datatype="xsd:float">0.076664306</measure>
		<relation>=</relation>
	</Cell>
</map>
<map>
	<Cell>
		<entity1 rdf:resource="http://cocus#Document"/>
		<entity2 rdf:resource="http://crs_dr#document"/>
		<measure rdf:datatype="xsd:float">0.25691542</measure>
		<relation>=</relation>
	</Cell>
</map>
<map>
	<Cell>
		<entity1 rdf:resource="http://cocus#Event"/>
		<entity2 rdf:resource="http://crs_dr#event"/>
		<measure rdf:datatype="xsd:float">0.27349156</measure>
		<relation>=</relation>
	</Cell>
</map>
<map>
	<Cell>
		<entity1 rdf:resource="http://cocus#Symposium"/>
		<entity2 rdf:resource="http://crs_dr#session"/>
		<measure rdf:datatype="xsd:float">0.09129219</measure>
		<relation>=</relation>
	</Cell>
</map>
<map>
	<Cell>
		<entity1 rdf:resource="http://cocus#Conference"/>
		<entity2 rdf:resource="http://crs_dr#conference"/>
		<measure rdf:datatype="xsd:float">0.3127737</measure>
		<relation>=</relation>
	</Cell>
</map>
<map>
	<Cell>
		<entity1 rdf:resource="http://cocus#Person"/>
		<entity2 rdf:resource="http://crs_dr#person"/>
		<measure rdf:datatype="xsd:float">0.22922795</measure>
		<relation>=</relation>
	</Cell>
</map>
<map>
	<Cell>
		<entity1 rdf:resource="http://cocus#Workshop"/>
		<entity2 rdf:resource="http://crs_dr#pc_meeting"/>
		<measure rdf:datatype="xsd:float">0.09055145</measure>
		<relation>=</relation>
	</Cell>
</map>
<map>
	<Cell>
		<entity1 rdf:resource="http://cocus#Review"/>
		<entity2 rdf:resource="http://crs_dr#review"/>
		<measure rdf:datatype="xsd:float">0.30748656</measure>
		<relation>=</relation>
	</Cell>
</map>
<map>
	<Cell>
		<entity1 rdf:resource="http://cocus#recieve"/>
		<entity2 rdf:resource="http://crs_dr#writes_review"/>
		<measure rdf:datatype="xsd:float">0.01535995</measure>
		<relation>=</relation>
	</Cell>
</map>
<map>
	<Cell>
		<entity1 rdf:resource="http://cocus#User"/>
		<entity2 rdf:resource="http://crs_dr#reviewer"/>
		<measure rdf:datatype="xsd:float">0.038631298</measure>
		<relation>=</relation>
	</Cell>
</map>
<map>
	<Cell>
		<entity1 rdf:resource="http://cocus#Author"/>
		<entity2 rdf:resource="http://crs_dr#author"/>
		<measure rdf:datatype="xsd:float">0.22222224</measure>
		<relation>=</relation>
	</Cell>
</map>

</Alignment>
</rdf:RDF>
