<?xml version="1.0" encoding="utf-8"?>
<rdf:RDF xmlns="http://knowledgeweb.semanticweb.org/heterogeneity/alignment" 
	 xmlns:rdf="http://www.w3.org/1999/02/22-rdf-syntax-ns#" 
	 xmlns:xsd="http://www.w3.org/2001/XMLSchema#">

<Alignment>
<xml>yes</xml>
<level>0</level>
<type>??</type>

<map>
	<Cell>
		<entity1 rdf:resource="http://ekaw#referencedIn"/>
		<entity2 rdf:resource="http://iasted#speak_in"/>
		<measure rdf:datatype="xsd:float">0.16583331</measure>
		<relation>=</relation>
	</Cell>
</map>
<map>
	<Cell>
		<entity1 rdf:resource="http://ekaw#Document"/>
		<entity2 rdf:resource="http://iasted#Document"/>
		<measure rdf:datatype="xsd:float">0.45210835</measure>
		<relation>&gt;</relation>
	</Cell>
</map>
<map>
	<Cell>
		<entity1 rdf:resource="http://ekaw#Organising_Agency"/>
		<entity2 rdf:resource="http://iasted#Receiving_manuscript"/>
		<measure rdf:datatype="xsd:float">0.12575091</measure>
		<relation>&gt;</relation>
	</Cell>
</map>
<map>
	<Cell>
		<entity1 rdf:resource="http://ekaw#technicallyOrganisedBy"/>
		<entity2 rdf:resource="http://iasted#is_occupied_by"/>
		<measure rdf:datatype="xsd:float">0.11090909</measure>
		<relation>&lt;</relation>
	</Cell>
</map>
<map>
	<Cell>
		<entity1 rdf:resource="http://ekaw#Tutorial"/>
		<entity2 rdf:resource="http://iasted#Tutorial"/>
		<measure rdf:datatype="xsd:float">0.22651352</measure>
		<relation>=</relation>
	</Cell>
</map>
<map>
	<Cell>
		<entity1 rdf:resource="http://ekaw#Student"/>
		<entity2 rdf:resource="http://iasted#Student_lecturer"/>
		<measure rdf:datatype="xsd:float">0.21256997</measure>
		<relation>&gt;</relation>
	</Cell>
</map>
<map>
	<Cell>
		<entity1 rdf:resource="http://ekaw#Review"/>
		<entity2 rdf:resource="http://iasted#Review"/>
		<measure rdf:datatype="xsd:float">0.3728959</measure>
		<relation>&gt;</relation>
	</Cell>
</map>
<map>
	<Cell>
		<entity1 rdf:resource="http://ekaw#Flyer"/>
		<entity2 rdf:resource="http://iasted#Invitation_letter"/>
		<measure rdf:datatype="xsd:float">0.15106583</measure>
		<relation>&gt;</relation>
	</Cell>
</map>
<map>
	<Cell>
		<entity1 rdf:resource="http://ekaw#Abstract"/>
		<entity2 rdf:resource="http://iasted#Transparency"/>
		<measure rdf:datatype="xsd:float">0.15141441</measure>
		<relation>&gt;</relation>
	</Cell>
</map>
<map>
	<Cell>
		<entity1 rdf:resource="http://ekaw#writtenBy"/>
		<entity2 rdf:resource="http://iasted#is_writen_by"/>
		<measure rdf:datatype="xsd:float">0.15213923</measure>
		<relation>=</relation>
	</Cell>
</map>
<map>
	<Cell>
		<entity1 rdf:resource="http://ekaw#organises"/>
		<entity2 rdf:resource="http://iasted#prepare"/>
		<measure rdf:datatype="xsd:float">0.31047013</measure>
		<relation>=</relation>
	</Cell>
</map>
<map>
	<Cell>
		<entity1 rdf:resource="http://ekaw#reviewWrittenBy"/>
		<entity2 rdf:resource="http://iasted#is_sent_by"/>
		<measure rdf:datatype="xsd:float">0.07392593</measure>
		<relation>&lt;</relation>
	</Cell>
</map>
<map>
	<Cell>
		<entity1 rdf:resource="http://ekaw#Person"/>
		<entity2 rdf:resource="http://iasted#Person"/>
		<measure rdf:datatype="xsd:float">0.41479468</measure>
		<relation>=</relation>
	</Cell>
</map>
<map>
	<Cell>
		<entity1 rdf:resource="http://ekaw#Possible_Reviewer"/>
		<entity2 rdf:resource="http://iasted#Reviewer"/>
		<measure rdf:datatype="xsd:float">0.1435113</measure>
		<relation>&gt;</relation>
	</Cell>
</map>
<map>
	<Cell>
		<entity1 rdf:resource="http://ekaw#references"/>
		<entity2 rdf:resource="http://iasted#write"/>
		<measure rdf:datatype="xsd:float">0.2811667</measure>
		<relation>=</relation>
	</Cell>
</map>
<map>
	<Cell>
		<entity1 rdf:resource="http://ekaw#technicallyOrganises"/>
		<entity2 rdf:resource="http://iasted#is_held_after"/>
		<measure rdf:datatype="xsd:float">0.08375987</measure>
		<relation>&lt;</relation>
	</Cell>
</map>
<map>
	<Cell>
		<entity1 rdf:resource="http://ekaw#Agency_Staff_Member"/>
		<entity2 rdf:resource="http://iasted#IASTED_non_member"/>
		<measure rdf:datatype="xsd:float">0.21253343</measure>
		<relation>&gt;</relation>
	</Cell>
</map>
<map>
	<Cell>
		<entity1 rdf:resource="http://ekaw#Presenter"/>
		<entity2 rdf:resource="http://iasted#Time"/>
		<measure rdf:datatype="xsd:float">0.34277964</measure>
		<relation>&lt;</relation>
	</Cell>
</map>
<map>
	<Cell>
		<entity1 rdf:resource="http://ekaw#Conference_Trip"/>
		<entity2 rdf:resource="http://iasted#Conference_state"/>
		<measure rdf:datatype="xsd:float">0.1675</measure>
		<relation>=</relation>
	</Cell>
</map>
<map>
	<Cell>
		<entity1 rdf:resource="http://ekaw#Paper_Author"/>
		<entity2 rdf:resource="http://iasted#Author_cd_proceedings_included"/>
		<measure rdf:datatype="xsd:float">0.17515332</measure>
		<relation>&gt;</relation>
	</Cell>
</map>
<map>
	<Cell>
		<entity1 rdf:resource="http://ekaw#Organisation"/>
		<entity2 rdf:resource="http://iasted#Activity"/>
		<measure rdf:datatype="xsd:float">0.37519103</measure>
		<relation>=</relation>
	</Cell>
</map>
<map>
	<Cell>
		<entity1 rdf:resource="http://ekaw#Poster_Session"/>
		<entity2 rdf:resource="http://iasted#Speaker_lecture"/>
		<measure rdf:datatype="xsd:float">0.07509294</measure>
		<relation>=</relation>
	</Cell>
</map>
<map>
	<Cell>
		<entity1 rdf:resource="http://ekaw#publisherOf"/>
		<entity2 rdf:resource="http://iasted#is_held_before"/>
		<measure rdf:datatype="xsd:float">0.12568742</measure>
		<relation>=</relation>
	</Cell>
</map>
<map>
	<Cell>
		<entity1 rdf:resource="http://ekaw#Invited_Speaker"/>
		<entity2 rdf:resource="http://iasted#Deadline_hotel_reservation"/>
		<measure rdf:datatype="xsd:float">0.11485818</measure>
		<relation>&lt;</relation>
	</Cell>
</map>
<map>
	<Cell>
		<entity1 rdf:resource="http://ekaw#authorOf"/>
		<entity2 rdf:resource="http://iasted#obtain"/>
		<measure rdf:datatype="xsd:float">0.13868107</measure>
		<relation>=</relation>
	</Cell>
</map>
<map>
	<Cell>
		<entity1 rdf:resource="http://ekaw#Conference_Participant"/>
		<entity2 rdf:resource="http://iasted#Conference_Hiker"/>
		<measure rdf:datatype="xsd:float">0.18034434</measure>
		<relation>&gt;</relation>
	</Cell>
</map>
<map>
	<Cell>
		<entity1 rdf:resource="http://ekaw#Conference"/>
		<entity2 rdf:resource="http://iasted#Conference_city"/>
		<measure rdf:datatype="xsd:float">0.11222222</measure>
		<relation>=</relation>
	</Cell>
</map>
<map>
	<Cell>
		<entity1 rdf:resource="http://ekaw#Paper"/>
		<entity2 rdf:resource="http://iasted#Registration_form"/>
		<measure rdf:datatype="xsd:float">0.15093511</measure>
		<relation>&gt;</relation>
	</Cell>
</map>
<map>
	<Cell>
		<entity1 rdf:resource="http://ekaw#Session"/>
		<entity2 rdf:resource="http://iasted#Session"/>
		<measure rdf:datatype="xsd:float">0.2230566</measure>
		<relation>=</relation>
	</Cell>
</map>
<map>
	<Cell>
		<entity1 rdf:resource="http://ekaw#Programme_Brochure"/>
		<entity2 rdf:resource="http://iasted#Payment_document"/>
		<measure rdf:datatype="xsd:float">0.15129097</measure>
		<relation>&gt;</relation>
	</Cell>
</map>
<map>
	<Cell>
		<entity1 rdf:resource="http://ekaw#scientificallyOrganisedBy"/>
		<entity2 rdf:resource="http://iasted#is_signed_by"/>
		<measure rdf:datatype="xsd:float">0.110933326</measure>
		<relation>&lt;</relation>
	</Cell>
</map>
<map>
	<Cell>
		<entity1 rdf:resource="http://ekaw#OC_Member"/>
		<entity2 rdf:resource="http://iasted#IASTED_member"/>
		<measure rdf:datatype="xsd:float">0.11119659</measure>
		<relation>=</relation>
	</Cell>
</map>
<map>
	<Cell>
		<entity1 rdf:resource="http://ekaw#Individual_Presentation"/>
		<entity2 rdf:resource="http://iasted#Lecture"/>
		<measure rdf:datatype="xsd:float">0.012873973</measure>
		<relation>=</relation>
	</Cell>
</map>
<map>
	<Cell>
		<entity1 rdf:resource="http://ekaw#Web_Site"/>
		<entity2 rdf:resource="http://iasted#Submission"/>
		<measure rdf:datatype="xsd:float">0.15134034</measure>
		<relation>&gt;</relation>
	</Cell>
</map>
<map>
	<Cell>
		<entity1 rdf:resource="http://ekaw#Multi-author_Volume"/>
		<entity2 rdf:resource="http://iasted#Author_information_form"/>
		<measure rdf:datatype="xsd:float">0.2244901</measure>
		<relation>&gt;</relation>
	</Cell>
</map>
<map>
	<Cell>
		<entity1 rdf:resource="http://ekaw#Session_Chair"/>
		<entity2 rdf:resource="http://iasted#Session_chair"/>
		<measure rdf:datatype="xsd:float">0.22222224</measure>
		<relation>=</relation>
	</Cell>
</map>
<map>
	<Cell>
		<entity1 rdf:resource="http://ekaw#Academic_Institution"/>
		<entity2 rdf:resource="http://iasted#Video_presentation"/>
		<measure rdf:datatype="xsd:float">0.12586202</measure>
		<relation>&gt;</relation>
	</Cell>
</map>

</Alignment>
</rdf:RDF>
