<?xml version="1.0" encoding="utf-8"?>
<rdf:RDF xmlns="http://knowledgeweb.semanticweb.org/heterogeneity/alignment" 
	 xmlns:rdf="http://www.w3.org/1999/02/22-rdf-syntax-ns#" 
	 xmlns:xsd="http://www.w3.org/2001/XMLSchema#">

<Alignment>
<xml>yes</xml>
<level>0</level>
<type>??</type>

<map>
	<Cell>
		<entity1 rdf:resource="http://cocus#Registration"/>
		<entity2 rdf:resource="http://sigkdd#Registration_Student"/>
		<measure rdf:datatype="xsd:float">0.07876166</measure>
		<relation>&gt;</relation>
	</Cell>
</map>
<map>
	<Cell>
		<entity1 rdf:resource="http://cocus#get"/>
		<entity2 rdf:resource="http://sigkdd#obtain"/>
		<measure rdf:datatype="xsd:float">0.32725558</measure>
		<relation>=</relation>
	</Cell>
</map>
<map>
	<Cell>
		<entity1 rdf:resource="http://cocus#Activity"/>
		<entity2 rdf:resource="http://sigkdd#Registration_fee"/>
		<measure rdf:datatype="xsd:float">0.012542705</measure>
		<relation>&gt;</relation>
	</Cell>
</map>
<map>
	<Cell>
		<entity1 rdf:resource="http://cocus#Abstract"/>
		<entity2 rdf:resource="http://sigkdd#Abstract"/>
		<measure rdf:datatype="xsd:float">0.22222224</measure>
		<relation>=</relation>
	</Cell>
</map>
<map>
	<Cell>
		<entity1 rdf:resource="http://cocus#sent_by"/>
		<entity2 rdf:resource="http://sigkdd#payed_by"/>
		<measure rdf:datatype="xsd:float">0.24715783</measure>
		<relation>=</relation>
	</Cell>
</map>
<map>
	<Cell>
		<entity1 rdf:resource="http://cocus#Role"/>
		<entity2 rdf:resource="http://sigkdd#Place"/>
		<measure rdf:datatype="xsd:float">0.19397049</measure>
		<relation>=</relation>
	</Cell>
</map>
<map>
	<Cell>
		<entity1 rdf:resource="http://cocus#Research_Topic"/>
		<entity2 rdf:resource="http://sigkdd#Best_Research_Paper_Award"/>
		<measure rdf:datatype="xsd:float">0.16900001</measure>
		<relation>=</relation>
	</Cell>
</map>
<map>
	<Cell>
		<entity1 rdf:resource="http://cocus#submit"/>
		<entity2 rdf:resource="http://sigkdd#submit"/>
		<measure rdf:datatype="xsd:float">0.3333333</measure>
		<relation>=</relation>
	</Cell>
</map>
<map>
	<Cell>
		<entity1 rdf:resource="http://cocus#create"/>
		<entity2 rdf:resource="http://sigkdd#presentation"/>
		<measure rdf:datatype="xsd:float">0.08497697</measure>
		<relation>=</relation>
	</Cell>
</map>
<map>
	<Cell>
		<entity1 rdf:resource="http://cocus#User"/>
		<entity2 rdf:resource="http://sigkdd#Invited_Speaker"/>
		<measure rdf:datatype="xsd:float">0.03885086</measure>
		<relation>&gt;</relation>
	</Cell>
</map>
<map>
	<Cell>
		<entity1 rdf:resource="http://cocus#Administrator"/>
		<entity2 rdf:resource="http://sigkdd#Organizator"/>
		<measure rdf:datatype="xsd:float">0.077838466</measure>
		<relation>=</relation>
	</Cell>
</map>
<map>
	<Cell>
		<entity1 rdf:resource="http://cocus#Paper_Typologies"/>
		<entity2 rdf:resource="http://sigkdd#Deadline_Paper_Submission"/>
		<measure rdf:datatype="xsd:float">0.26680002</measure>
		<relation>=</relation>
	</Cell>
</map>
<map>
	<Cell>
		<entity1 rdf:resource="http://cocus#Corresponding_Author"/>
		<entity2 rdf:resource="http://sigkdd#Author_of_paper"/>
		<measure rdf:datatype="xsd:float">0.13593084</measure>
		<relation>=</relation>
	</Cell>
</map>
<map>
	<Cell>
		<entity1 rdf:resource="http://cocus#created_by"/>
		<entity2 rdf:resource="http://sigkdd#presentationed_by"/>
		<measure rdf:datatype="xsd:float">0.25063053</measure>
		<relation>=</relation>
	</Cell>
</map>
<map>
	<Cell>
		<entity1 rdf:resource="http://cocus#Review"/>
		<entity2 rdf:resource="http://sigkdd#Review"/>
		<measure rdf:datatype="xsd:float">0.3060881</measure>
		<relation>=</relation>
	</Cell>
</map>
<map>
	<Cell>
		<entity1 rdf:resource="http://cocus#Submission_Template"/>
		<entity2 rdf:resource="http://sigkdd#Deadline_Abstract_Submission"/>
		<measure rdf:datatype="xsd:float">0.2654286</measure>
		<relation>=</relation>
	</Cell>
</map>
<map>
	<Cell>
		<entity1 rdf:resource="http://cocus#submited__by"/>
		<entity2 rdf:resource="http://sigkdd#submit_until"/>
		<measure rdf:datatype="xsd:float">0.08553252</measure>
		<relation>=</relation>
	</Cell>
</map>
<map>
	<Cell>
		<entity1 rdf:resource="http://cocus#Committee"/>
		<entity2 rdf:resource="http://sigkdd#Committee"/>
		<measure rdf:datatype="xsd:float">0.22222224</measure>
		<relation>&lt;</relation>
	</Cell>
</map>
<map>
	<Cell>
		<entity1 rdf:resource="http://cocus#Author_Role"/>
		<entity2 rdf:resource="http://sigkdd#Hotel"/>
		<measure rdf:datatype="xsd:float">0.06550588</measure>
		<relation>=</relation>
	</Cell>
</map>
<map>
	<Cell>
		<entity1 rdf:resource="http://cocus#Paper"/>
		<entity2 rdf:resource="http://sigkdd#Paper"/>
		<measure rdf:datatype="xsd:float">0.26415515</measure>
		<relation>=</relation>
	</Cell>
</map>
<map>
	<Cell>
		<entity1 rdf:resource="http://cocus#Document"/>
		<entity2 rdf:resource="http://sigkdd#Document"/>
		<measure rdf:datatype="xsd:float">0.25075695</measure>
		<relation>=</relation>
	</Cell>
</map>
<map>
	<Cell>
		<entity1 rdf:resource="http://cocus#Author"/>
		<entity2 rdf:resource="http://sigkdd#Author"/>
		<measure rdf:datatype="xsd:float">0.2298054</measure>
		<relation>=</relation>
	</Cell>
</map>
<map>
	<Cell>
		<entity1 rdf:resource="http://cocus#Conference"/>
		<entity2 rdf:resource="http://sigkdd#Conference"/>
		<measure rdf:datatype="xsd:float">0.3333333</measure>
		<relation>&lt;</relation>
	</Cell>
</map>
<map>
	<Cell>
		<entity1 rdf:resource="http://cocus#Admin_Role"/>
		<entity2 rdf:resource="http://sigkdd#Main_office"/>
		<measure rdf:datatype="xsd:float">0.06550588</measure>
		<relation>=</relation>
	</Cell>
</map>
<map>
	<Cell>
		<entity1 rdf:resource="http://cocus#Committe_Role"/>
		<entity2 rdf:resource="http://sigkdd#Conference_hall"/>
		<measure rdf:datatype="xsd:float">0.065640554</measure>
		<relation>=</relation>
	</Cell>
</map>
<map>
	<Cell>
		<entity1 rdf:resource="http://cocus#Person"/>
		<entity2 rdf:resource="http://sigkdd#Person"/>
		<measure rdf:datatype="xsd:float">0.22909467</measure>
		<relation>=</relation>
	</Cell>
</map>
<map>
	<Cell>
		<entity1 rdf:resource="http://cocus#take_part_in"/>
		<entity2 rdf:resource="http://sigkdd#can_stay_in"/>
		<measure rdf:datatype="xsd:float">0.18820173</measure>
		<relation>=</relation>
	</Cell>
</map>

</Alignment>
</rdf:RDF>
