<?xml version="1.0" encoding="utf-8"?>
<rdf:RDF xmlns="http://knowledgeweb.semanticweb.org/heterogeneity/alignment" 
	 xmlns:rdf="http://www.w3.org/1999/02/22-rdf-syntax-ns#" 
	 xmlns:xsd="http://www.w3.org/2001/XMLSchema#">

<Alignment>
<xml>yes</xml>
<level>0</level>
<type>??</type>

<map>
	<Cell>
		<entity1 rdf:resource="http://conference#Conference_participant"/>
		<entity2 rdf:resource="http://pcs#External_Reviewer"/>
		<measure rdf:datatype="xsd:float">0.07942491</measure>
		<relation>=</relation>
	</Cell>
</map>
<map>
	<Cell>
		<entity1 rdf:resource="http://conference#invites_co-reviewers"/>
		<entity2 rdf:resource="http://pcs#write_paper"/>
		<measure rdf:datatype="xsd:float">0.06342592</measure>
		<relation>=</relation>
	</Cell>
</map>
<map>
	<Cell>
		<entity1 rdf:resource="http://conference#has_a_location"/>
		<entity2 rdf:resource="http://pcs#Topic_of_conference"/>
		<measure rdf:datatype="xsd:float">0.37881938</measure>
		<relation>=</relation>
	</Cell>
</map>
<map>
	<Cell>
		<entity1 rdf:resource="http://conference#Conference_volume"/>
		<entity2 rdf:resource="http://pcs#Programme"/>
		<measure rdf:datatype="xsd:float">0.35855553</measure>
		<relation>=</relation>
	</Cell>
</map>
<map>
	<Cell>
		<entity1 rdf:resource="http://conference#Conference"/>
		<entity2 rdf:resource="http://pcs#Conference"/>
		<measure rdf:datatype="xsd:float">0.6431269</measure>
		<relation>=</relation>
	</Cell>
</map>
<map>
	<Cell>
		<entity1 rdf:resource="http://conference#Reviewer"/>
		<entity2 rdf:resource="http://pcs#Author"/>
		<measure rdf:datatype="xsd:float">0.18727778</measure>
		<relation>&gt;</relation>
	</Cell>
</map>
<map>
	<Cell>
		<entity1 rdf:resource="http://conference#Person"/>
		<entity2 rdf:resource="http://pcs#PERSON"/>
		<measure rdf:datatype="xsd:float">0.23652162</measure>
		<relation>=</relation>
	</Cell>
</map>
<map>
	<Cell>
		<entity1 rdf:resource="http://conference#Review"/>
		<entity2 rdf:resource="http://pcs#Review"/>
		<measure rdf:datatype="xsd:float">0.2702168</measure>
		<relation>=</relation>
	</Cell>
</map>
<map>
	<Cell>
		<entity1 rdf:resource="http://conference#Track-workshop_chair"/>
		<entity2 rdf:resource="http://pcs#Administrator"/>
		<measure rdf:datatype="xsd:float">0.07915218</measure>
		<relation>=</relation>
	</Cell>
</map>
<map>
	<Cell>
		<entity1 rdf:resource="http://conference#has_the_first_name"/>
		<entity2 rdf:resource="http://pcs#User_ID"/>
		<measure rdf:datatype="xsd:float">0.22770774</measure>
		<relation>=</relation>
	</Cell>
</map>
<map>
	<Cell>
		<entity1 rdf:resource="http://conference#contributes"/>
		<entity2 rdf:resource="http://pcs#submit"/>
		<measure rdf:datatype="xsd:float">0.12741944</measure>
		<relation>=</relation>
	</Cell>
</map>
<map>
	<Cell>
		<entity1 rdf:resource="http://conference#Organization"/>
		<entity2 rdf:resource="http://pcs#System"/>
		<measure rdf:datatype="xsd:float">0.98093337</measure>
		<relation>=</relation>
	</Cell>
</map>
<map>
	<Cell>
		<entity1 rdf:resource="http://conference#has_an_abstract"/>
		<entity2 rdf:resource="http://pcs#rejected_paper_by"/>
		<measure rdf:datatype="xsd:float">0.1337255</measure>
		<relation>=</relation>
	</Cell>
</map>
<map>
	<Cell>
		<entity1 rdf:resource="http://conference#has_gender"/>
		<entity2 rdf:resource="http://pcs#Password"/>
		<measure rdf:datatype="xsd:float">0.227967</measure>
		<relation>=</relation>
	</Cell>
</map>
<map>
	<Cell>
		<entity1 rdf:resource="http://conference#has_a_date_of_issue"/>
		<entity2 rdf:resource="http://pcs#Document_ID"/>
		<measure rdf:datatype="xsd:float">0.19666901</measure>
		<relation>=</relation>
	</Cell>
</map>
<map>
	<Cell>
		<entity1 rdf:resource="http://conference#Rejected_contribution"/>
		<entity2 rdf:resource="http://pcs#Rejected_paper"/>
		<measure rdf:datatype="xsd:float">0.19990478</measure>
		<relation>=</relation>
	</Cell>
</map>
<map>
	<Cell>
		<entity1 rdf:resource="http://conference#was_a_member_of"/>
		<entity2 rdf:resource="http://pcs#member_of_conference"/>
		<measure rdf:datatype="xsd:float">0.1930614</measure>
		<relation>=</relation>
	</Cell>
</map>
<map>
	<Cell>
		<entity1 rdf:resource="http://conference#Accepted_contribution"/>
		<entity2 rdf:resource="http://pcs#Accepted_paper"/>
		<measure rdf:datatype="xsd:float">0.19990478</measure>
		<relation>=</relation>
	</Cell>
</map>
<map>
	<Cell>
		<entity1 rdf:resource="http://conference#Conference_contributor"/>
		<entity2 rdf:resource="http://pcs#ConferenceMember"/>
		<measure rdf:datatype="xsd:float">0.15062155</measure>
		<relation>=</relation>
	</Cell>
</map>
<map>
	<Cell>
		<entity1 rdf:resource="http://conference#Paper"/>
		<entity2 rdf:resource="http://pcs#Paper"/>
		<measure rdf:datatype="xsd:float">0.4</measure>
		<relation>&lt;</relation>
	</Cell>
</map>
<map>
	<Cell>
		<entity1 rdf:resource="http://conference#Committee_member"/>
		<entity2 rdf:resource="http://pcs#CommitteeMember"/>
		<measure rdf:datatype="xsd:float">0.23551889</measure>
		<relation>&gt;</relation>
	</Cell>
</map>
<map>
	<Cell>
		<entity1 rdf:resource="http://conference#Conference_document"/>
		<entity2 rdf:resource="http://pcs#DOCUMENT"/>
		<measure rdf:datatype="xsd:float">0.14397824</measure>
		<relation>=</relation>
	</Cell>
</map>
<map>
	<Cell>
		<entity1 rdf:resource="http://conference#has_a_name"/>
		<entity2 rdf:resource="http://pcs#NAME"/>
		<measure rdf:datatype="xsd:float">0.588472</measure>
		<relation>=</relation>
	</Cell>
</map>
<map>
	<Cell>
		<entity1 rdf:resource="http://conference#has_an_email"/>
		<entity2 rdf:resource="http://pcs#E-mail"/>
		<measure rdf:datatype="xsd:float">0.41326326</measure>
		<relation>=</relation>
	</Cell>
</map>

</Alignment>
</rdf:RDF>
