<?xml version="1.0" encoding="utf-8"?>
<rdf:RDF xmlns="http://knowledgeweb.semanticweb.org/heterogeneity/alignment" 
	 xmlns:rdf="http://www.w3.org/1999/02/22-rdf-syntax-ns#" 
	 xmlns:xsd="http://www.w3.org/2001/XMLSchema#">

<Alignment>
<xml>yes</xml>
<level>0</level>
<type>??</type>

<map>
	<Cell>
		<entity1 rdf:resource="http://confious#topic"/>
		<entity2 rdf:resource="http://ekaw#Research_Topic"/>
		<measure rdf:datatype="xsd:float">0.33357143</measure>
		<relation>=</relation>
	</Cell>
</map>
<map>
	<Cell>
		<entity1 rdf:resource="http://confious#summary_of_reviews"/>
		<entity2 rdf:resource="http://ekaw#Proceedings"/>
		<measure rdf:datatype="xsd:float">0.015667222</measure>
		<relation>&gt;</relation>
	</Cell>
</map>
<map>
	<Cell>
		<entity1 rdf:resource="http://confious#automatically_assign_paper"/>
		<entity2 rdf:resource="http://ekaw#volumeContainsPaper"/>
		<measure rdf:datatype="xsd:float">0.11128205</measure>
		<relation>&lt;</relation>
	</Cell>
</map>
<map>
	<Cell>
		<entity1 rdf:resource="http://confious#is_created_in"/>
		<entity2 rdf:resource="http://ekaw#referencedIn"/>
		<measure rdf:datatype="xsd:float">0.08953846</measure>
		<relation>=</relation>
	</Cell>
</map>
<map>
	<Cell>
		<entity1 rdf:resource="http://confious#Program_Committee_Chair"/>
		<entity2 rdf:resource="http://ekaw#Demo_Chair"/>
		<measure rdf:datatype="xsd:float">0.08915942</measure>
		<relation>=</relation>
	</Cell>
</map>
<map>
	<Cell>
		<entity1 rdf:resource="http://confious#Program_Committee_member"/>
		<entity2 rdf:resource="http://ekaw#Agency_Staff_Member"/>
		<measure rdf:datatype="xsd:float">0.11138889</measure>
		<relation>=</relation>
	</Cell>
</map>
<map>
	<Cell>
		<entity1 rdf:resource="http://confious#Accepted_Paper"/>
		<entity2 rdf:resource="http://ekaw#Accepted_Paper"/>
		<measure rdf:datatype="xsd:float">0.30096233</measure>
		<relation>&gt;</relation>
	</Cell>
</map>
<map>
	<Cell>
		<entity1 rdf:resource="http://confious#notification"/>
		<entity2 rdf:resource="http://ekaw#Academic_Institution"/>
		<measure rdf:datatype="xsd:float">0.12116739</measure>
		<relation>=</relation>
	</Cell>
</map>
<map>
	<Cell>
		<entity1 rdf:resource="http://confious#date"/>
		<entity2 rdf:resource="http://ekaw#Presenter"/>
		<measure rdf:datatype="xsd:float">0.18890195</measure>
		<relation>&gt;</relation>
	</Cell>
</map>
<map>
	<Cell>
		<entity1 rdf:resource="http://confious#structure_created_by"/>
		<entity2 rdf:resource="http://ekaw#writtenBy"/>
		<measure rdf:datatype="xsd:float">0.10404994</measure>
		<relation>=</relation>
	</Cell>
</map>
<map>
	<Cell>
		<entity1 rdf:resource="http://confious#Chair_URL"/>
		<entity2 rdf:resource="http://ekaw#OC_Chair"/>
		<measure rdf:datatype="xsd:float">0.16574073</measure>
		<relation>=</relation>
	</Cell>
</map>
<map>
	<Cell>
		<entity1 rdf:resource="http://confious#review_form"/>
		<entity2 rdf:resource="http://ekaw#Negative_Review"/>
		<measure rdf:datatype="xsd:float">0.11044446</measure>
		<relation>&gt;</relation>
	</Cell>
</map>
<map>
	<Cell>
		<entity1 rdf:resource="http://confious#is_supervised_by"/>
		<entity2 rdf:resource="http://ekaw#publisherOf"/>
		<measure rdf:datatype="xsd:float">0.12112571</measure>
		<relation>=</relation>
	</Cell>
</map>
<map>
	<Cell>
		<entity1 rdf:resource="http://confious#has_intensity"/>
		<entity2 rdf:resource="http://ekaw#hasPart"/>
		<measure rdf:datatype="xsd:float">0.11068377</measure>
		<relation>=</relation>
	</Cell>
</map>
<map>
	<Cell>
		<entity1 rdf:resource="http://confious#sets_end_date_of_abstract_submission"/>
		<entity2 rdf:resource="http://ekaw#inverse_of_partOf_7"/>
		<measure rdf:datatype="xsd:float">0.03382716</measure>
		<relation>=</relation>
	</Cell>
</map>
<map>
	<Cell>
		<entity1 rdf:resource="http://confious#paper"/>
		<entity2 rdf:resource="http://ekaw#Paper"/>
		<measure rdf:datatype="xsd:float">0.23622024</measure>
		<relation>=</relation>
	</Cell>
</map>
<map>
	<Cell>
		<entity1 rdf:resource="http://confious#reviewing_proces"/>
		<entity2 rdf:resource="http://ekaw#Proceedings_Publisher"/>
		<measure rdf:datatype="xsd:float">0.12134728</measure>
		<relation>=</relation>
	</Cell>
</map>
<map>
	<Cell>
		<entity1 rdf:resource="http://confious#is_in_phase"/>
		<entity2 rdf:resource="http://ekaw#paperInVolume"/>
		<measure rdf:datatype="xsd:float">0.11076923</measure>
		<relation>=</relation>
	</Cell>
</map>
<map>
	<Cell>
		<entity1 rdf:resource="http://confious#camera-ready_submission_date"/>
		<entity2 rdf:resource="http://ekaw#Invited_Speaker"/>
		<measure rdf:datatype="xsd:float">0.06336415</measure>
		<relation>&gt;</relation>
	</Cell>
</map>
<map>
	<Cell>
		<entity1 rdf:resource="http://confious#Rejected_Paper"/>
		<entity2 rdf:resource="http://ekaw#Rejected_Paper"/>
		<measure rdf:datatype="xsd:float">0.30096233</measure>
		<relation>&gt;</relation>
	</Cell>
</map>
<map>
	<Cell>
		<entity1 rdf:resource="http://confious#is_concerned_conference"/>
		<entity2 rdf:resource="http://ekaw#paperPresentedAs"/>
		<measure rdf:datatype="xsd:float">0.07931982</measure>
		<relation>&lt;</relation>
	</Cell>
</map>
<map>
	<Cell>
		<entity1 rdf:resource="http://confious#is_monitored_by"/>
		<entity2 rdf:resource="http://ekaw#organises"/>
		<measure rdf:datatype="xsd:float">0.12116737</measure>
		<relation>=</relation>
	</Cell>
</map>
<map>
	<Cell>
		<entity1 rdf:resource="http://confious#abstract_of_paper"/>
		<entity2 rdf:resource="http://ekaw#Invited_Talk_Abstract"/>
		<measure rdf:datatype="xsd:float">0.08880656</measure>
		<relation>&gt;</relation>
	</Cell>
</map>
<map>
	<Cell>
		<entity1 rdf:resource="http://confious#is_checked_in"/>
		<entity2 rdf:resource="http://ekaw#hasUpdatedVersion"/>
		<measure rdf:datatype="xsd:float">0.016030328</measure>
		<relation>=</relation>
	</Cell>
</map>
<map>
	<Cell>
		<entity1 rdf:resource="http://confious#managing_of_conference_process"/>
		<entity2 rdf:resource="http://ekaw#Organising_Agency"/>
		<measure rdf:datatype="xsd:float">0.12101924</measure>
		<relation>=</relation>
	</Cell>
</map>
<map>
	<Cell>
		<entity1 rdf:resource="http://confious#article"/>
		<entity2 rdf:resource="http://ekaw#Document"/>
		<measure rdf:datatype="xsd:float">0.045149915</measure>
		<relation>=</relation>
	</Cell>
</map>
<map>
	<Cell>
		<entity1 rdf:resource="http://confious#includes_topic"/>
		<entity2 rdf:resource="http://ekaw#coversTopic"/>
		<measure rdf:datatype="xsd:float">0.27785712</measure>
		<relation>=</relation>
	</Cell>
</map>
<map>
	<Cell>
		<entity1 rdf:resource="http://confious#Undecided_Paper"/>
		<entity2 rdf:resource="http://ekaw#Demo_Paper"/>
		<measure rdf:datatype="xsd:float">0.1899253</measure>
		<relation>=</relation>
	</Cell>
</map>
<map>
	<Cell>
		<entity1 rdf:resource="http://confious#is_followed_by"/>
		<entity2 rdf:resource="http://ekaw#scientificallyOrganisedBy"/>
		<measure rdf:datatype="xsd:float">0.11106667</measure>
		<relation>&gt;</relation>
	</Cell>
</map>
<map>
	<Cell>
		<entity1 rdf:resource="http://confious#activity"/>
		<entity2 rdf:resource="http://ekaw#Organisation"/>
		<measure rdf:datatype="xsd:float">0.3615023</measure>
		<relation>=</relation>
	</Cell>
</map>
<map>
	<Cell>
		<entity1 rdf:resource="http://confious#is_concerned_review"/>
		<entity2 rdf:resource="http://ekaw#hasReview"/>
		<measure rdf:datatype="xsd:float">0.16563505</measure>
		<relation>&lt;</relation>
	</Cell>
</map>
<map>
	<Cell>
		<entity1 rdf:resource="http://confious#has_author"/>
		<entity2 rdf:resource="http://ekaw#hasReviewer"/>
		<measure rdf:datatype="xsd:float">0.1662121</measure>
		<relation>=</relation>
	</Cell>
</map>
<map>
	<Cell>
		<entity1 rdf:resource="http://confious#phase_of_conference"/>
		<entity2 rdf:resource="http://ekaw#Conference_Trip"/>
		<measure rdf:datatype="xsd:float">0.17775439</measure>
		<relation>&gt;</relation>
	</Cell>
</map>
<map>
	<Cell>
		<entity1 rdf:resource="http://confious#is_concerned_paper"/>
		<entity2 rdf:resource="http://ekaw#reviewOfPaper"/>
		<measure rdf:datatype="xsd:float">0.26643366</measure>
		<relation>=</relation>
	</Cell>
</map>
<map>
	<Cell>
		<entity1 rdf:resource="http://confious#has_topic_of_interest"/>
		<entity2 rdf:resource="http://ekaw#authorOf"/>
		<measure rdf:datatype="xsd:float">0.055634916</measure>
		<relation>=</relation>
	</Cell>
</map>
<map>
	<Cell>
		<entity1 rdf:resource="http://confious#group_email"/>
		<entity2 rdf:resource="http://ekaw#Programme_Brochure"/>
		<measure rdf:datatype="xsd:float">0.01542031</measure>
		<relation>=</relation>
	</Cell>
</map>
<map>
	<Cell>
		<entity1 rdf:resource="http://confious#notification_email"/>
		<entity2 rdf:resource="http://ekaw#Tutorial_Abstract"/>
		<measure rdf:datatype="xsd:float">0.015543766</measure>
		<relation>&gt;</relation>
	</Cell>
</map>
<map>
	<Cell>
		<entity1 rdf:resource="http://confious#review"/>
		<entity2 rdf:resource="http://ekaw#Review"/>
		<measure rdf:datatype="xsd:float">0.2297472</measure>
		<relation>=</relation>
	</Cell>
</map>
<map>
	<Cell>
		<entity1 rdf:resource="http://confious#conference"/>
		<entity2 rdf:resource="http://ekaw#Conference"/>
		<measure rdf:datatype="xsd:float">0.3333333</measure>
		<relation>&gt;</relation>
	</Cell>
</map>
<map>
	<Cell>
		<entity1 rdf:resource="http://confious#Senior_Reviewer_URL"/>
		<entity2 rdf:resource="http://ekaw#Possible_Reviewer"/>
		<measure rdf:datatype="xsd:float">0.08940352</measure>
		<relation>=</relation>
	</Cell>
</map>
<map>
	<Cell>
		<entity1 rdf:resource="http://confious#sets_end_date_of_conference"/>
		<entity2 rdf:resource="http://ekaw#reviewerOfPaper"/>
		<measure rdf:datatype="xsd:float">0.0503642</measure>
		<relation>&lt;</relation>
	</Cell>
</map>
<map>
	<Cell>
		<entity1 rdf:resource="http://confious#is_author_of"/>
		<entity2 rdf:resource="http://ekaw#partOf"/>
		<measure rdf:datatype="xsd:float">0.059407417</measure>
		<relation>=</relation>
	</Cell>
</map>
<map>
	<Cell>
		<entity1 rdf:resource="http://confious#Regular_Reviewer_URL"/>
		<entity2 rdf:resource="http://ekaw#Regular_Session"/>
		<measure rdf:datatype="xsd:float">0.08950001</measure>
		<relation>=</relation>
	</Cell>
</map>
<map>
	<Cell>
		<entity1 rdf:resource="http://confious#conference_setup"/>
		<entity2 rdf:resource="http://ekaw#Conference_Session"/>
		<measure rdf:datatype="xsd:float">0.16740741</measure>
		<relation>&gt;</relation>
	</Cell>
</map>
<map>
	<Cell>
		<entity1 rdf:resource="http://confious#sets_start_date_of_conference"/>
		<entity2 rdf:resource="http://ekaw#updatedVersionOf"/>
		<measure rdf:datatype="xsd:float">0.05018966</measure>
		<relation>&lt;</relation>
	</Cell>
</map>
<map>
	<Cell>
		<entity1 rdf:resource="http://confious#sets_date_of_notification"/>
		<entity2 rdf:resource="http://ekaw#presentationOfPaper"/>
		<measure rdf:datatype="xsd:float">0.071647614</measure>
		<relation>&lt;</relation>
	</Cell>
</map>
<map>
	<Cell>
		<entity1 rdf:resource="http://confious#sets_start_date_of_abstract_submission"/>
		<entity2 rdf:resource="http://ekaw#partOfEvent"/>
		<measure rdf:datatype="xsd:float">0.024795324</measure>
		<relation>=</relation>
	</Cell>
</map>

</Alignment>
</rdf:RDF>
