<?xml version="1.0" encoding="utf-8"?>
<rdf:RDF xmlns="http://knowledgeweb.semanticweb.org/heterogeneity/alignment" 
	 xmlns:rdf="http://www.w3.org/1999/02/22-rdf-syntax-ns#" 
	 xmlns:xsd="http://www.w3.org/2001/XMLSchema#">

<Alignment>
<xml>yes</xml>
<level>0</level>
<type>??</type>

<map>
	<Cell>
		<entity1 rdf:resource="http://conference#has_gender"/>
		<entity2 rdf:resource="http://myreview#hasAffiliation"/>
		<measure rdf:datatype="xsd:float">0.58231324</measure>
		<relation>=</relation>
	</Cell>
</map>
<map>
	<Cell>
		<entity1 rdf:resource="http://conference#has_been_assigned_a_review_reference"/>
		<entity2 rdf:resource="http://myreview#isAssignedBy"/>
		<measure rdf:datatype="xsd:float">0.31841666</measure>
		<relation>=</relation>
	</Cell>
</map>
<map>
	<Cell>
		<entity1 rdf:resource="http://conference#was_a_member_of"/>
		<entity2 rdf:resource="http://myreview#isMemberOf"/>
		<measure rdf:datatype="xsd:float">0.134788</measure>
		<relation>=</relation>
	</Cell>
</map>
<map>
	<Cell>
		<entity1 rdf:resource="http://conference#has_an_abstract"/>
		<entity2 rdf:resource="http://myreview#hasAbstract"/>
		<measure rdf:datatype="xsd:float">0.25251853</measure>
		<relation>=</relation>
	</Cell>
</map>
<map>
	<Cell>
		<entity1 rdf:resource="http://conference#Review"/>
		<entity2 rdf:resource="http://myreview#Review"/>
		<measure rdf:datatype="xsd:float">0.27662957</measure>
		<relation>=</relation>
	</Cell>
</map>
<map>
	<Cell>
		<entity1 rdf:resource="http://conference#Conference"/>
		<entity2 rdf:resource="http://myreview#Conference"/>
		<measure rdf:datatype="xsd:float">0.3333333</measure>
		<relation>=</relation>
	</Cell>
</map>
<map>
	<Cell>
		<entity1 rdf:resource="http://conference#Paper"/>
		<entity2 rdf:resource="http://myreview#Paper"/>
		<measure rdf:datatype="xsd:float">0.22222224</measure>
		<relation>&lt;</relation>
	</Cell>
</map>
<map>
	<Cell>
		<entity1 rdf:resource="http://conference#Program_committee"/>
		<entity2 rdf:resource="http://myreview#ProgramCommittee"/>
		<measure rdf:datatype="xsd:float">0.3333333</measure>
		<relation>&lt;</relation>
	</Cell>
</map>
<map>
	<Cell>
		<entity1 rdf:resource="http://conference#invited_by"/>
		<entity2 rdf:resource="http://myreview#submitsPaper"/>
		<measure rdf:datatype="xsd:float">0.07692501</measure>
		<relation>=</relation>
	</Cell>
</map>
<map>
	<Cell>
		<entity1 rdf:resource="http://conference#Conference_proceedings"/>
		<entity2 rdf:resource="http://myreview#ConferenceProgram"/>
		<measure rdf:datatype="xsd:float">0.16696969</measure>
		<relation>=</relation>
	</Cell>
</map>
<map>
	<Cell>
		<entity1 rdf:resource="http://conference#invites_co-reviewers"/>
		<entity2 rdf:resource="http://myreview#writePaper"/>
		<measure rdf:datatype="xsd:float">0.0772028</measure>
		<relation>=</relation>
	</Cell>
</map>
<map>
	<Cell>
		<entity1 rdf:resource="http://conference#reviews"/>
		<entity2 rdf:resource="http://myreview#rates"/>
		<measure rdf:datatype="xsd:float">0.09417671</measure>
		<relation>=</relation>
	</Cell>
</map>
<map>
	<Cell>
		<entity1 rdf:resource="http://conference#was_a_committe_co-chair_of"/>
		<entity2 rdf:resource="http://myreview#assigns"/>
		<measure rdf:datatype="xsd:float">0.013977518</measure>
		<relation>&lt;</relation>
	</Cell>
</map>
<map>
	<Cell>
		<entity1 rdf:resource="http://conference#Conference_document"/>
		<entity2 rdf:resource="http://myreview#Document"/>
		<measure rdf:datatype="xsd:float">0.16455269</measure>
		<relation>=</relation>
	</Cell>
</map>
<map>
	<Cell>
		<entity1 rdf:resource="http://conference#Call_for_paper"/>
		<entity2 rdf:resource="http://myreview#PaperAbstract"/>
		<measure rdf:datatype="xsd:float">0.11339147</measure>
		<relation>=</relation>
	</Cell>
</map>
<map>
	<Cell>
		<entity1 rdf:resource="http://conference#Rejected_contribution"/>
		<entity2 rdf:resource="http://myreview#RejectedPaper"/>
		<measure rdf:datatype="xsd:float">0.110952385</measure>
		<relation>=</relation>
	</Cell>
</map>
<map>
	<Cell>
		<entity1 rdf:resource="http://conference#was_a_program_committee_of"/>
		<entity2 rdf:resource="http://myreview#hasMember"/>
		<measure rdf:datatype="xsd:float">0.11175212</measure>
		<relation>&lt;</relation>
	</Cell>
</map>
<map>
	<Cell>
		<entity1 rdf:resource="http://conference#Chair"/>
		<entity2 rdf:resource="http://myreview#Chair"/>
		<measure rdf:datatype="xsd:float">0.28097567</measure>
		<relation>=</relation>
	</Cell>
</map>
<map>
	<Cell>
		<entity1 rdf:resource="http://conference#Reviewer"/>
		<entity2 rdf:resource="http://myreview#Author"/>
		<measure rdf:datatype="xsd:float">0.22891062</measure>
		<relation>=</relation>
	</Cell>
</map>
<map>
	<Cell>
		<entity1 rdf:resource="http://conference#was_a_committee_chair_of"/>
		<entity2 rdf:resource="http://myreview#isChairOf"/>
		<measure rdf:datatype="xsd:float">0.12976861</measure>
		<relation>&lt;</relation>
	</Cell>
</map>
<map>
	<Cell>
		<entity1 rdf:resource="http://conference#Person"/>
		<entity2 rdf:resource="http://myreview#Person"/>
		<measure rdf:datatype="xsd:float">0.24891493</measure>
		<relation>=</relation>
	</Cell>
</map>
<map>
	<Cell>
		<entity1 rdf:resource="http://conference#has_a_name"/>
		<entity2 rdf:resource="http://myreview#hasName"/>
		<measure rdf:datatype="xsd:float">0.6227777</measure>
		<relation>=</relation>
	</Cell>
</map>
<map>
	<Cell>
		<entity1 rdf:resource="http://conference#Accepted_contribution"/>
		<entity2 rdf:resource="http://myreview#AcceptedPaper"/>
		<measure rdf:datatype="xsd:float">0.110952385</measure>
		<relation>=</relation>
	</Cell>
</map>
<map>
	<Cell>
		<entity1 rdf:resource="http://conference#has_the_first_name"/>
		<entity2 rdf:resource="http://myreview#hasFirstName"/>
		<measure rdf:datatype="xsd:float">0.63096404</measure>
		<relation>=</relation>
	</Cell>
</map>
<map>
	<Cell>
		<entity1 rdf:resource="http://conference#Co-chair"/>
		<entity2 rdf:resource="http://myreview#Administrator"/>
		<measure rdf:datatype="xsd:float">0.059095316</measure>
		<relation>=</relation>
	</Cell>
</map>
<map>
	<Cell>
		<entity1 rdf:resource="http://conference#has_a_publisher"/>
		<entity2 rdf:resource="http://myreview#isProgramOf"/>
		<measure rdf:datatype="xsd:float">0.056101006</measure>
		<relation>=</relation>
	</Cell>
</map>
<map>
	<Cell>
		<entity1 rdf:resource="http://conference#Committee_member"/>
		<entity2 rdf:resource="http://myreview#ProgramCommitteeMember"/>
		<measure rdf:datatype="xsd:float">0.17573012</measure>
		<relation>=</relation>
	</Cell>
</map>
<map>
	<Cell>
		<entity1 rdf:resource="http://conference#has_the_last_name"/>
		<entity2 rdf:resource="http://myreview#hasLastName"/>
		<measure rdf:datatype="xsd:float">0.6308987</measure>
		<relation>=</relation>
	</Cell>
</map>
<map>
	<Cell>
		<entity1 rdf:resource="http://conference#Conference_participant"/>
		<entity2 rdf:resource="http://myreview#ExternalReviewer"/>
		<measure rdf:datatype="xsd:float">0.08377072</measure>
		<relation>=</relation>
	</Cell>
</map>
<map>
	<Cell>
		<entity1 rdf:resource="http://conference#Regular_author"/>
		<entity2 rdf:resource="http://myreview#ContactAuthor"/>
		<measure rdf:datatype="xsd:float">0.11111112</measure>
		<relation>=</relation>
	</Cell>
</map>
<map>
	<Cell>
		<entity1 rdf:resource="http://conference#Call_for_participation"/>
		<entity2 rdf:resource="http://myreview#Evaluation"/>
		<measure rdf:datatype="xsd:float">0.0990241</measure>
		<relation>=</relation>
	</Cell>
</map>
<map>
	<Cell>
		<entity1 rdf:resource="http://conference#Tutorial"/>
		<entity2 rdf:resource="http://myreview#Session"/>
		<measure rdf:datatype="xsd:float">0.28091666</measure>
		<relation>&lt;</relation>
	</Cell>
</map>
<map>
	<Cell>
		<entity1 rdf:resource="http://conference#has_an_email"/>
		<entity2 rdf:resource="http://myreview#hasEmail"/>
		<measure rdf:datatype="xsd:float">0.5948212</measure>
		<relation>=</relation>
	</Cell>
</map>
<map>
	<Cell>
		<entity1 rdf:resource="http://conference#Topic"/>
		<entity2 rdf:resource="http://myreview#Question"/>
		<measure rdf:datatype="xsd:float">0.84275</measure>
		<relation>=</relation>
	</Cell>
</map>
<map>
	<Cell>
		<entity1 rdf:resource="http://conference#Conference_applicant"/>
		<entity2 rdf:resource="http://myreview#ConferenceAttendant"/>
		<measure rdf:datatype="xsd:float">0.19482122</measure>
		<relation>=</relation>
	</Cell>
</map>

</Alignment>
</rdf:RDF>
