<?xml version="1.0" encoding="utf-8"?>
<rdf:RDF xmlns="http://knowledgeweb.semanticweb.org/heterogeneity/alignment" 
	 xmlns:rdf="http://www.w3.org/1999/02/22-rdf-syntax-ns#" 
	 xmlns:xsd="http://www.w3.org/2001/XMLSchema#">

<Alignment>
<xml>yes</xml>
<level>0</level>
<type>??</type>

<map>
	<Cell>
		<entity1 rdf:resource="http://openconf#Program_chair"/>
		<entity2 rdf:resource="http://sigkdd#Program_Chair"/>
		<measure rdf:datatype="xsd:float">1.0</measure>
		<relation>=</relation>
	</Cell>
</map>
<map>
	<Cell>
		<entity1 rdf:resource="http://openconf#Review_Values"/>
		<entity2 rdf:resource="http://sigkdd#Review"/>
		<measure rdf:datatype="xsd:float">1.0</measure>
		<relation>=</relation>
	</Cell>
</map>
<map>
	<Cell>
		<entity1 rdf:resource="http://openconf#Name"/>
		<entity2 rdf:resource="http://sigkdd#Name"/>
		<measure rdf:datatype="xsd:float">1.0</measure>
		<relation>=</relation>
	</Cell>
</map>
<map>
	<Cell>
		<entity1 rdf:resource="http://openconf#Paper_File"/>
		<entity2 rdf:resource="http://sigkdd#Paper"/>
		<measure rdf:datatype="xsd:float">1.0</measure>
		<relation>=</relation>
	</Cell>
</map>
<map>
	<Cell>
		<entity1 rdf:resource="http://openconf#Contact_Author"/>
		<entity2 rdf:resource="http://sigkdd#Author"/>
		<measure rdf:datatype="xsd:float">0.0</measure>
		<relation>=</relation>
	</Cell>
</map>
<map>
	<Cell>
		<entity1 rdf:resource="http://openconf#Classic_Papers"/>
		<entity2 rdf:resource="http://sigkdd#Paper"/>
		<measure rdf:datatype="xsd:float">1.0</measure>
		<relation>=</relation>
	</Cell>
</map>
<map>
	<Cell>
		<entity1 rdf:resource="http://openconf#Paper"/>
		<entity2 rdf:resource="http://sigkdd#Paper"/>
		<measure rdf:datatype="xsd:float">1.0</measure>
		<relation>=</relation>
	</Cell>
</map>
<map>
	<Cell>
		<entity1 rdf:resource="http://openconf#Review_Committee"/>
		<entity2 rdf:resource="http://sigkdd#Committee"/>
		<measure rdf:datatype="xsd:float">1.0</measure>
		<relation>=</relation>
	</Cell>
</map>
<map>
	<Cell>
		<entity1 rdf:resource="http://openconf#Author"/>
		<entity2 rdf:resource="http://sigkdd#Author"/>
		<measure rdf:datatype="xsd:float">1.0</measure>
		<relation>=</relation>
	</Cell>
</map>
<map>
	<Cell>
		<entity1 rdf:resource="http://openconf#Reviewed_Paper"/>
		<entity2 rdf:resource="http://sigkdd#Paper"/>
		<measure rdf:datatype="xsd:float">1.0</measure>
		<relation>=</relation>
	</Cell>
</map>
<map>
	<Cell>
		<entity1 rdf:resource="http://openconf#Reviewer_Famliliarity"/>
		<entity2 rdf:resource="http://sigkdd#Author"/>
		<measure rdf:datatype="xsd:float">1.0</measure>
		<relation>=</relation>
	</Cell>
</map>
<map>
	<Cell>
		<entity1 rdf:resource="http://openconf#Member"/>
		<entity2 rdf:resource="http://sigkdd#Registration_SIGMOD_Member"/>
		<measure rdf:datatype="xsd:float">0.0</measure>
		<relation>=</relation>
	</Cell>
</map>
<map>
	<Cell>
		<entity1 rdf:resource="http://openconf#Paper_Categorization"/>
		<entity2 rdf:resource="http://sigkdd#Paper"/>
		<measure rdf:datatype="xsd:float">0.0</measure>
		<relation>=</relation>
	</Cell>
</map>
<map>
	<Cell>
		<entity1 rdf:resource="http://openconf#Paper_Review"/>
		<entity2 rdf:resource="http://sigkdd#Review"/>
		<measure rdf:datatype="xsd:float">0.0</measure>
		<relation>=</relation>
	</Cell>
</map>
<map>
	<Cell>
		<entity1 rdf:resource="http://openconf#Reviewer"/>
		<entity2 rdf:resource="http://sigkdd#Author_of_paper"/>
		<measure rdf:datatype="xsd:float">1.0</measure>
		<relation>=</relation>
	</Cell>
</map>
<map>
	<Cell>
		<entity1 rdf:resource="http://openconf#Program_Committee"/>
		<entity2 rdf:resource="http://sigkdd#Program_Committee"/>
		<measure rdf:datatype="xsd:float">1.0</measure>
		<relation>=</relation>
	</Cell>
</map>
<map>
	<Cell>
		<entity1 rdf:resource="http://openconf#Surname"/>
		<entity2 rdf:resource="http://sigkdd#Name_of_sponsor"/>
		<measure rdf:datatype="xsd:float">0.0</measure>
		<relation>=</relation>
	</Cell>
</map>
<map>
	<Cell>
		<entity1 rdf:resource="http://openconf#Advocate"/>
		<entity2 rdf:resource="http://sigkdd#Person"/>
		<measure rdf:datatype="xsd:float">1.0</measure>
		<relation>=</relation>
	</Cell>
</map>
<map>
	<Cell>
		<entity1 rdf:resource="http://openconf#Planed_Paper"/>
		<entity2 rdf:resource="http://sigkdd#Paper"/>
		<measure rdf:datatype="xsd:float">1.0</measure>
		<relation>=</relation>
	</Cell>
</map>
<map>
	<Cell>
		<entity1 rdf:resource="http://openconf#Advocated_Paper"/>
		<entity2 rdf:resource="http://sigkdd#Paper"/>
		<measure rdf:datatype="xsd:float">0.0</measure>
		<relation>=</relation>
	</Cell>
</map>
<map>
	<Cell>
		<entity1 rdf:resource="http://openconf#E-mail"/>
		<entity2 rdf:resource="http://sigkdd#E-mail"/>
		<measure rdf:datatype="xsd:float">1.0</measure>
		<relation>=</relation>
	</Cell>
</map>
<map>
	<Cell>
		<entity1 rdf:resource="http://openconf#Submitted_Paper"/>
		<entity2 rdf:resource="http://sigkdd#Paper"/>
		<measure rdf:datatype="xsd:float">0.0</measure>
		<relation>=</relation>
	</Cell>
</map>
<map>
	<Cell>
		<entity1 rdf:resource="http://openconf#Title"/>
		<entity2 rdf:resource="http://sigkdd#Name_of_sponsor"/>
		<measure rdf:datatype="xsd:float">0.0</measure>
		<relation>=</relation>
	</Cell>
</map>
<map>
	<Cell>
		<entity1 rdf:resource="http://openconf#Committees"/>
		<entity2 rdf:resource="http://sigkdd#Organizing_Committee"/>
		<measure rdf:datatype="xsd:float">0.0</measure>
		<relation>=</relation>
	</Cell>
</map>
<map>
	<Cell>
		<entity1 rdf:resource="http://openconf#Conference_Program"/>
		<entity2 rdf:resource="http://sigkdd#Conference"/>
		<measure rdf:datatype="xsd:float">1.0</measure>
		<relation>=</relation>
	</Cell>
</map>

</Alignment>
</rdf:RDF>
