<?xml version="1.0" encoding="utf-8"?>
<rdf:RDF xmlns="http://knowledgeweb.semanticweb.org/heterogeneity/alignment" 
	 xmlns:rdf="http://www.w3.org/1999/02/22-rdf-syntax-ns#" 
	 xmlns:xsd="http://www.w3.org/2001/XMLSchema#">

<Alignment>
<xml>yes</xml>
<level>0</level>
<type>??</type>

<map>
	<Cell>
		<entity1 rdf:resource="http://confOf#hasEmail"/>
		<entity2 rdf:resource="http://myreview#hasEmail"/>
		<measure rdf:datatype="xsd:float">1.0</measure>
		<relation>=</relation>
	</Cell>
</map>
<map>
	<Cell>
		<entity1 rdf:resource="http://confOf#Administrator"/>
		<entity2 rdf:resource="http://myreview#Administrator"/>
		<measure rdf:datatype="xsd:float">1.0</measure>
		<relation>=</relation>
	</Cell>
</map>
<map>
	<Cell>
		<entity1 rdf:resource="http://confOf#hasPhone"/>
		<entity2 rdf:resource="http://myreview#hasPhone"/>
		<measure rdf:datatype="xsd:float">1.0</measure>
		<relation>=</relation>
	</Cell>
</map>
<map>
	<Cell>
		<entity1 rdf:resource="http://confOf#Tutorial"/>
		<entity2 rdf:resource="http://myreview#Session"/>
		<measure rdf:datatype="xsd:float">1.0</measure>
		<relation>=</relation>
	</Cell>
</map>
<map>
	<Cell>
		<entity1 rdf:resource="http://confOf#Conference"/>
		<entity2 rdf:resource="http://myreview#Conference"/>
		<measure rdf:datatype="xsd:float">1.0</measure>
		<relation>=</relation>
	</Cell>
</map>
<map>
	<Cell>
		<entity1 rdf:resource="http://confOf#Person"/>
		<entity2 rdf:resource="http://myreview#Person"/>
		<measure rdf:datatype="xsd:float">1.0</measure>
		<relation>=</relation>
	</Cell>
</map>
<map>
	<Cell>
		<entity1 rdf:resource="http://confOf#abstract"/>
		<entity2 rdf:resource="http://myreview#hasAbstract"/>
		<measure rdf:datatype="xsd:float">1.0</measure>
		<relation>=</relation>
	</Cell>
</map>
<map>
	<Cell>
		<entity1 rdf:resource="http://confOf#Organization"/>
		<entity2 rdf:resource="http://myreview#Administrator"/>
		<measure rdf:datatype="xsd:float">0.0</measure>
		<relation>=</relation>
	</Cell>
</map>
<map>
	<Cell>
		<entity1 rdf:resource="http://confOf#Scholar"/>
		<entity2 rdf:resource="http://myreview#Person"/>
		<measure rdf:datatype="xsd:float">0.0</measure>
		<relation>=</relation>
	</Cell>
</map>
<map>
	<Cell>
		<entity1 rdf:resource="http://confOf#Author"/>
		<entity2 rdf:resource="http://myreview#Author"/>
		<measure rdf:datatype="xsd:float">1.0</measure>
		<relation>=</relation>
	</Cell>
</map>
<map>
	<Cell>
		<entity1 rdf:resource="http://confOf#Short_paper"/>
		<entity2 rdf:resource="http://myreview#Paper"/>
		<measure rdf:datatype="xsd:float">1.0</measure>
		<relation>=</relation>
	</Cell>
</map>
<map>
	<Cell>
		<entity1 rdf:resource="http://confOf#has_title"/>
		<entity2 rdf:resource="http://myreview#hasTitle"/>
		<measure rdf:datatype="xsd:float">1.0</measure>
		<relation>=</relation>
	</Cell>
</map>
<map>
	<Cell>
		<entity1 rdf:resource="http://confOf#Paper"/>
		<entity2 rdf:resource="http://myreview#Paper"/>
		<measure rdf:datatype="xsd:float">1.0</measure>
		<relation>=</relation>
	</Cell>
</map>
<map>
	<Cell>
		<entity1 rdf:resource="http://confOf#hasFirstName"/>
		<entity2 rdf:resource="http://myreview#hasFirstName"/>
		<measure rdf:datatype="xsd:float">1.0</measure>
		<relation>=</relation>
	</Cell>
</map>
<map>
	<Cell>
		<entity1 rdf:resource="http://confOf#Chair_PC"/>
		<entity2 rdf:resource="http://myreview#Chair"/>
		<measure rdf:datatype="xsd:float">1.0</measure>
		<relation>=</relation>
	</Cell>
</map>
<map>
	<Cell>
		<entity1 rdf:resource="http://confOf#hasTitle"/>
		<entity2 rdf:resource="http://myreview#hasTitle"/>
		<measure rdf:datatype="xsd:float">1.0</measure>
		<relation>=</relation>
	</Cell>
</map>

</Alignment>
</rdf:RDF>
