<?xml version="1.0" encoding="utf-8"?>
<rdf:RDF xmlns="http://knowledgeweb.semanticweb.org/heterogeneity/alignment" 
	 xmlns:rdf="http://www.w3.org/1999/02/22-rdf-syntax-ns#" 
	 xmlns:xsd="http://www.w3.org/2001/XMLSchema#">

<Alignment>
<xml>yes</xml>
<level>0</level>
<type>??</type>

<map>
	<Cell>
		<entity1 rdf:resource="http://micro#GeneralCoChair"/>
		<entity2 rdf:resource="http://sigkdd#General_Chair"/>
		<measure rdf:datatype="xsd:float">1.0</measure>
		<relation>=</relation>
	</Cell>
</map>
<map>
	<Cell>
		<entity1 rdf:resource="http://micro#Person"/>
		<entity2 rdf:resource="http://sigkdd#Person"/>
		<measure rdf:datatype="xsd:float">1.0</measure>
		<relation>=</relation>
	</Cell>
</map>
<map>
	<Cell>
		<entity1 rdf:resource="http://micro#CommitteeMember"/>
		<entity2 rdf:resource="http://sigkdd#Organizing_Committee_member"/>
		<measure rdf:datatype="xsd:float">0.0</measure>
		<relation>=</relation>
	</Cell>
</map>
<map>
	<Cell>
		<entity1 rdf:resource="http://micro#Paper"/>
		<entity2 rdf:resource="http://sigkdd#Paper"/>
		<measure rdf:datatype="xsd:float">1.0</measure>
		<relation>=</relation>
	</Cell>
</map>
<map>
	<Cell>
		<entity1 rdf:resource="http://micro#Reviewer"/>
		<entity2 rdf:resource="http://sigkdd#Author_of_paper"/>
		<measure rdf:datatype="xsd:float">1.0</measure>
		<relation>=</relation>
	</Cell>
</map>
<map>
	<Cell>
		<entity1 rdf:resource="http://micro#PaperSubmissionChair"/>
		<entity2 rdf:resource="http://sigkdd#Deadline_Paper_Submission"/>
		<measure rdf:datatype="xsd:float">0.0</measure>
		<relation>=</relation>
	</Cell>
</map>
<map>
	<Cell>
		<entity1 rdf:resource="http://micro#SteeringCommittee"/>
		<entity2 rdf:resource="http://sigkdd#Committee"/>
		<measure rdf:datatype="xsd:float">0.0</measure>
		<relation>=</relation>
	</Cell>
</map>
<map>
	<Cell>
		<entity1 rdf:resource="http://micro#OrganizingCommittee"/>
		<entity2 rdf:resource="http://sigkdd#Organizing_Committee"/>
		<measure rdf:datatype="xsd:float">1.0</measure>
		<relation>=</relation>
	</Cell>
</map>
<map>
	<Cell>
		<entity1 rdf:resource="http://micro#ProgramCoChair"/>
		<entity2 rdf:resource="http://sigkdd#Program_Chair"/>
		<measure rdf:datatype="xsd:float">1.0</measure>
		<relation>=</relation>
	</Cell>
</map>
<map>
	<Cell>
		<entity1 rdf:resource="http://micro#Conference"/>
		<entity2 rdf:resource="http://sigkdd#Conference"/>
		<measure rdf:datatype="xsd:float">1.0</measure>
		<relation>=</relation>
	</Cell>
</map>
<map>
	<Cell>
		<entity1 rdf:resource="http://micro#Organizer"/>
		<entity2 rdf:resource="http://sigkdd#Organizing_Committee"/>
		<measure rdf:datatype="xsd:float">1.0</measure>
		<relation>=</relation>
	</Cell>
</map>
<map>
	<Cell>
		<entity1 rdf:resource="http://micro#Author"/>
		<entity2 rdf:resource="http://sigkdd#Author"/>
		<measure rdf:datatype="xsd:float">1.0</measure>
		<relation>=</relation>
	</Cell>
</map>

</Alignment>
</rdf:RDF>
