<?xml version="1.0" encoding="utf-8"?>
<rdf:RDF xmlns="http://knowledgeweb.semanticweb.org/heterogeneity/alignment" 
	 xmlns:rdf="http://www.w3.org/1999/02/22-rdf-syntax-ns#" 
	 xmlns:xsd="http://www.w3.org/2001/XMLSchema#">

<Alignment>
<xml>yes</xml>
<level>0</level>
<type>??</type>

<map>
	<Cell>
		<entity1 rdf:resource="http://openconf#Classic_Papers"/>
		<entity2 rdf:resource="http://pcs#Paper"/>
		<measure rdf:datatype="xsd:float">1.0</measure>
		<relation>=</relation>
	</Cell>
</map>
<map>
	<Cell>
		<entity1 rdf:resource="http://openconf#Valuable_Confirmation_of_Present_Knowledge"/>
		<entity2 rdf:resource="http://pcs#Information"/>
		<measure rdf:datatype="xsd:float">1.0</measure>
		<relation>=</relation>
	</Cell>
</map>
<map>
	<Cell>
		<entity1 rdf:resource="http://openconf#Title"/>
		<entity2 rdf:resource="http://pcs#Title"/>
		<measure rdf:datatype="xsd:float">1.0</measure>
		<relation>=</relation>
	</Cell>
</map>
<map>
	<Cell>
		<entity1 rdf:resource="http://openconf#Name"/>
		<entity2 rdf:resource="http://pcs#NAME"/>
		<measure rdf:datatype="xsd:float">1.0</measure>
		<relation>=</relation>
	</Cell>
</map>
<map>
	<Cell>
		<entity1 rdf:resource="http://openconf#E-mail"/>
		<entity2 rdf:resource="http://pcs#E-mail"/>
		<measure rdf:datatype="xsd:float">1.0</measure>
		<relation>=</relation>
	</Cell>
</map>
<map>
	<Cell>
		<entity1 rdf:resource="http://openconf#Reviewed_Paper"/>
		<entity2 rdf:resource="http://pcs#Paper"/>
		<measure rdf:datatype="xsd:float">1.0</measure>
		<relation>=</relation>
	</Cell>
</map>
<map>
	<Cell>
		<entity1 rdf:resource="http://openconf#Advocate"/>
		<entity2 rdf:resource="http://pcs#PERSON"/>
		<measure rdf:datatype="xsd:float">1.0</measure>
		<relation>=</relation>
	</Cell>
</map>
<map>
	<Cell>
		<entity1 rdf:resource="http://openconf#Format"/>
		<entity2 rdf:resource="http://pcs#Information"/>
		<measure rdf:datatype="xsd:float">1.0</measure>
		<relation>=</relation>
	</Cell>
</map>
<map>
	<Cell>
		<entity1 rdf:resource="http://openconf#Submitted_Paper"/>
		<entity2 rdf:resource="http://pcs#Paper"/>
		<measure rdf:datatype="xsd:float">0.0</measure>
		<relation>=</relation>
	</Cell>
</map>
<map>
	<Cell>
		<entity1 rdf:resource="http://openconf#New_Information"/>
		<entity2 rdf:resource="http://pcs#Information"/>
		<measure rdf:datatype="xsd:float">1.0</measure>
		<relation>=</relation>
	</Cell>
</map>
<map>
	<Cell>
		<entity1 rdf:resource="http://openconf#Reject"/>
		<entity2 rdf:resource="http://pcs#Rejected_paper"/>
		<measure rdf:datatype="xsd:float">0.0</measure>
		<relation>=</relation>
	</Cell>
</map>
<map>
	<Cell>
		<entity1 rdf:resource="http://openconf#Author"/>
		<entity2 rdf:resource="http://pcs#Author"/>
		<measure rdf:datatype="xsd:float">1.0</measure>
		<relation>=</relation>
	</Cell>
</map>
<map>
	<Cell>
		<entity1 rdf:resource="http://openconf#Planed_Paper"/>
		<entity2 rdf:resource="http://pcs#Paper"/>
		<measure rdf:datatype="xsd:float">1.0</measure>
		<relation>=</relation>
	</Cell>
</map>
<map>
	<Cell>
		<entity1 rdf:resource="http://openconf#Paper_Categorization"/>
		<entity2 rdf:resource="http://pcs#Paper"/>
		<measure rdf:datatype="xsd:float">0.0</measure>
		<relation>=</relation>
	</Cell>
</map>
<map>
	<Cell>
		<entity1 rdf:resource="http://openconf#Review_Values"/>
		<entity2 rdf:resource="http://pcs#Review"/>
		<measure rdf:datatype="xsd:float">1.0</measure>
		<relation>=</relation>
	</Cell>
</map>
<map>
	<Cell>
		<entity1 rdf:resource="http://openconf#Advocated_Paper"/>
		<entity2 rdf:resource="http://pcs#Paper"/>
		<measure rdf:datatype="xsd:float">0.0</measure>
		<relation>=</relation>
	</Cell>
</map>
<map>
	<Cell>
		<entity1 rdf:resource="http://openconf#Abstract"/>
		<entity2 rdf:resource="http://pcs#Summary"/>
		<measure rdf:datatype="xsd:float">0.0</measure>
		<relation>=</relation>
	</Cell>
</map>
<map>
	<Cell>
		<entity1 rdf:resource="http://openconf#Program_Committee"/>
		<entity2 rdf:resource="http://pcs#System"/>
		<measure rdf:datatype="xsd:float">1.0</measure>
		<relation>=</relation>
	</Cell>
</map>
<map>
	<Cell>
		<entity1 rdf:resource="http://openconf#Contact_Author"/>
		<entity2 rdf:resource="http://pcs#Author"/>
		<measure rdf:datatype="xsd:float">0.0</measure>
		<relation>=</relation>
	</Cell>
</map>
<map>
	<Cell>
		<entity1 rdf:resource="http://openconf#Review_Committee"/>
		<entity2 rdf:resource="http://pcs#Review"/>
		<measure rdf:datatype="xsd:float">1.0</measure>
		<relation>=</relation>
	</Cell>
</map>
<map>
	<Cell>
		<entity1 rdf:resource="http://openconf#Corel_Word_Perfect"/>
		<entity2 rdf:resource="http://pcs#Information"/>
		<measure rdf:datatype="xsd:float">1.0</measure>
		<relation>=</relation>
	</Cell>
</map>
<map>
	<Cell>
		<entity1 rdf:resource="http://openconf#Paper"/>
		<entity2 rdf:resource="http://pcs#Paper"/>
		<measure rdf:datatype="xsd:float">1.0</measure>
		<relation>=</relation>
	</Cell>
</map>
<map>
	<Cell>
		<entity1 rdf:resource="http://openconf#Reviewer"/>
		<entity2 rdf:resource="http://pcs#Secondary_Reviewer"/>
		<measure rdf:datatype="xsd:float">0.0</measure>
		<relation>=</relation>
	</Cell>
</map>
<map>
	<Cell>
		<entity1 rdf:resource="http://openconf#Conference_Program"/>
		<entity2 rdf:resource="http://pcs#Conference"/>
		<measure rdf:datatype="xsd:float">1.0</measure>
		<relation>=</relation>
	</Cell>
</map>
<map>
	<Cell>
		<entity1 rdf:resource="http://openconf#Reviewer_Famliliarity"/>
		<entity2 rdf:resource="http://pcs#Author"/>
		<measure rdf:datatype="xsd:float">1.0</measure>
		<relation>=</relation>
	</Cell>
</map>
<map>
	<Cell>
		<entity1 rdf:resource="http://openconf#Paper_File"/>
		<entity2 rdf:resource="http://pcs#Paper"/>
		<measure rdf:datatype="xsd:float">1.0</measure>
		<relation>=</relation>
	</Cell>
</map>
<map>
	<Cell>
		<entity1 rdf:resource="http://openconf#Surname"/>
		<entity2 rdf:resource="http://pcs#NAME"/>
		<measure rdf:datatype="xsd:float">0.0</measure>
		<relation>=</relation>
	</Cell>
</map>
<map>
	<Cell>
		<entity1 rdf:resource="http://openconf#Password"/>
		<entity2 rdf:resource="http://pcs#Password"/>
		<measure rdf:datatype="xsd:float">1.0</measure>
		<relation>=</relation>
	</Cell>
</map>
<map>
	<Cell>
		<entity1 rdf:resource="http://openconf#Paper_Review"/>
		<entity2 rdf:resource="http://pcs#Paper"/>
		<measure rdf:datatype="xsd:float">1.0</measure>
		<relation>=</relation>
	</Cell>
</map>
<map>
	<Cell>
		<entity1 rdf:resource="http://openconf#Program_chair"/>
		<entity2 rdf:resource="http://pcs#System"/>
		<measure rdf:datatype="xsd:float">1.0</measure>
		<relation>=</relation>
	</Cell>
</map>

</Alignment>
</rdf:RDF>
