<?xml version="1.0" encoding="utf-8"?>
<rdf:RDF xmlns="http://knowledgeweb.semanticweb.org/heterogeneity/alignment" 
	 xmlns:rdf="http://www.w3.org/1999/02/22-rdf-syntax-ns#" 
	 xmlns:xsd="http://www.w3.org/2001/XMLSchema#">

<Alignment>
<xml>yes</xml>
<level>0</level>
<type>??</type>

<map>
	<Cell>
		<entity1 rdf:resource="http://cmt#acceptPaper"/>
		<entity2 rdf:resource="http://paperdyne#accepts"/>
		<measure rdf:datatype="xsd:float">0.6794</measure>
		<relation>=</relation>
	</Cell>
</map>
<map>
	<Cell>
		<entity1 rdf:resource="http://cmt#Paper"/>
		<entity2 rdf:resource="http://paperdyne#Paper"/>
		<measure rdf:datatype="xsd:float">0.518</measure>
		<relation>=</relation>
	</Cell>
</map>
<map>
	<Cell>
		<entity1 rdf:resource="http://cmt#rejectedBy"/>
		<entity2 rdf:resource="http://paperdyne#rejectedBy"/>
		<measure rdf:datatype="xsd:float">0.75</measure>
		<relation>=</relation>
	</Cell>
</map>
<map>
	<Cell>
		<entity1 rdf:resource="http://cmt#acceptedBy"/>
		<entity2 rdf:resource="http://paperdyne#acceptedBy"/>
		<measure rdf:datatype="xsd:float">0.75</measure>
		<relation>=</relation>
	</Cell>
</map>
<map>
	<Cell>
		<entity1 rdf:resource="http://cmt#Author"/>
		<entity2 rdf:resource="http://paperdyne#Author"/>
		<measure rdf:datatype="xsd:float">0.5451</measure>
		<relation>=</relation>
	</Cell>
</map>
<map>
	<Cell>
		<entity1 rdf:resource="http://cmt#rejectPaper"/>
		<entity2 rdf:resource="http://paperdyne#rejects"/>
		<measure rdf:datatype="xsd:float">0.6864</measure>
		<relation>=</relation>
	</Cell>
</map>
<map>
	<Cell>
		<entity1 rdf:resource="http://cmt#assignedTo"/>
		<entity2 rdf:resource="http://paperdyne#assignsPaper"/>
		<measure rdf:datatype="xsd:float">0.5214</measure>
		<relation>=</relation>
	</Cell>
</map>
<map>
	<Cell>
		<entity1 rdf:resource="http://cmt#writePaper"/>
		<entity2 rdf:resource="http://paperdyne#changes"/>
		<measure rdf:datatype="xsd:float">0.29</measure>
		<relation>=</relation>
	</Cell>
</map>
<map>
	<Cell>
		<entity1 rdf:resource="http://cmt#submitPaper"/>
		<entity2 rdf:resource="http://paperdyne#submittedBy"/>
		<measure rdf:datatype="xsd:float">0.295</measure>
		<relation>=</relation>
	</Cell>
</map>
<map>
	<Cell>
		<entity1 rdf:resource="http://cmt#name"/>
		<entity2 rdf:resource="http://paperdyne#hasName"/>
		<measure rdf:datatype="xsd:float">0.2986</measure>
		<relation>=</relation>
	</Cell>
</map>
<map>
	<Cell>
		<entity1 rdf:resource="http://cmt#PaperAbstract"/>
		<entity2 rdf:resource="http://paperdyne#Abstract"/>
		<measure rdf:datatype="xsd:float">0.2827</measure>
		<relation>=</relation>
	</Cell>
</map>
<map>
	<Cell>
		<entity1 rdf:resource="http://cmt#hasBid"/>
		<entity2 rdf:resource="http://paperdyne#hasBid"/>
		<measure rdf:datatype="xsd:float">0.75</measure>
		<relation>=</relation>
	</Cell>
</map>
<map>
	<Cell>
		<entity1 rdf:resource="http://cmt#readPaper"/>
		<entity2 rdf:resource="http://paperdyne#reviews"/>
		<measure rdf:datatype="xsd:float">0.5</measure>
		<relation>=</relation>
	</Cell>
</map>
<map>
	<Cell>
		<entity1 rdf:resource="http://cmt#reviewerBiddingStartedBy"/>
		<entity2 rdf:resource="http://paperdyne#startedBy"/>
		<measure rdf:datatype="xsd:float">0.6073</measure>
		<relation>=</relation>
	</Cell>
</map>
<map>
	<Cell>
		<entity1 rdf:resource="http://cmt#Conference"/>
		<entity2 rdf:resource="http://paperdyne#Conference"/>
		<measure rdf:datatype="xsd:float">0.279</measure>
		<relation>=</relation>
	</Cell>
</map>
<map>
	<Cell>
		<entity1 rdf:resource="http://cmt#assignedByReviewer"/>
		<entity2 rdf:resource="http://paperdyne#assignedToReviewBy"/>
		<measure rdf:datatype="xsd:float">0.3047</measure>
		<relation>=</relation>
	</Cell>
</map>
<map>
	<Cell>
		<entity1 rdf:resource="http://cmt#adjustBid"/>
		<entity2 rdf:resource="http://paperdyne#bidsFor"/>
		<measure rdf:datatype="xsd:float">0.5289</measure>
		<relation>=</relation>
	</Cell>
</map>
<map>
	<Cell>
		<entity1 rdf:resource="http://cmt#Person"/>
		<entity2 rdf:resource="http://paperdyne#Person"/>
		<measure rdf:datatype="xsd:float">0.6452</measure>
		<relation>=</relation>
	</Cell>
</map>
<map>
	<Cell>
		<entity1 rdf:resource="http://cmt#hasBeenAssigned"/>
		<entity2 rdf:resource="http://paperdyne#assignedPaperBy"/>
		<measure rdf:datatype="xsd:float">0.2974</measure>
		<relation>=</relation>
	</Cell>
</map>
<map>
	<Cell>
		<entity1 rdf:resource="http://cmt#assignReviewer"/>
		<entity2 rdf:resource="http://paperdyne#assignsToReview"/>
		<measure rdf:datatype="xsd:float">0.2897</measure>
		<relation>=</relation>
	</Cell>
</map>
<map>
	<Cell>
		<entity1 rdf:resource="http://cmt#email"/>
		<entity2 rdf:resource="http://paperdyne#hasEmail"/>
		<measure rdf:datatype="xsd:float">0.957</measure>
		<relation>=</relation>
	</Cell>
</map>
<map>
	<Cell>
		<entity1 rdf:resource="http://cmt#readByReviewer"/>
		<entity2 rdf:resource="http://paperdyne#reviewedBy"/>
		<measure rdf:datatype="xsd:float">0.7296</measure>
		<relation>=</relation>
	</Cell>
</map>
<map>
	<Cell>
		<entity1 rdf:resource="http://cmt#Reviewer"/>
		<entity2 rdf:resource="http://paperdyne#Reviewer"/>
		<measure rdf:datatype="xsd:float">0.5484</measure>
		<relation>=</relation>
	</Cell>
</map>
<map>
	<Cell>
		<entity1 rdf:resource="http://cmt#startReviewerBidding"/>
		<entity2 rdf:resource="http://paperdyne#starts"/>
		<measure rdf:datatype="xsd:float">0.6073</measure>
		<relation>=</relation>
	</Cell>
</map>
<map>
	<Cell>
		<entity1 rdf:resource="http://cmt#AuthorNotReviewer"/>
		<entity2 rdf:resource="http://paperdyne#Co-Author"/>
		<measure rdf:datatype="xsd:float">0.569</measure>
		<relation>=</relation>
	</Cell>
</map>
<map>
	<Cell>
		<entity1 rdf:resource="http://cmt#logoURL"/>
		<entity2 rdf:resource="http://paperdyne#hasAcronym"/>
		<measure rdf:datatype="xsd:float">0.5</measure>
		<relation>=</relation>
	</Cell>
</map>

</Alignment>
</rdf:RDF>
