<?xml version="1.0" encoding="utf-8"?>
<rdf:RDF xmlns="http://knowledgeweb.semanticweb.org/heterogeneity/alignment" 
	 xmlns:rdf="http://www.w3.org/1999/02/22-rdf-syntax-ns#" 
	 xmlns:xsd="http://www.w3.org/2001/XMLSchema#">

<Alignment>
<xml>yes</xml>
<level>0</level>
<type>??</type>

<map>
	<Cell>
		<entity1 rdf:resource="http://edas#isReviewedBy"/>
		<entity2 rdf:resource="http://openconf#Abstract"/>
		<measure rdf:datatype="xsd:float">0.5</measure>
		<relation>=</relation>
	</Cell>
</map>
<map>
	<Cell>
		<entity1 rdf:resource="http://edas#Reviewer"/>
		<entity2 rdf:resource="http://openconf#Reviewer"/>
		<measure rdf:datatype="xsd:float">0.76</measure>
		<relation>=</relation>
	</Cell>
</map>
<map>
	<Cell>
		<entity1 rdf:resource="http://edas#isReviewing"/>
		<entity2 rdf:resource="http://openconf#has_Review"/>
		<measure rdf:datatype="xsd:float">0.6647</measure>
		<relation>=</relation>
	</Cell>
</map>
<map>
	<Cell>
		<entity1 rdf:resource="http://edas#hasLastName"/>
		<entity2 rdf:resource="http://openconf#Name"/>
		<measure rdf:datatype="xsd:float">0.3044</measure>
		<relation>=</relation>
	</Cell>
</map>
<map>
	<Cell>
		<entity1 rdf:resource="http://edas#hasMember"/>
		<entity2 rdf:resource="http://openconf#has_member"/>
		<measure rdf:datatype="xsd:float">0.4932</measure>
		<relation>=</relation>
	</Cell>
</map>
<map>
	<Cell>
		<entity1 rdf:resource="http://edas#ReviewRating"/>
		<entity2 rdf:resource="http://openconf#Reccommendation"/>
		<measure rdf:datatype="xsd:float">0.4114</measure>
		<relation>=</relation>
	</Cell>
</map>
<map>
	<Cell>
		<entity1 rdf:resource="http://edas#Author"/>
		<entity2 rdf:resource="http://openconf#Author"/>
		<measure rdf:datatype="xsd:float">0.6033</measure>
		<relation>=</relation>
	</Cell>
</map>
<map>
	<Cell>
		<entity1 rdf:resource="http://edas#isWrittenBy"/>
		<entity2 rdf:resource="http://openconf#is_written_by"/>
		<measure rdf:datatype="xsd:float">1.0</measure>
		<relation>=</relation>
	</Cell>
</map>
<map>
	<Cell>
		<entity1 rdf:resource="http://edas#ComputerNetworksTopic"/>
		<entity2 rdf:resource="http://openconf#Networking"/>
		<measure rdf:datatype="xsd:float">0.287</measure>
		<relation>=</relation>
	</Cell>
</map>
<map>
	<Cell>
		<entity1 rdf:resource="http://edas#isMemberOf"/>
		<entity2 rdf:resource="http://openconf#is_member_of"/>
		<measure rdf:datatype="xsd:float">0.5</measure>
		<relation>=</relation>
	</Cell>
</map>
<map>
	<Cell>
		<entity1 rdf:resource="http://edas#belongsToEvent"/>
		<entity2 rdf:resource="http://openconf#made_program"/>
		<measure rdf:datatype="xsd:float">0.2613</measure>
		<relation>=</relation>
	</Cell>
</map>
<map>
	<Cell>
		<entity1 rdf:resource="http://edas#hasReviewHistory"/>
		<entity2 rdf:resource="http://openconf#has_made_review"/>
		<measure rdf:datatype="xsd:float">0.5255</measure>
		<relation>=</relation>
	</Cell>
</map>
<map>
	<Cell>
		<entity1 rdf:resource="http://edas#Programme"/>
		<entity2 rdf:resource="http://openconf#Programming"/>
		<measure rdf:datatype="xsd:float">0.3005</measure>
		<relation>=</relation>
	</Cell>
</map>
<map>
	<Cell>
		<entity1 rdf:resource="http://edas#hasProgramme"/>
		<entity2 rdf:resource="http://openconf#Program_made_by"/>
		<measure rdf:datatype="xsd:float">0.5416</measure>
		<relation>=</relation>
	</Cell>
</map>
<map>
	<Cell>
		<entity1 rdf:resource="http://edas#hasCountry"/>
		<entity2 rdf:resource="http://openconf#Country"/>
		<measure rdf:datatype="xsd:float">0.3108</measure>
		<relation>=</relation>
	</Cell>
</map>
<map>
	<Cell>
		<entity1 rdf:resource="http://edas#Review"/>
		<entity2 rdf:resource="http://openconf#Reviewed_Paper"/>
		<measure rdf:datatype="xsd:float">0.2869</measure>
		<relation>=</relation>
	</Cell>
</map>
<map>
	<Cell>
		<entity1 rdf:resource="http://edas#RejectedPaper"/>
		<entity2 rdf:resource="http://openconf#Reject"/>
		<measure rdf:datatype="xsd:float">0.5148</measure>
		<relation>=</relation>
	</Cell>
</map>
<map>
	<Cell>
		<entity1 rdf:resource="http://edas#hasEmail"/>
		<entity2 rdf:resource="http://openconf#Alternate_Email"/>
		<measure rdf:datatype="xsd:float">0.5034</measure>
		<relation>=</relation>
	</Cell>
</map>
<map>
	<Cell>
		<entity1 rdf:resource="http://edas#Paper"/>
		<entity2 rdf:resource="http://openconf#Paper"/>
		<measure rdf:datatype="xsd:float">0.559</measure>
		<relation>=</relation>
	</Cell>
</map>
<map>
	<Cell>
		<entity1 rdf:resource="http://edas#hasRelatedPaper"/>
		<entity2 rdf:resource="http://openconf#writes_Paper"/>
		<measure rdf:datatype="xsd:float">0.6725</measure>
		<relation>=</relation>
	</Cell>
</map>
<map>
	<Cell>
		<entity1 rdf:resource="http://edas#AcceptRating"/>
		<entity2 rdf:resource="http://openconf#Must_Accept"/>
		<measure rdf:datatype="xsd:float">0.5009</measure>
		<relation>=</relation>
	</Cell>
</map>
<map>
	<Cell>
		<entity1 rdf:resource="http://edas#isReviewHistoryOf"/>
		<entity2 rdf:resource="http://openconf#Review_made_by"/>
		<measure rdf:datatype="xsd:float">0.5235</measure>
		<relation>=</relation>
	</Cell>
</map>

</Alignment>
</rdf:RDF>
