<?xml version="1.0" encoding="utf-8"?>
<rdf:RDF xmlns="http://knowledgeweb.semanticweb.org/heterogeneity/alignment" 
	 xmlns:rdf="http://www.w3.org/1999/02/22-rdf-syntax-ns#" 
	 xmlns:xsd="http://www.w3.org/2001/XMLSchema#">

<Alignment>
<xml>yes</xml>
<level>0</level>
<type>??</type>

<map>
	<Cell>
		<entity1 rdf:resource="http://myreview#date"/>
		<entity2 rdf:resource="http://sigkdd#Date"/>
		<measure rdf:datatype="xsd:float">0.5</measure>
		<relation>=</relation>
	</Cell>
</map>
<map>
	<Cell>
		<entity1 rdf:resource="http://myreview#ProgramCommitteeMember"/>
		<entity2 rdf:resource="http://sigkdd#Person"/>
		<measure rdf:datatype="xsd:float">0.3265</measure>
		<relation>=</relation>
	</Cell>
</map>
<map>
	<Cell>
		<entity1 rdf:resource="http://myreview#ListOfAbstracts"/>
		<entity2 rdf:resource="http://sigkdd#Abstract"/>
		<measure rdf:datatype="xsd:float">0.2632</measure>
		<relation>=</relation>
	</Cell>
</map>
<map>
	<Cell>
		<entity1 rdf:resource="http://myreview#Fee"/>
		<entity2 rdf:resource="http://sigkdd#Fee"/>
		<measure rdf:datatype="xsd:float">0.2946</measure>
		<relation>=</relation>
	</Cell>
</map>
<map>
	<Cell>
		<entity1 rdf:resource="http://myreview#endsAt"/>
		<entity2 rdf:resource="http://sigkdd#End_of_conference"/>
		<measure rdf:datatype="xsd:float">0.2777</measure>
		<relation>=</relation>
	</Cell>
</map>
<map>
	<Cell>
		<entity1 rdf:resource="http://myreview#mustPay"/>
		<entity2 rdf:resource="http://sigkdd#pay"/>
		<measure rdf:datatype="xsd:float">0.6585</measure>
		<relation>=</relation>
	</Cell>
</map>
<map>
	<Cell>
		<entity1 rdf:resource="http://myreview#hasMember"/>
		<entity2 rdf:resource="http://sigkdd#payed_by"/>
		<measure rdf:datatype="xsd:float">0.4062</measure>
		<relation>=</relation>
	</Cell>
</map>
<map>
	<Cell>
		<entity1 rdf:resource="http://myreview#ProgramCommittee"/>
		<entity2 rdf:resource="http://sigkdd#Program_Committee"/>
		<measure rdf:datatype="xsd:float">0.2959</measure>
		<relation>=</relation>
	</Cell>
</map>
<map>
	<Cell>
		<entity1 rdf:resource="http://myreview#hasName"/>
		<entity2 rdf:resource="http://sigkdd#Name_of_conference"/>
		<measure rdf:datatype="xsd:float">0.2887</measure>
		<relation>=</relation>
	</Cell>
</map>
<map>
	<Cell>
		<entity1 rdf:resource="http://myreview#hasAcronym"/>
		<entity2 rdf:resource="http://sigkdd#City_of_conference"/>
		<measure rdf:datatype="xsd:float">0.5</measure>
		<relation>=</relation>
	</Cell>
</map>
<map>
	<Cell>
		<entity1 rdf:resource="http://myreview#hasLastName"/>
		<entity2 rdf:resource="http://sigkdd#Name"/>
		<measure rdf:datatype="xsd:float">0.6824</measure>
		<relation>=</relation>
	</Cell>
</map>
<map>
	<Cell>
		<entity1 rdf:resource="http://myreview#submitsPaper"/>
		<entity2 rdf:resource="http://sigkdd#submit"/>
		<measure rdf:datatype="xsd:float">0.6254</measure>
		<relation>=</relation>
	</Cell>
</map>
<map>
	<Cell>
		<entity1 rdf:resource="http://myreview#Document"/>
		<entity2 rdf:resource="http://sigkdd#Document"/>
		<measure rdf:datatype="xsd:float">0.532</measure>
		<relation>=</relation>
	</Cell>
</map>
<map>
	<Cell>
		<entity1 rdf:resource="http://myreview#Conference"/>
		<entity2 rdf:resource="http://sigkdd#Conference"/>
		<measure rdf:datatype="xsd:float">0.2946</measure>
		<relation>=</relation>
	</Cell>
</map>
<map>
	<Cell>
		<entity1 rdf:resource="http://myreview#Review"/>
		<entity2 rdf:resource="http://sigkdd#Review"/>
		<measure rdf:datatype="xsd:float">0.5362</measure>
		<relation>=</relation>
	</Cell>
</map>

</Alignment>
</rdf:RDF>
