<?xml version="1.0" encoding="utf-8"?>
<rdf:RDF xmlns="http://knowledgeweb.semanticweb.org/heterogeneity/alignment" 
	 xmlns:rdf="http://www.w3.org/1999/02/22-rdf-syntax-ns#" 
	 xmlns:xsd="http://www.w3.org/2001/XMLSchema#">

<Alignment>
<xml>yes</xml>
<level>0</level>
<type>??</type>

<map>
	<Cell>
		<entity1 rdf:resource="http://iasted#Place"/>
		<entity2 rdf:resource="http://sigkdd#Place"/>
		<measure rdf:datatype="xsd:float">0.5064</measure>
		<relation>=</relation>
	</Cell>
</map>
<map>
	<Cell>
		<entity1 rdf:resource="http://iasted#Review"/>
		<entity2 rdf:resource="http://sigkdd#Review"/>
		<measure rdf:datatype="xsd:float">0.6938</measure>
		<relation>=</relation>
	</Cell>
</map>
<map>
	<Cell>
		<entity1 rdf:resource="http://iasted#Student_registration_fee"/>
		<entity2 rdf:resource="http://sigkdd#Registration_Student"/>
		<measure rdf:datatype="xsd:float">0.7331</measure>
		<relation>=</relation>
	</Cell>
</map>
<map>
	<Cell>
		<entity1 rdf:resource="http://iasted#Submissions_deadline"/>
		<entity2 rdf:resource="http://sigkdd#Deadline_Paper_Submission"/>
		<measure rdf:datatype="xsd:float">0.7928</measure>
		<relation>=</relation>
	</Cell>
</map>
<map>
	<Cell>
		<entity1 rdf:resource="http://iasted#Fee"/>
		<entity2 rdf:resource="http://sigkdd#Fee"/>
		<measure rdf:datatype="xsd:float">0.6987</measure>
		<relation>=</relation>
	</Cell>
</map>
<map>
	<Cell>
		<entity1 rdf:resource="http://iasted#is_paid_by"/>
		<entity2 rdf:resource="http://sigkdd#payed_by"/>
		<measure rdf:datatype="xsd:float">0.4374</measure>
		<relation>=</relation>
	</Cell>
</map>
<map>
	<Cell>
		<entity1 rdf:resource="http://iasted#Registration_fee"/>
		<entity2 rdf:resource="http://sigkdd#Registration_fee"/>
		<measure rdf:datatype="xsd:float">0.3338</measure>
		<relation>=</relation>
	</Cell>
</map>
<map>
	<Cell>
		<entity1 rdf:resource="http://iasted#Registation_deadline"/>
		<entity2 rdf:resource="http://sigkdd#Deadline_Abstract_Submission"/>
		<measure rdf:datatype="xsd:float">0.2902</measure>
		<relation>=</relation>
	</Cell>
</map>
<map>
	<Cell>
		<entity1 rdf:resource="http://iasted#Deadline_for_notification_of_acceptance"/>
		<entity2 rdf:resource="http://sigkdd#Deadline_Author_notification"/>
		<measure rdf:datatype="xsd:float">0.3372</measure>
		<relation>=</relation>
	</Cell>
</map>
<map>
	<Cell>
		<entity1 rdf:resource="http://iasted#Document"/>
		<entity2 rdf:resource="http://sigkdd#Document"/>
		<measure rdf:datatype="xsd:float">0.3118</measure>
		<relation>=</relation>
	</Cell>
</map>
<map>
	<Cell>
		<entity1 rdf:resource="http://iasted#Author"/>
		<entity2 rdf:resource="http://sigkdd#Author_of_paper"/>
		<measure rdf:datatype="xsd:float">0.2829</measure>
		<relation>=</relation>
	</Cell>
</map>
<map>
	<Cell>
		<entity1 rdf:resource="http://iasted#pay"/>
		<entity2 rdf:resource="http://sigkdd#pay"/>
		<measure rdf:datatype="xsd:float">0.5856</measure>
		<relation>=</relation>
	</Cell>
</map>
<map>
	<Cell>
		<entity1 rdf:resource="http://iasted#Listener"/>
		<entity2 rdf:resource="http://sigkdd#Listener"/>
		<measure rdf:datatype="xsd:float">0.6035</measure>
		<relation>=</relation>
	</Cell>
</map>
<map>
	<Cell>
		<entity1 rdf:resource="http://iasted#Main_office"/>
		<entity2 rdf:resource="http://sigkdd#Main_office"/>
		<measure rdf:datatype="xsd:float">0.9301</measure>
		<relation>=</relation>
	</Cell>
</map>
<map>
	<Cell>
		<entity1 rdf:resource="http://iasted#Hotel_fee"/>
		<entity2 rdf:resource="http://sigkdd#Hotel"/>
		<measure rdf:datatype="xsd:float">0.3245</measure>
		<relation>=</relation>
	</Cell>
</map>
<map>
	<Cell>
		<entity1 rdf:resource="http://iasted#Conference_hall"/>
		<entity2 rdf:resource="http://sigkdd#Conference_hall"/>
		<measure rdf:datatype="xsd:float">0.7192</measure>
		<relation>=</relation>
	</Cell>
</map>
<map>
	<Cell>
		<entity1 rdf:resource="http://iasted#is_designed_for"/>
		<entity2 rdf:resource="http://sigkdd#designed_by"/>
		<measure rdf:datatype="xsd:float">0.5</measure>
		<relation>=</relation>
	</Cell>
</map>
<map>
	<Cell>
		<entity1 rdf:resource="http://iasted#Person"/>
		<entity2 rdf:resource="http://sigkdd#Person"/>
		<measure rdf:datatype="xsd:float">0.5432</measure>
		<relation>=</relation>
	</Cell>
</map>
<map>
	<Cell>
		<entity1 rdf:resource="http://iasted#is_present"/>
		<entity2 rdf:resource="http://sigkdd#presentation"/>
		<measure rdf:datatype="xsd:float">0.5</measure>
		<relation>=</relation>
	</Cell>
</map>
<map>
	<Cell>
		<entity1 rdf:resource="http://iasted#Deadline"/>
		<entity2 rdf:resource="http://sigkdd#Deadline"/>
		<measure rdf:datatype="xsd:float">0.5501</measure>
		<relation>=</relation>
	</Cell>
</map>
<map>
	<Cell>
		<entity1 rdf:resource="http://iasted#obtain"/>
		<entity2 rdf:resource="http://sigkdd#obtain"/>
		<measure rdf:datatype="xsd:float">0.5</measure>
		<relation>=</relation>
	</Cell>
</map>
<map>
	<Cell>
		<entity1 rdf:resource="http://iasted#Invitation_letter"/>
		<entity2 rdf:resource="http://sigkdd#Invited_Speaker"/>
		<measure rdf:datatype="xsd:float">0.2641</measure>
		<relation>=</relation>
	</Cell>
</map>
<map>
	<Cell>
		<entity1 rdf:resource="http://iasted#is_dated_on"/>
		<entity2 rdf:resource="http://sigkdd#Date"/>
		<measure rdf:datatype="xsd:float">0.5</measure>
		<relation>=</relation>
	</Cell>
</map>

</Alignment>
</rdf:RDF>
