<?xml version="1.0" encoding="utf-8"?>
<rdf:RDF xmlns="http://knowledgeweb.semanticweb.org/heterogeneity/alignment" 
	 xmlns:rdf="http://www.w3.org/1999/02/22-rdf-syntax-ns#" 
	 xmlns:xsd="http://www.w3.org/2001/XMLSchema#">

<Alignment>
<xml>yes</xml>
<level>0</level>
<type>??</type>

<map>
	<Cell>
		<entity1 rdf:resource="http://edas#hasSubmissionDeadline"/>
		<entity2 rdf:resource="http://micro#submissionDeadline"/>
		<measure rdf:datatype="xsd:float">0.2998</measure>
		<relation>=</relation>
	</Cell>
</map>
<map>
	<Cell>
		<entity1 rdf:resource="http://edas#Paper"/>
		<entity2 rdf:resource="http://micro#Paper"/>
		<measure rdf:datatype="xsd:float">0.2758</measure>
		<relation>=</relation>
	</Cell>
</map>
<map>
	<Cell>
		<entity1 rdf:resource="http://edas#PersonalReviewHistory"/>
		<entity2 rdf:resource="http://micro#DoubleBlindReview"/>
		<measure rdf:datatype="xsd:float">0.2554</measure>
		<relation>=</relation>
	</Cell>
</map>
<map>
	<Cell>
		<entity1 rdf:resource="http://edas#isReviewHistoryOf"/>
		<entity2 rdf:resource="http://micro#isExecutedBy"/>
		<measure rdf:datatype="xsd:float">0.5723</measure>
		<relation>=</relation>
	</Cell>
</map>
<map>
	<Cell>
		<entity1 rdf:resource="http://edas#Author"/>
		<entity2 rdf:resource="http://micro#Author"/>
		<measure rdf:datatype="xsd:float">0.5622</measure>
		<relation>=</relation>
	</Cell>
</map>
<map>
	<Cell>
		<entity1 rdf:resource="http://edas#hasMember"/>
		<entity2 rdf:resource="http://micro#hasMembers"/>
		<measure rdf:datatype="xsd:float">0.5</measure>
		<relation>=</relation>
	</Cell>
</map>
<map>
	<Cell>
		<entity1 rdf:resource="http://edas#isMemberOf"/>
		<entity2 rdf:resource="http://micro#isMemberOf"/>
		<measure rdf:datatype="xsd:float">0.5</measure>
		<relation>=</relation>
	</Cell>
</map>
<map>
	<Cell>
		<entity1 rdf:resource="http://edas#Reviewer"/>
		<entity2 rdf:resource="http://micro#Reviewer"/>
		<measure rdf:datatype="xsd:float">0.2964</measure>
		<relation>=</relation>
	</Cell>
</map>
<map>
	<Cell>
		<entity1 rdf:resource="http://edas#startDate"/>
		<entity2 rdf:resource="http://micro#takesPlace"/>
		<measure rdf:datatype="xsd:float">0.5</measure>
		<relation>=</relation>
	</Cell>
</map>
<map>
	<Cell>
		<entity1 rdf:resource="http://edas#registrationDueOn"/>
		<entity2 rdf:resource="http://micro#annualOrder"/>
		<measure rdf:datatype="xsd:float">0.5</measure>
		<relation>=</relation>
	</Cell>
</map>
<map>
	<Cell>
		<entity1 rdf:resource="http://edas#Topic"/>
		<entity2 rdf:resource="http://micro#Topic"/>
		<measure rdf:datatype="xsd:float">0.5885</measure>
		<relation>=</relation>
	</Cell>
</map>
<map>
	<Cell>
		<entity1 rdf:resource="http://edas#Organization"/>
		<entity2 rdf:resource="http://micro#Organizer"/>
		<measure rdf:datatype="xsd:float">0.2758</measure>
		<relation>=</relation>
	</Cell>
</map>
<map>
	<Cell>
		<entity1 rdf:resource="http://edas#Conference"/>
		<entity2 rdf:resource="http://micro#Conference"/>
		<measure rdf:datatype="xsd:float">0.2758</measure>
		<relation>=</relation>
	</Cell>
</map>
<map>
	<Cell>
		<entity1 rdf:resource="http://edas#SessionChair"/>
		<entity2 rdf:resource="http://micro#OutsideReferee"/>
		<measure rdf:datatype="xsd:float">0.256</measure>
		<relation>=</relation>
	</Cell>
</map>
<map>
	<Cell>
		<entity1 rdf:resource="http://edas#hasFirstName"/>
		<entity2 rdf:resource="http://micro#worksForCompany"/>
		<measure rdf:datatype="xsd:float">0.5</measure>
		<relation>=</relation>
	</Cell>
</map>
<map>
	<Cell>
		<entity1 rdf:resource="http://edas#hasReviewHistory"/>
		<entity2 rdf:resource="http://micro#executes"/>
		<measure rdf:datatype="xsd:float">0.5696</measure>
		<relation>=</relation>
	</Cell>
</map>
<map>
	<Cell>
		<entity1 rdf:resource="http://edas#hasBiography"/>
		<entity2 rdf:resource="http://micro#hasMail"/>
		<measure rdf:datatype="xsd:float">0.5179</measure>
		<relation>=</relation>
	</Cell>
</map>
<map>
	<Cell>
		<entity1 rdf:resource="http://edas#hasLastName"/>
		<entity2 rdf:resource="http://micro#hasName"/>
		<measure rdf:datatype="xsd:float">0.8501</measure>
		<relation>=</relation>
	</Cell>
</map>
<map>
	<Cell>
		<entity1 rdf:resource="http://edas#hasTopic"/>
		<entity2 rdf:resource="http://micro#hasTopic"/>
		<measure rdf:datatype="xsd:float">0.75</measure>
		<relation>=</relation>
	</Cell>
</map>
<map>
	<Cell>
		<entity1 rdf:resource="http://edas#isTopicOf"/>
		<entity2 rdf:resource="http://micro#isIncluded"/>
		<measure rdf:datatype="xsd:float">0.3774</measure>
		<relation>=</relation>
	</Cell>
</map>
<map>
	<Cell>
		<entity1 rdf:resource="http://edas#Person"/>
		<entity2 rdf:resource="http://micro#Person"/>
		<measure rdf:datatype="xsd:float">0.5662</measure>
		<relation>=</relation>
	</Cell>
</map>
<map>
	<Cell>
		<entity1 rdf:resource="http://edas#endDate"/>
		<entity2 rdf:resource="http://micro#ends"/>
		<measure rdf:datatype="xsd:float">0.3027</measure>
		<relation>=</relation>
	</Cell>
</map>

</Alignment>
</rdf:RDF>
