<?xml version="1.0" encoding="utf-8"?>
<rdf:RDF xmlns="http://knowledgeweb.semanticweb.org/heterogeneity/alignment" 
	 xmlns:rdf="http://www.w3.org/1999/02/22-rdf-syntax-ns#" 
	 xmlns:xsd="http://www.w3.org/2001/XMLSchema#">

<Alignment>
<xml>yes</xml>
<level>0</level>
<type>??</type>

<map>
	<Cell>
		<entity1 rdf:resource="http://cocus#Workshop"/>
		<entity2 rdf:resource="http://edas#Workshop"/>
		<measure rdf:datatype="xsd:float">0.6545</measure>
		<relation>=</relation>
	</Cell>
</map>
<map>
	<Cell>
		<entity1 rdf:resource="http://cocus#modify"/>
		<entity2 rdf:resource="http://edas#hasLastName"/>
		<measure rdf:datatype="xsd:float">0.5</measure>
		<relation>=</relation>
	</Cell>
</map>
<map>
	<Cell>
		<entity1 rdf:resource="http://cocus#registred_by"/>
		<entity2 rdf:resource="http://edas#hasReviewHistory"/>
		<measure rdf:datatype="xsd:float">0.4762</measure>
		<relation>=</relation>
	</Cell>
</map>
<map>
	<Cell>
		<entity1 rdf:resource="http://cocus#inverse_of_add"/>
		<entity2 rdf:resource="http://edas#hasFirstName"/>
		<measure rdf:datatype="xsd:float">0.5</measure>
		<relation>=</relation>
	</Cell>
</map>
<map>
	<Cell>
		<entity1 rdf:resource="http://cocus#register"/>
		<entity2 rdf:resource="http://edas#isReviewHistoryOf"/>
		<measure rdf:datatype="xsd:float">0.4992</measure>
		<relation>=</relation>
	</Cell>
</map>
<map>
	<Cell>
		<entity1 rdf:resource="http://cocus#Paper"/>
		<entity2 rdf:resource="http://edas#Paper"/>
		<measure rdf:datatype="xsd:float">0.553</measure>
		<relation>=</relation>
	</Cell>
</map>
<map>
	<Cell>
		<entity1 rdf:resource="http://cocus#Conference"/>
		<entity2 rdf:resource="http://edas#Conference"/>
		<measure rdf:datatype="xsd:float">0.2652</measure>
		<relation>=</relation>
	</Cell>
</map>
<map>
	<Cell>
		<entity1 rdf:resource="http://cocus#Document"/>
		<entity2 rdf:resource="http://edas#Document"/>
		<measure rdf:datatype="xsd:float">0.5396</measure>
		<relation>=</relation>
	</Cell>
</map>
<map>
	<Cell>
		<entity1 rdf:resource="http://cocus#execute"/>
		<entity2 rdf:resource="http://edas#hasBiography"/>
		<measure rdf:datatype="xsd:float">0.5</measure>
		<relation>=</relation>
	</Cell>
</map>
<map>
	<Cell>
		<entity1 rdf:resource="http://cocus#recieve"/>
		<entity2 rdf:resource="http://edas#hasRelatedDocument"/>
		<measure rdf:datatype="xsd:float">0.5187</measure>
		<relation>=</relation>
	</Cell>
</map>
<map>
	<Cell>
		<entity1 rdf:resource="http://cocus#confirm"/>
		<entity2 rdf:resource="http://edas#belongsToEvent"/>
		<measure rdf:datatype="xsd:float">0.3099</measure>
		<relation>=</relation>
	</Cell>
</map>
<map>
	<Cell>
		<entity1 rdf:resource="http://cocus#Preview"/>
		<entity2 rdf:resource="http://edas#Review"/>
		<measure rdf:datatype="xsd:float">0.5833</measure>
		<relation>=</relation>
	</Cell>
</map>
<map>
	<Cell>
		<entity1 rdf:resource="http://cocus#confirmed_by"/>
		<entity2 rdf:resource="http://edas#hasProgramme"/>
		<measure rdf:datatype="xsd:float">0.3629</measure>
		<relation>=</relation>
	</Cell>
</map>
<map>
	<Cell>
		<entity1 rdf:resource="http://cocus#recieved_by"/>
		<entity2 rdf:resource="http://edas#relatesTo"/>
		<measure rdf:datatype="xsd:float">0.4832</measure>
		<relation>=</relation>
	</Cell>
</map>
<map>
	<Cell>
		<entity1 rdf:resource="http://cocus#Person"/>
		<entity2 rdf:resource="http://edas#Person"/>
		<measure rdf:datatype="xsd:float">0.6569</measure>
		<relation>=</relation>
	</Cell>
</map>
<map>
	<Cell>
		<entity1 rdf:resource="http://cocus#Author"/>
		<entity2 rdf:resource="http://edas#Author"/>
		<measure rdf:datatype="xsd:float">0.2652</measure>
		<relation>=</relation>
	</Cell>
</map>
<map>
	<Cell>
		<entity1 rdf:resource="http://cocus#Event"/>
		<entity2 rdf:resource="http://edas#ConferenceEvent"/>
		<measure rdf:datatype="xsd:float">0.3939</measure>
		<relation>=</relation>
	</Cell>
</map>

</Alignment>
</rdf:RDF>
