<?xml version="1.0" encoding="utf-8"?>
<rdf:RDF xmlns="http://knowledgeweb.semanticweb.org/heterogeneity/alignment" 
	 xmlns:rdf="http://www.w3.org/1999/02/22-rdf-syntax-ns#" 
	 xmlns:xsd="http://www.w3.org/2001/XMLSchema#">

<Alignment>
<xml>yes</xml>
<level>0</level>
<type>??</type>

<map>
	<Cell>
		<entity1 rdf:resource="http://crs_dr#article_written_by"/>
		<entity2 rdf:resource="http://iasted#is_writen_by"/>
		<measure rdf:datatype="xsd:float">0.4351</measure>
		<relation>=</relation>
	</Cell>
</map>
<map>
	<Cell>
		<entity1 rdf:resource="http://crs_dr#document"/>
		<entity2 rdf:resource="http://iasted#Document"/>
		<measure rdf:datatype="xsd:float">0.5988</measure>
		<relation>=</relation>
	</Cell>
</map>
<map>
	<Cell>
		<entity1 rdf:resource="http://crs_dr#writes_article"/>
		<entity2 rdf:resource="http://iasted#write"/>
		<measure rdf:datatype="xsd:float">0.4371</measure>
		<relation>=</relation>
	</Cell>
</map>
<map>
	<Cell>
		<entity1 rdf:resource="http://crs_dr#review"/>
		<entity2 rdf:resource="http://iasted#Review"/>
		<measure rdf:datatype="xsd:float">0.5095</measure>
		<relation>=</relation>
	</Cell>
</map>
<map>
	<Cell>
		<entity1 rdf:resource="http://crs_dr#author"/>
		<entity2 rdf:resource="http://iasted#Person"/>
		<measure rdf:datatype="xsd:float">0.3642</measure>
		<relation>=</relation>
	</Cell>
</map>
<map>
	<Cell>
		<entity1 rdf:resource="http://crs_dr#article"/>
		<entity2 rdf:resource="http://iasted#Item"/>
		<measure rdf:datatype="xsd:float">0.44</measure>
		<relation>=</relation>
	</Cell>
</map>

</Alignment>
</rdf:RDF>
