<?xml version="1.0" encoding="utf-8"?>
<rdf:RDF xmlns="http://knowledgeweb.semanticweb.org/heterogeneity/alignment" 
	 xmlns:rdf="http://www.w3.org/1999/02/22-rdf-syntax-ns#" 
	 xmlns:xsd="http://www.w3.org/2001/XMLSchema#">

<Alignment>
<xml>yes</xml>
<level>0</level>
<type>??</type>

<map>
	<Cell>
		<entity1 rdf:resource="http://ekaw#Student"/>
		<entity2 rdf:resource="http://iasted#Student_non_speaker"/>
		<measure rdf:datatype="xsd:float">0.333</measure>
		<relation>=</relation>
	</Cell>
</map>
<map>
	<Cell>
		<entity1 rdf:resource="http://ekaw#Paper_Author"/>
		<entity2 rdf:resource="http://iasted#Author"/>
		<measure rdf:datatype="xsd:float">0.3023</measure>
		<relation>=</relation>
	</Cell>
</map>
<map>
	<Cell>
		<entity1 rdf:resource="http://ekaw#Conference_Trip"/>
		<entity2 rdf:resource="http://iasted#Trip_day"/>
		<measure rdf:datatype="xsd:float">0.2511</measure>
		<relation>=</relation>
	</Cell>
</map>
<map>
	<Cell>
		<entity1 rdf:resource="http://ekaw#Paper"/>
		<entity2 rdf:resource="http://iasted#Person"/>
		<measure rdf:datatype="xsd:float">0.3267</measure>
		<relation>=</relation>
	</Cell>
</map>
<map>
	<Cell>
		<entity1 rdf:resource="http://ekaw#Conference_Banquet"/>
		<entity2 rdf:resource="http://iasted#Dinner_banquet"/>
		<measure rdf:datatype="xsd:float">0.2877</measure>
		<relation>=</relation>
	</Cell>
</map>
<map>
	<Cell>
		<entity1 rdf:resource="http://ekaw#Review"/>
		<entity2 rdf:resource="http://iasted#Review"/>
		<measure rdf:datatype="xsd:float">0.3226</measure>
		<relation>=</relation>
	</Cell>
</map>
<map>
	<Cell>
		<entity1 rdf:resource="http://ekaw#Session"/>
		<entity2 rdf:resource="http://iasted#Session"/>
		<measure rdf:datatype="xsd:float">0.5833</measure>
		<relation>=</relation>
	</Cell>
</map>
<map>
	<Cell>
		<entity1 rdf:resource="http://ekaw#Tutorial"/>
		<entity2 rdf:resource="http://iasted#Tutorial"/>
		<measure rdf:datatype="xsd:float">0.3115</measure>
		<relation>=</relation>
	</Cell>
</map>
<map>
	<Cell>
		<entity1 rdf:resource="http://ekaw#Presenter"/>
		<entity2 rdf:resource="http://iasted#Presentation"/>
		<measure rdf:datatype="xsd:float">0.6073</measure>
		<relation>=</relation>
	</Cell>
</map>
<map>
	<Cell>
		<entity1 rdf:resource="http://ekaw#heldIn"/>
		<entity2 rdf:resource="http://iasted#is_held_in"/>
		<measure rdf:datatype="xsd:float">0.5</measure>
		<relation>=</relation>
	</Cell>
</map>
<map>
	<Cell>
		<entity1 rdf:resource="http://ekaw#writtenBy"/>
		<entity2 rdf:resource="http://iasted#is_writen_by"/>
		<measure rdf:datatype="xsd:float">0.6429</measure>
		<relation>=</relation>
	</Cell>
</map>
<map>
	<Cell>
		<entity1 rdf:resource="http://ekaw#Research_Institute"/>
		<entity2 rdf:resource="http://iasted#Research"/>
		<measure rdf:datatype="xsd:float">0.2648</measure>
		<relation>=</relation>
	</Cell>
</map>
<map>
	<Cell>
		<entity1 rdf:resource="http://ekaw#Document"/>
		<entity2 rdf:resource="http://iasted#Document"/>
		<measure rdf:datatype="xsd:float">0.2986</measure>
		<relation>=</relation>
	</Cell>
</map>
<map>
	<Cell>
		<entity1 rdf:resource="http://ekaw#University"/>
		<entity2 rdf:resource="http://iasted#Presenter_university"/>
		<measure rdf:datatype="xsd:float">0.3316</measure>
		<relation>=</relation>
	</Cell>
</map>
<map>
	<Cell>
		<entity1 rdf:resource="http://ekaw#hasReview"/>
		<entity2 rdf:resource="http://iasted#give"/>
		<measure rdf:datatype="xsd:float">0.2969</measure>
		<relation>=</relation>
	</Cell>
</map>
<map>
	<Cell>
		<entity1 rdf:resource="http://ekaw#Camera_Ready_Paper"/>
		<entity2 rdf:resource="http://iasted#Camera_ready_manuscript_deadline"/>
		<measure rdf:datatype="xsd:float">0.2715</measure>
		<relation>=</relation>
	</Cell>
</map>
<map>
	<Cell>
		<entity1 rdf:resource="http://ekaw#reviewOfPaper"/>
		<entity2 rdf:resource="http://iasted#is_given_by"/>
		<measure rdf:datatype="xsd:float">0.2574</measure>
		<relation>=</relation>
	</Cell>
</map>

</Alignment>
</rdf:RDF>
