<?xml version="1.0" encoding="utf-8"?>
<rdf:RDF xmlns="http://knowledgeweb.semanticweb.org/heterogeneity/alignment" 
	 xmlns:rdf="http://www.w3.org/1999/02/22-rdf-syntax-ns#" 
	 xmlns:xsd="http://www.w3.org/2001/XMLSchema#">

<Alignment>
<xml>yes</xml>
<level>0</level>
<type>??</type>

<map>
	<Cell>
		<entity1 rdf:resource="http://iasted#Author"/>
		<entity2 rdf:resource="http://myreview#Author"/>
		<measure rdf:datatype="xsd:float">0.2692</measure>
		<relation>=</relation>
	</Cell>
</map>
<map>
	<Cell>
		<entity1 rdf:resource="http://iasted#is_writen_by"/>
		<entity2 rdf:resource="http://myreview#isWritenBy"/>
		<measure rdf:datatype="xsd:float">0.5</measure>
		<relation>=</relation>
	</Cell>
</map>
<map>
	<Cell>
		<entity1 rdf:resource="http://iasted#is_given_by"/>
		<entity2 rdf:resource="http://myreview#isIncludedIn"/>
		<measure rdf:datatype="xsd:float">0.2731</measure>
		<relation>=</relation>
	</Cell>
</map>
<map>
	<Cell>
		<entity1 rdf:resource="http://iasted#Speaker"/>
		<entity2 rdf:resource="http://myreview#ProgramCommitteeMember"/>
		<measure rdf:datatype="xsd:float">0.4032</measure>
		<relation>=</relation>
	</Cell>
</map>
<map>
	<Cell>
		<entity1 rdf:resource="http://iasted#speak_in"/>
		<entity2 rdf:resource="http://myreview#hasEmail"/>
		<measure rdf:datatype="xsd:float">0.5</measure>
		<relation>=</relation>
	</Cell>
</map>
<map>
	<Cell>
		<entity1 rdf:resource="http://iasted#give"/>
		<entity2 rdf:resource="http://myreview#hasAffiliation"/>
		<measure rdf:datatype="xsd:float">0.5</measure>
		<relation>=</relation>
	</Cell>
</map>
<map>
	<Cell>
		<entity1 rdf:resource="http://iasted#Person"/>
		<entity2 rdf:resource="http://myreview#Person"/>
		<measure rdf:datatype="xsd:float">0.2611</measure>
		<relation>=</relation>
	</Cell>
</map>
<map>
	<Cell>
		<entity1 rdf:resource="http://iasted#is_paid_by"/>
		<entity2 rdf:resource="http://myreview#cooperatesReviewer"/>
		<measure rdf:datatype="xsd:float">0.417</measure>
		<relation>=</relation>
	</Cell>
</map>
<map>
	<Cell>
		<entity1 rdf:resource="http://iasted#pay"/>
		<entity2 rdf:resource="http://myreview#mustPay"/>
		<measure rdf:datatype="xsd:float">0.5</measure>
		<relation>=</relation>
	</Cell>
</map>
<map>
	<Cell>
		<entity1 rdf:resource="http://iasted#Review"/>
		<entity2 rdf:resource="http://myreview#Review"/>
		<measure rdf:datatype="xsd:float">0.2754</measure>
		<relation>=</relation>
	</Cell>
</map>
<map>
	<Cell>
		<entity1 rdf:resource="http://iasted#Non_speaker"/>
		<entity2 rdf:resource="http://myreview#ExternalReviewer"/>
		<measure rdf:datatype="xsd:float">0.3542</measure>
		<relation>=</relation>
	</Cell>
</map>
<map>
	<Cell>
		<entity1 rdf:resource="http://iasted#is_present_in"/>
		<entity2 rdf:resource="http://myreview#hasFirstName"/>
		<measure rdf:datatype="xsd:float">0.5</measure>
		<relation>=</relation>
	</Cell>
</map>
<map>
	<Cell>
		<entity1 rdf:resource="http://iasted#Fee"/>
		<entity2 rdf:resource="http://myreview#Fee"/>
		<measure rdf:datatype="xsd:float">0.2611</measure>
		<relation>=</relation>
	</Cell>
</map>
<map>
	<Cell>
		<entity1 rdf:resource="http://iasted#occupy"/>
		<entity2 rdf:resource="http://myreview#hasLastName"/>
		<measure rdf:datatype="xsd:float">0.5</measure>
		<relation>=</relation>
	</Cell>
</map>
<map>
	<Cell>
		<entity1 rdf:resource="http://iasted#is_paid_for"/>
		<entity2 rdf:resource="http://myreview#paid"/>
		<measure rdf:datatype="xsd:float">0.5</measure>
		<relation>=</relation>
	</Cell>
</map>
<map>
	<Cell>
		<entity1 rdf:resource="http://iasted#Document"/>
		<entity2 rdf:resource="http://myreview#Document"/>
		<measure rdf:datatype="xsd:float">0.5919</measure>
		<relation>=</relation>
	</Cell>
</map>
<map>
	<Cell>
		<entity1 rdf:resource="http://iasted#is_dated_on"/>
		<entity2 rdf:resource="http://myreview#date"/>
		<measure rdf:datatype="xsd:float">0.5</measure>
		<relation>=</relation>
	</Cell>
</map>

</Alignment>
</rdf:RDF>
