<?xml version="1.0" encoding="utf-8"?>
<rdf:RDF xmlns="http://knowledgeweb.semanticweb.org/heterogeneity/alignment" 
	 xmlns:rdf="http://www.w3.org/1999/02/22-rdf-syntax-ns#" 
	 xmlns:xsd="http://www.w3.org/2001/XMLSchema#">

<Alignment>
<xml>yes</xml>
<level>0</level>
<type>??</type>

<map>
	<Cell>
		<entity1 rdf:resource="http://ekaw#Student"/>
		<entity2 rdf:resource="http://sigkdd#Registration_Student"/>
		<measure rdf:datatype="xsd:float">0.3061</measure>
		<relation>=</relation>
	</Cell>
</map>
<map>
	<Cell>
		<entity1 rdf:resource="http://ekaw#Conference_Paper"/>
		<entity2 rdf:resource="http://sigkdd#Conference"/>
		<measure rdf:datatype="xsd:float">0.256</measure>
		<relation>=</relation>
	</Cell>
</map>
<map>
	<Cell>
		<entity1 rdf:resource="http://ekaw#Abstract"/>
		<entity2 rdf:resource="http://sigkdd#Abstract"/>
		<measure rdf:datatype="xsd:float">0.6443</measure>
		<relation>=</relation>
	</Cell>
</map>
<map>
	<Cell>
		<entity1 rdf:resource="http://ekaw#Document"/>
		<entity2 rdf:resource="http://sigkdd#Document"/>
		<measure rdf:datatype="xsd:float">0.3886</measure>
		<relation>=</relation>
	</Cell>
</map>
<map>
	<Cell>
		<entity1 rdf:resource="http://ekaw#Review"/>
		<entity2 rdf:resource="http://sigkdd#Review"/>
		<measure rdf:datatype="xsd:float">0.5446</measure>
		<relation>=</relation>
	</Cell>
</map>
<map>
	<Cell>
		<entity1 rdf:resource="http://ekaw#Organisation"/>
		<entity2 rdf:resource="http://sigkdd#Organizator"/>
		<measure rdf:datatype="xsd:float">0.3017</measure>
		<relation>=</relation>
	</Cell>
</map>
<map>
	<Cell>
		<entity1 rdf:resource="http://ekaw#Scientific_Event"/>
		<entity2 rdf:resource="http://sigkdd#Person"/>
		<measure rdf:datatype="xsd:float">0.2672</measure>
		<relation>=</relation>
	</Cell>
</map>
<map>
	<Cell>
		<entity1 rdf:resource="http://ekaw#paperPresentedAs"/>
		<entity2 rdf:resource="http://sigkdd#presentationed_by"/>
		<measure rdf:datatype="xsd:float">0.7109</measure>
		<relation>=</relation>
	</Cell>
</map>
<map>
	<Cell>
		<entity1 rdf:resource="http://ekaw#presentationOfPaper"/>
		<entity2 rdf:resource="http://sigkdd#presentation"/>
		<measure rdf:datatype="xsd:float">0.7372</measure>
		<relation>=</relation>
	</Cell>
</map>
<map>
	<Cell>
		<entity1 rdf:resource="http://ekaw#Invited_Speaker"/>
		<entity2 rdf:resource="http://sigkdd#Invited_Speaker"/>
		<measure rdf:datatype="xsd:float">0.664</measure>
		<relation>=</relation>
	</Cell>
</map>
<map>
	<Cell>
		<entity1 rdf:resource="http://ekaw#Individual_Presentation"/>
		<entity2 rdf:resource="http://sigkdd#Speaker"/>
		<measure rdf:datatype="xsd:float">0.541</measure>
		<relation>=</relation>
	</Cell>
</map>
<map>
	<Cell>
		<entity1 rdf:resource="http://ekaw#Paper_Author"/>
		<entity2 rdf:resource="http://sigkdd#Author_of_paper"/>
		<measure rdf:datatype="xsd:float">0.5833</measure>
		<relation>=</relation>
	</Cell>
</map>
<map>
	<Cell>
		<entity1 rdf:resource="http://ekaw#Submitted_Paper"/>
		<entity2 rdf:resource="http://sigkdd#Author"/>
		<measure rdf:datatype="xsd:float">0.2579</measure>
		<relation>=</relation>
	</Cell>
</map>

</Alignment>
</rdf:RDF>
