<?xml version="1.0" encoding="utf-8"?>
<rdf:RDF xmlns="http://knowledgeweb.semanticweb.org/heterogeneity/alignment" 
	 xmlns:rdf="http://www.w3.org/1999/02/22-rdf-syntax-ns#" 
	 xmlns:xsd="http://www.w3.org/2001/XMLSchema#">

<Alignment>
<xml>yes</xml>
<level>0</level>
<type>??</type>

<map>
	<Cell>
		<entity1 rdf:resource="http://edas#isTopicOf"/>
		<entity2 rdf:resource="http://ekaw#topicCoveredBy"/>
		<measure rdf:datatype="xsd:float">0.6379</measure>
		<relation>=</relation>
	</Cell>
</map>
<map>
	<Cell>
		<entity1 rdf:resource="http://edas#AcceptedPaper"/>
		<entity2 rdf:resource="http://ekaw#Accepted_Paper"/>
		<measure rdf:datatype="xsd:float">0.5005</measure>
		<relation>=</relation>
	</Cell>
</map>
<map>
	<Cell>
		<entity1 rdf:resource="http://edas#isReviewedBy"/>
		<entity2 rdf:resource="http://ekaw#hasReviewer"/>
		<measure rdf:datatype="xsd:float">0.7095</measure>
		<relation>=</relation>
	</Cell>
</map>
<map>
	<Cell>
		<entity1 rdf:resource="http://edas#ConferenceSession"/>
		<entity2 rdf:resource="http://ekaw#Conference_Session"/>
		<measure rdf:datatype="xsd:float">0.5833</measure>
		<relation>=</relation>
	</Cell>
</map>
<map>
	<Cell>
		<entity1 rdf:resource="http://edas#SocialEvent"/>
		<entity2 rdf:resource="http://ekaw#Social_Event"/>
		<measure rdf:datatype="xsd:float">0.6666</measure>
		<relation>=</relation>
	</Cell>
</map>
<map>
	<Cell>
		<entity1 rdf:resource="http://edas#hasRelatedPaper"/>
		<entity2 rdf:resource="http://ekaw#reviewerOfPaper"/>
		<measure rdf:datatype="xsd:float">0.4543</measure>
		<relation>=</relation>
	</Cell>
</map>
<map>
	<Cell>
		<entity1 rdf:resource="http://edas#hasTopic"/>
		<entity2 rdf:resource="http://ekaw#coversTopic"/>
		<measure rdf:datatype="xsd:float">0.6861</measure>
		<relation>=</relation>
	</Cell>
</map>
<map>
	<Cell>
		<entity1 rdf:resource="http://edas#Presenter"/>
		<entity2 rdf:resource="http://ekaw#Presenter"/>
		<measure rdf:datatype="xsd:float">0.5833</measure>
		<relation>=</relation>
	</Cell>
</map>
<map>
	<Cell>
		<entity1 rdf:resource="http://edas#isReviewing"/>
		<entity2 rdf:resource="http://ekaw#reviewOfPaper"/>
		<measure rdf:datatype="xsd:float">0.7715</measure>
		<relation>=</relation>
	</Cell>
</map>
<map>
	<Cell>
		<entity1 rdf:resource="http://edas#PaperPresentation"/>
		<entity2 rdf:resource="http://ekaw#Individual_Presentation"/>
		<measure rdf:datatype="xsd:float">0.2729</measure>
		<relation>=</relation>
	</Cell>
</map>
<map>
	<Cell>
		<entity1 rdf:resource="http://edas#Author"/>
		<entity2 rdf:resource="http://ekaw#Paper_Author"/>
		<measure rdf:datatype="xsd:float">0.2947</measure>
		<relation>=</relation>
	</Cell>
</map>
<map>
	<Cell>
		<entity1 rdf:resource="http://edas#PublishedPaper"/>
		<entity2 rdf:resource="http://ekaw#Demo_Paper"/>
		<measure rdf:datatype="xsd:float">0.33</measure>
		<relation>=</relation>
	</Cell>
</map>
<map>
	<Cell>
		<entity1 rdf:resource="http://edas#ConferenceChair"/>
		<entity2 rdf:resource="http://ekaw#Demo_Chair"/>
		<measure rdf:datatype="xsd:float">0.3242</measure>
		<relation>=</relation>
	</Cell>
</map>
<map>
	<Cell>
		<entity1 rdf:resource="http://edas#Conference"/>
		<entity2 rdf:resource="http://ekaw#Conference_Paper"/>
		<measure rdf:datatype="xsd:float">0.2625</measure>
		<relation>=</relation>
	</Cell>
</map>
<map>
	<Cell>
		<entity1 rdf:resource="http://edas#isLocationOf"/>
		<entity2 rdf:resource="http://ekaw#locationOf"/>
		<measure rdf:datatype="xsd:float">0.6386</measure>
		<relation>=</relation>
	</Cell>
</map>
<map>
	<Cell>
		<entity1 rdf:resource="http://edas#Topic"/>
		<entity2 rdf:resource="http://ekaw#Research_Topic"/>
		<measure rdf:datatype="xsd:float">0.2517</measure>
		<relation>=</relation>
	</Cell>
</map>
<map>
	<Cell>
		<entity1 rdf:resource="http://edas#Document"/>
		<entity2 rdf:resource="http://ekaw#Document"/>
		<measure rdf:datatype="xsd:float">0.6204</measure>
		<relation>=</relation>
	</Cell>
</map>
<map>
	<Cell>
		<entity1 rdf:resource="http://edas#WithdrawnPaper"/>
		<entity2 rdf:resource="http://ekaw#Poster_Paper"/>
		<measure rdf:datatype="xsd:float">0.3162</measure>
		<relation>=</relation>
	</Cell>
</map>
<map>
	<Cell>
		<entity1 rdf:resource="http://edas#RejectedPaper"/>
		<entity2 rdf:resource="http://ekaw#Rejected_Paper"/>
		<measure rdf:datatype="xsd:float">0.7738</measure>
		<relation>=</relation>
	</Cell>
</map>
<map>
	<Cell>
		<entity1 rdf:resource="http://edas#ConferenceEvent"/>
		<entity2 rdf:resource="http://ekaw#Event"/>
		<measure rdf:datatype="xsd:float">0.5247</measure>
		<relation>=</relation>
	</Cell>
</map>
<map>
	<Cell>
		<entity1 rdf:resource="http://edas#SessionChair"/>
		<entity2 rdf:resource="http://ekaw#Session_Chair"/>
		<measure rdf:datatype="xsd:float">0.6724</measure>
		<relation>=</relation>
	</Cell>
</map>
<map>
	<Cell>
		<entity1 rdf:resource="http://edas#Person"/>
		<entity2 rdf:resource="http://ekaw#Person"/>
		<measure rdf:datatype="xsd:float">0.3542</measure>
		<relation>=</relation>
	</Cell>
</map>
<map>
	<Cell>
		<entity1 rdf:resource="http://edas#Programme"/>
		<entity2 rdf:resource="http://ekaw#Programme_Brochure"/>
		<measure rdf:datatype="xsd:float">0.3439</measure>
		<relation>=</relation>
	</Cell>
</map>
<map>
	<Cell>
		<entity1 rdf:resource="http://edas#Review"/>
		<entity2 rdf:resource="http://ekaw#Review"/>
		<measure rdf:datatype="xsd:float">0.5568</measure>
		<relation>=</relation>
	</Cell>
</map>
<map>
	<Cell>
		<entity1 rdf:resource="http://edas#IndustryOrganization"/>
		<entity2 rdf:resource="http://ekaw#Industrial_Paper"/>
		<measure rdf:datatype="xsd:float">0.2879</measure>
		<relation>=</relation>
	</Cell>
</map>
<map>
	<Cell>
		<entity1 rdf:resource="http://edas#Workshop"/>
		<entity2 rdf:resource="http://ekaw#Workshop"/>
		<measure rdf:datatype="xsd:float">0.733</measure>
		<relation>=</relation>
	</Cell>
</map>
<map>
	<Cell>
		<entity1 rdf:resource="http://edas#Paper"/>
		<entity2 rdf:resource="http://ekaw#Paper"/>
		<measure rdf:datatype="xsd:float">0.7523</measure>
		<relation>=</relation>
	</Cell>
</map>
<map>
	<Cell>
		<entity1 rdf:resource="http://edas#PendingPaper"/>
		<entity2 rdf:resource="http://ekaw#Regular_Paper"/>
		<measure rdf:datatype="xsd:float">0.3158</measure>
		<relation>=</relation>
	</Cell>
</map>
<map>
	<Cell>
		<entity1 rdf:resource="http://edas#relatedToPaper"/>
		<entity2 rdf:resource="http://ekaw#presentationOfPaper"/>
		<measure rdf:datatype="xsd:float">0.2892</measure>
		<relation>=</relation>
	</Cell>
</map>
<map>
	<Cell>
		<entity1 rdf:resource="http://edas#isReviewHistoryOf"/>
		<entity2 rdf:resource="http://ekaw#hasReview"/>
		<measure rdf:datatype="xsd:float">0.2791</measure>
		<relation>=</relation>
	</Cell>
</map>
<map>
	<Cell>
		<entity1 rdf:resource="http://edas#hasRelatedDocument"/>
		<entity2 rdf:resource="http://ekaw#authorOf"/>
		<measure rdf:datatype="xsd:float">0.3356</measure>
		<relation>=</relation>
	</Cell>
</map>
<map>
	<Cell>
		<entity1 rdf:resource="http://edas#forEvent"/>
		<entity2 rdf:resource="http://ekaw#hasEvent"/>
		<measure rdf:datatype="xsd:float">0.5021</measure>
		<relation>=</relation>
	</Cell>
</map>

</Alignment>
</rdf:RDF>
