<?xml version="1.0" encoding="utf-8"?>
<rdf:RDF xmlns="http://knowledgeweb.semanticweb.org/heterogeneity/alignment" 
	 xmlns:rdf="http://www.w3.org/1999/02/22-rdf-syntax-ns#" 
	 xmlns:xsd="http://www.w3.org/2001/XMLSchema#">

<Alignment>
<xml>yes</xml>
<level>0</level>
<type>??</type>

<map>
	<Cell>
		<entity1 rdf:resource="http://conference#has_a_review"/>
		<entity2 rdf:resource="http://crs_dr#has_reviewer"/>
		<measure rdf:datatype="xsd:float">0.75</measure>
		<relation>=</relation>
	</Cell>
</map>
<map>
	<Cell>
		<entity1 rdf:resource="http://conference#Passive_conference_participant"/>
		<entity2 rdf:resource="http://crs_dr#pc_meeting"/>
		<measure rdf:datatype="xsd:float">0.3087</measure>
		<relation>=</relation>
	</Cell>
</map>
<map>
	<Cell>
		<entity1 rdf:resource="http://conference#has_authors"/>
		<entity2 rdf:resource="http://crs_dr#has_author"/>
		<measure rdf:datatype="xsd:float">0.3</measure>
		<relation>=</relation>
	</Cell>
</map>
<map>
	<Cell>
		<entity1 rdf:resource="http://conference#reviews"/>
		<entity2 rdf:resource="http://crs_dr#review_written_by"/>
		<measure rdf:datatype="xsd:float">0.6046</measure>
		<relation>=</relation>
	</Cell>
</map>
<map>
	<Cell>
		<entity1 rdf:resource="http://conference#invites_co-reviewers"/>
		<entity2 rdf:resource="http://crs_dr#writes_review"/>
		<measure rdf:datatype="xsd:float">0.6051</measure>
		<relation>=</relation>
	</Cell>
</map>
<map>
	<Cell>
		<entity1 rdf:resource="http://conference#is_submitted_at"/>
		<entity2 rdf:resource="http://crs_dr#submits_to_conference"/>
		<measure rdf:datatype="xsd:float">0.5237</measure>
		<relation>=</relation>
	</Cell>
</map>
<map>
	<Cell>
		<entity1 rdf:resource="http://conference#Program_committee"/>
		<entity2 rdf:resource="http://crs_dr#program"/>
		<measure rdf:datatype="xsd:float">0.2838</measure>
		<relation>=</relation>
	</Cell>
</map>
<map>
	<Cell>
		<entity1 rdf:resource="http://conference#is_the_1th_part_of"/>
		<entity2 rdf:resource="http://crs_dr#part_of_article"/>
		<measure rdf:datatype="xsd:float">0.31</measure>
		<relation>=</relation>
	</Cell>
</map>
<map>
	<Cell>
		<entity1 rdf:resource="http://conference#Review"/>
		<entity2 rdf:resource="http://crs_dr#review"/>
		<measure rdf:datatype="xsd:float">0.6032</measure>
		<relation>=</relation>
	</Cell>
</map>
<map>
	<Cell>
		<entity1 rdf:resource="http://conference#Conference_document"/>
		<entity2 rdf:resource="http://crs_dr#document"/>
		<measure rdf:datatype="xsd:float">0.2845</measure>
		<relation>=</relation>
	</Cell>
</map>
<map>
	<Cell>
		<entity1 rdf:resource="http://conference#Track-workshop_chair"/>
		<entity2 rdf:resource="http://crs_dr#chair"/>
		<measure rdf:datatype="xsd:float">0.2571</measure>
		<relation>=</relation>
	</Cell>
</map>
<map>
	<Cell>
		<entity1 rdf:resource="http://conference#Abstract"/>
		<entity2 rdf:resource="http://crs_dr#abstract"/>
		<measure rdf:datatype="xsd:float">0.6007</measure>
		<relation>=</relation>
	</Cell>
</map>
<map>
	<Cell>
		<entity1 rdf:resource="http://conference#Active_conference_participant"/>
		<entity2 rdf:resource="http://crs_dr#conference"/>
		<measure rdf:datatype="xsd:float">0.4167</measure>
		<relation>=</relation>
	</Cell>
</map>
<map>
	<Cell>
		<entity1 rdf:resource="http://conference#Conference_participant"/>
		<entity2 rdf:resource="http://crs_dr#participant"/>
		<measure rdf:datatype="xsd:float">0.5116</measure>
		<relation>=</relation>
	</Cell>
</map>
<map>
	<Cell>
		<entity1 rdf:resource="http://conference#has_a_program_committee"/>
		<entity2 rdf:resource="http://crs_dr#has_program"/>
		<measure rdf:datatype="xsd:float">0.6382</measure>
		<relation>=</relation>
	</Cell>
</map>
<map>
	<Cell>
		<entity1 rdf:resource="http://conference#has_an_abstract"/>
		<entity2 rdf:resource="http://crs_dr#has_abstract"/>
		<measure rdf:datatype="xsd:float">0.75</measure>
		<relation>=</relation>
	</Cell>
</map>
<map>
	<Cell>
		<entity1 rdf:resource="http://conference#has_been_assigned_a_review_reference"/>
		<entity2 rdf:resource="http://crs_dr#assigns_reviewers_to_article"/>
		<measure rdf:datatype="xsd:float">0.2505</measure>
		<relation>=</relation>
	</Cell>
</map>
<map>
	<Cell>
		<entity1 rdf:resource="http://conference#was_a_program_committee_of"/>
		<entity2 rdf:resource="http://crs_dr#program_created_by"/>
		<measure rdf:datatype="xsd:float">0.2756</measure>
		<relation>=</relation>
	</Cell>
</map>
<map>
	<Cell>
		<entity1 rdf:resource="http://conference#Reviewer"/>
		<entity2 rdf:resource="http://crs_dr#reviewer"/>
		<measure rdf:datatype="xsd:float">0.725</measure>
		<relation>=</relation>
	</Cell>
</map>
<map>
	<Cell>
		<entity1 rdf:resource="http://conference#Person"/>
		<entity2 rdf:resource="http://crs_dr#person"/>
		<measure rdf:datatype="xsd:float">0.5109</measure>
		<relation>=</relation>
	</Cell>
</map>

</Alignment>
</rdf:RDF>
