<?xml version="1.0" encoding="utf-8"?>
<rdf:RDF xmlns="http://knowledgeweb.semanticweb.org/heterogeneity/alignment" 
	 xmlns:rdf="http://www.w3.org/1999/02/22-rdf-syntax-ns#" 
	 xmlns:xsd="http://www.w3.org/2001/XMLSchema#">

<Alignment>
<xml>yes</xml>
<level>0</level>
<type>??</type>

<map>
	<Cell>
		<entity1 rdf:resource="http://ekaw#Research_Topic"/>
		<entity2 rdf:resource="http://micro#Topic"/>
		<measure rdf:datatype="xsd:float">0.288</measure>
		<relation>=</relation>
	</Cell>
</map>
<map>
	<Cell>
		<entity1 rdf:resource="http://ekaw#Location"/>
		<entity2 rdf:resource="http://micro#Location"/>
		<measure rdf:datatype="xsd:float">0.2948</measure>
		<relation>=</relation>
	</Cell>
</map>
<map>
	<Cell>
		<entity1 rdf:resource="http://ekaw#Person"/>
		<entity2 rdf:resource="http://micro#Person"/>
		<measure rdf:datatype="xsd:float">0.5106</measure>
		<relation>=</relation>
	</Cell>
</map>
<map>
	<Cell>
		<entity1 rdf:resource="http://ekaw#authorOf"/>
		<entity2 rdf:resource="http://micro#isAuthorOf"/>
		<measure rdf:datatype="xsd:float">0.5</measure>
		<relation>=</relation>
	</Cell>
</map>
<map>
	<Cell>
		<entity1 rdf:resource="http://ekaw#reviewOfPaper"/>
		<entity2 rdf:resource="http://micro#executes"/>
		<measure rdf:datatype="xsd:float">0.4571</measure>
		<relation>=</relation>
	</Cell>
</map>
<map>
	<Cell>
		<entity1 rdf:resource="http://ekaw#Tutorial"/>
		<entity2 rdf:resource="http://micro#Tutorial"/>
		<measure rdf:datatype="xsd:float">0.5833</measure>
		<relation>=</relation>
	</Cell>
</map>
<map>
	<Cell>
		<entity1 rdf:resource="http://ekaw#Student"/>
		<entity2 rdf:resource="http://micro#StudentAdvocate"/>
		<measure rdf:datatype="xsd:float">0.2547</measure>
		<relation>=</relation>
	</Cell>
</map>
<map>
	<Cell>
		<entity1 rdf:resource="http://ekaw#Tutorial_Chair"/>
		<entity2 rdf:resource="http://micro#WorkshopTutorialChair"/>
		<measure rdf:datatype="xsd:float">0.3352</measure>
		<relation>=</relation>
	</Cell>
</map>
<map>
	<Cell>
		<entity1 rdf:resource="http://ekaw#coversTopic"/>
		<entity2 rdf:resource="http://micro#hasTopic"/>
		<measure rdf:datatype="xsd:float">0.3291</measure>
		<relation>=</relation>
	</Cell>
</map>
<map>
	<Cell>
		<entity1 rdf:resource="http://ekaw#Paper"/>
		<entity2 rdf:resource="http://micro#DoubleBlindReview"/>
		<measure rdf:datatype="xsd:float">0.3067</measure>
		<relation>=</relation>
	</Cell>
</map>
<map>
	<Cell>
		<entity1 rdf:resource="http://ekaw#hasReview"/>
		<entity2 rdf:resource="http://micro#isExecutedBy"/>
		<measure rdf:datatype="xsd:float">0.6429</measure>
		<relation>=</relation>
	</Cell>
</map>
<map>
	<Cell>
		<entity1 rdf:resource="http://ekaw#Paper_Author"/>
		<entity2 rdf:resource="http://micro#Author"/>
		<measure rdf:datatype="xsd:float">0.2808</measure>
		<relation>=</relation>
	</Cell>
</map>
<map>
	<Cell>
		<entity1 rdf:resource="http://ekaw#Review"/>
		<entity2 rdf:resource="http://micro#Reviewer"/>
		<measure rdf:datatype="xsd:float">0.4593</measure>
		<relation>=</relation>
	</Cell>
</map>

</Alignment>
</rdf:RDF>
