<?xml version="1.0" encoding="utf-8"?>
<rdf:RDF xmlns="http://knowledgeweb.semanticweb.org/heterogeneity/alignment" 
	 xmlns:rdf="http://www.w3.org/1999/02/22-rdf-syntax-ns#" 
	 xmlns:xsd="http://www.w3.org/2001/XMLSchema#">

<Alignment>
<xml>yes</xml>
<level>0</level>
<type>??</type>

<map>
	<Cell>
		<entity1 rdf:resource="http://ekaw#heldIn"/>
		<entity2 rdf:resource="http://myreview#cooperates"/>
		<measure rdf:datatype="xsd:float">0.2822</measure>
		<relation>=</relation>
	</Cell>
</map>
<map>
	<Cell>
		<entity1 rdf:resource="http://ekaw#Document"/>
		<entity2 rdf:resource="http://myreview#Document"/>
		<measure rdf:datatype="xsd:float">0.509</measure>
		<relation>=</relation>
	</Cell>
</map>
<map>
	<Cell>
		<entity1 rdf:resource="http://ekaw#Paper"/>
		<entity2 rdf:resource="http://myreview#Paper"/>
		<measure rdf:datatype="xsd:float">0.6347</measure>
		<relation>=</relation>
	</Cell>
</map>
<map>
	<Cell>
		<entity1 rdf:resource="http://ekaw#coversTopic"/>
		<entity2 rdf:resource="http://myreview#hasMainTopic"/>
		<measure rdf:datatype="xsd:float">0.5099</measure>
		<relation>=</relation>
	</Cell>
</map>
<map>
	<Cell>
		<entity1 rdf:resource="http://ekaw#Research_Topic"/>
		<entity2 rdf:resource="http://myreview#ResearchTopic"/>
		<measure rdf:datatype="xsd:float">0.3218</measure>
		<relation>=</relation>
	</Cell>
</map>
<map>
	<Cell>
		<entity1 rdf:resource="http://ekaw#reviewWrittenBy"/>
		<entity2 rdf:resource="http://myreview#isWritenBy"/>
		<measure rdf:datatype="xsd:float">0.6673</measure>
		<relation>=</relation>
	</Cell>
</map>
<map>
	<Cell>
		<entity1 rdf:resource="http://ekaw#locationOf"/>
		<entity2 rdf:resource="http://myreview#cooperatesReviewer"/>
		<measure rdf:datatype="xsd:float">0.2825</measure>
		<relation>=</relation>
	</Cell>
</map>
<map>
	<Cell>
		<entity1 rdf:resource="http://ekaw#Location"/>
		<entity2 rdf:resource="http://myreview#ExternalReviewer"/>
		<measure rdf:datatype="xsd:float">0.252</measure>
		<relation>=</relation>
	</Cell>
</map>
<map>
	<Cell>
		<entity1 rdf:resource="http://ekaw#Person"/>
		<entity2 rdf:resource="http://myreview#ProgramCommitteeMember"/>
		<measure rdf:datatype="xsd:float">0.3559</measure>
		<relation>=</relation>
	</Cell>
</map>
<map>
	<Cell>
		<entity1 rdf:resource="http://ekaw#hasReview"/>
		<entity2 rdf:resource="http://myreview#paperIsAssignedTo"/>
		<measure rdf:datatype="xsd:float">0.5</measure>
		<relation>=</relation>
	</Cell>
</map>
<map>
	<Cell>
		<entity1 rdf:resource="http://ekaw#writtenBy"/>
		<entity2 rdf:resource="http://myreview#hasMember"/>
		<measure rdf:datatype="xsd:float">0.3307</measure>
		<relation>=</relation>
	</Cell>
</map>
<map>
	<Cell>
		<entity1 rdf:resource="http://ekaw#Review"/>
		<entity2 rdf:resource="http://myreview#Review"/>
		<measure rdf:datatype="xsd:float">0.5508</measure>
		<relation>=</relation>
	</Cell>
</map>
<map>
	<Cell>
		<entity1 rdf:resource="http://ekaw#Programme_Brochure"/>
		<entity2 rdf:resource="http://myreview#Program"/>
		<measure rdf:datatype="xsd:float">0.2741</measure>
		<relation>=</relation>
	</Cell>
</map>
<map>
	<Cell>
		<entity1 rdf:resource="http://ekaw#reviewOfPaper"/>
		<entity2 rdf:resource="http://myreview#hasPreferredPaper"/>
		<measure rdf:datatype="xsd:float">0.6505</measure>
		<relation>=</relation>
	</Cell>
</map>
<map>
	<Cell>
		<entity1 rdf:resource="http://ekaw#Paper_Author"/>
		<entity2 rdf:resource="http://myreview#Author"/>
		<measure rdf:datatype="xsd:float">0.5024</measure>
		<relation>=</relation>
	</Cell>
</map>
<map>
	<Cell>
		<entity1 rdf:resource="http://ekaw#Abstract"/>
		<entity2 rdf:resource="http://myreview#PaperAbstract"/>
		<measure rdf:datatype="xsd:float">0.2785</measure>
		<relation>=</relation>
	</Cell>
</map>
<map>
	<Cell>
		<entity1 rdf:resource="http://ekaw#Rejected_Paper"/>
		<entity2 rdf:resource="http://myreview#RejectedPaper"/>
		<measure rdf:datatype="xsd:float">0.7848</measure>
		<relation>=</relation>
	</Cell>
</map>
<map>
	<Cell>
		<entity1 rdf:resource="http://ekaw#Evaluated_Paper"/>
		<entity2 rdf:resource="http://myreview#Evaluation"/>
		<measure rdf:datatype="xsd:float">0.2593</measure>
		<relation>=</relation>
	</Cell>
</map>
<map>
	<Cell>
		<entity1 rdf:resource="http://ekaw#Accepted_Paper"/>
		<entity2 rdf:resource="http://myreview#AcceptedPaper"/>
		<measure rdf:datatype="xsd:float">0.5185</measure>
		<relation>=</relation>
	</Cell>
</map>
<map>
	<Cell>
		<entity1 rdf:resource="http://ekaw#Proceedings"/>
		<entity2 rdf:resource="http://myreview#Proceedings"/>
		<measure rdf:datatype="xsd:float">0.306</measure>
		<relation>=</relation>
	</Cell>
</map>
<map>
	<Cell>
		<entity1 rdf:resource="http://ekaw#authorOf"/>
		<entity2 rdf:resource="http://myreview#isMemberOf"/>
		<measure rdf:datatype="xsd:float">0.2709</measure>
		<relation>=</relation>
	</Cell>
</map>

</Alignment>
</rdf:RDF>
