<?xml version="1.0" encoding="utf-8"?>
<rdf:RDF xmlns="http://knowledgeweb.semanticweb.org/heterogeneity/alignment" 
	 xmlns:rdf="http://www.w3.org/1999/02/22-rdf-syntax-ns#" 
	 xmlns:xsd="http://www.w3.org/2001/XMLSchema#">

<Alignment>
<xml>yes</xml>
<level>0</level>
<type>??</type>

<map>
	<Cell>
		<entity1 rdf:resource="http://cmt#writePaper"/>
		<entity2 rdf:resource="http://confOf#writes"/>
		<measure rdf:datatype="xsd:float">0.6108</measure>
		<relation>=</relation>
	</Cell>
</map>
<map>
	<Cell>
		<entity1 rdf:resource="http://cmt#Co-author"/>
		<entity2 rdf:resource="http://confOf#Author"/>
		<measure rdf:datatype="xsd:float">0.2513</measure>
		<relation>=</relation>
	</Cell>
</map>
<map>
	<Cell>
		<entity1 rdf:resource="http://cmt#Person"/>
		<entity2 rdf:resource="http://confOf#Person"/>
		<measure rdf:datatype="xsd:float">0.31</measure>
		<relation>=</relation>
	</Cell>
</map>
<map>
	<Cell>
		<entity1 rdf:resource="http://cmt#Paper"/>
		<entity2 rdf:resource="http://confOf#Contribution"/>
		<measure rdf:datatype="xsd:float">0.4706</measure>
		<relation>=</relation>
	</Cell>
</map>
<map>
	<Cell>
		<entity1 rdf:resource="http://cmt#email"/>
		<entity2 rdf:resource="http://confOf#hasEmail"/>
		<measure rdf:datatype="xsd:float">0.8378</measure>
		<relation>=</relation>
	</Cell>
</map>

</Alignment>
</rdf:RDF>
