<?xml version="1.0" encoding="utf-8"?>
<rdf:RDF xmlns="http://knowledgeweb.semanticweb.org/heterogeneity/alignment" 
	 xmlns:rdf="http://www.w3.org/1999/02/22-rdf-syntax-ns#" 
	 xmlns:xsd="http://www.w3.org/2001/XMLSchema#">

<Alignment>
<xml>yes</xml>
<level>0</level>
<type>??</type>

<map>
	<Cell>
		<entity1 rdf:resource="http://conference#Conference_participant"/>
		<entity2 rdf:resource="http://confOf#Participant"/>
		<measure rdf:datatype="xsd:float">0.253</measure>
		<relation>=</relation>
	</Cell>
</map>
<map>
	<Cell>
		<entity1 rdf:resource="http://conference#has_an_email"/>
		<entity2 rdf:resource="http://confOf#hasEmail"/>
		<measure rdf:datatype="xsd:float">0.8488</measure>
		<relation>=</relation>
	</Cell>
</map>
<map>
	<Cell>
		<entity1 rdf:resource="http://conference#Poster"/>
		<entity2 rdf:resource="http://confOf#Poster"/>
		<measure rdf:datatype="xsd:float">0.61</measure>
		<relation>=</relation>
	</Cell>
</map>
<map>
	<Cell>
		<entity1 rdf:resource="http://conference#Topic"/>
		<entity2 rdf:resource="http://confOf#Topic"/>
		<measure rdf:datatype="xsd:float">0.2918</measure>
		<relation>=</relation>
	</Cell>
</map>
<map>
	<Cell>
		<entity1 rdf:resource="http://conference#has_a_location"/>
		<entity2 rdf:resource="http://confOf#location"/>
		<measure rdf:datatype="xsd:float">0.3149</measure>
		<relation>=</relation>
	</Cell>
</map>
<map>
	<Cell>
		<entity1 rdf:resource="http://conference#Workshop"/>
		<entity2 rdf:resource="http://confOf#Workshop"/>
		<measure rdf:datatype="xsd:float">0.5308</measure>
		<relation>=</relation>
	</Cell>
</map>
<map>
	<Cell>
		<entity1 rdf:resource="http://conference#has_contributions"/>
		<entity2 rdf:resource="http://confOf#writes"/>
		<measure rdf:datatype="xsd:float">0.2951</measure>
		<relation>=</relation>
	</Cell>
</map>
<map>
	<Cell>
		<entity1 rdf:resource="http://conference#is_a_starting_date"/>
		<entity2 rdf:resource="http://confOf#starts_on"/>
		<measure rdf:datatype="xsd:float">0.268</measure>
		<relation>=</relation>
	</Cell>
</map>
<map>
	<Cell>
		<entity1 rdf:resource="http://conference#Conference"/>
		<entity2 rdf:resource="http://confOf#Conference"/>
		<measure rdf:datatype="xsd:float">0.5833</measure>
		<relation>=</relation>
	</Cell>
</map>
<map>
	<Cell>
		<entity1 rdf:resource="http://conference#is_an_ending_date"/>
		<entity2 rdf:resource="http://confOf#ends_on"/>
		<measure rdf:datatype="xsd:float">0.268</measure>
		<relation>=</relation>
	</Cell>
</map>
<map>
	<Cell>
		<entity1 rdf:resource="http://conference#Camera_ready_contribution"/>
		<entity2 rdf:resource="http://confOf#Camera_Ready_event"/>
		<measure rdf:datatype="xsd:float">0.2691</measure>
		<relation>=</relation>
	</Cell>
</map>
<map>
	<Cell>
		<entity1 rdf:resource="http://conference#Regular_contribution"/>
		<entity2 rdf:resource="http://confOf#Regular"/>
		<measure rdf:datatype="xsd:float">0.3032</measure>
		<relation>=</relation>
	</Cell>
</map>
<map>
	<Cell>
		<entity1 rdf:resource="http://conference#Paper"/>
		<entity2 rdf:resource="http://confOf#Paper"/>
		<measure rdf:datatype="xsd:float">0.6179</measure>
		<relation>=</relation>
	</Cell>
</map>
<map>
	<Cell>
		<entity1 rdf:resource="http://conference#Person"/>
		<entity2 rdf:resource="http://confOf#Person"/>
		<measure rdf:datatype="xsd:float">0.3038</measure>
		<relation>=</relation>
	</Cell>
</map>
<map>
	<Cell>
		<entity1 rdf:resource="http://conference#Tutorial"/>
		<entity2 rdf:resource="http://confOf#Tutorial"/>
		<measure rdf:datatype="xsd:float">0.5166</measure>
		<relation>=</relation>
	</Cell>
</map>
<map>
	<Cell>
		<entity1 rdf:resource="http://conference#Rejected_contribution"/>
		<entity2 rdf:resource="http://confOf#Social_event"/>
		<measure rdf:datatype="xsd:float">0.3333</measure>
		<relation>=</relation>
	</Cell>
</map>
<map>
	<Cell>
		<entity1 rdf:resource="http://conference#has_a_track-workshop-tutorial_topic"/>
		<entity2 rdf:resource="http://confOf#hasTopic"/>
		<measure rdf:datatype="xsd:float">0.287</measure>
		<relation>=</relation>
	</Cell>
</map>
<map>
	<Cell>
		<entity1 rdf:resource="http://conference#Conference_part"/>
		<entity2 rdf:resource="http://confOf#Working_event"/>
		<measure rdf:datatype="xsd:float">0.3184</measure>
		<relation>=</relation>
	</Cell>
</map>
<map>
	<Cell>
		<entity1 rdf:resource="http://conference#reviews"/>
		<entity2 rdf:resource="http://confOf#reviewes"/>
		<measure rdf:datatype="xsd:float">0.631</measure>
		<relation>=</relation>
	</Cell>
</map>
<map>
	<Cell>
		<entity1 rdf:resource="http://conference#Organizer"/>
		<entity2 rdf:resource="http://confOf#Organization"/>
		<measure rdf:datatype="xsd:float">0.2917</measure>
		<relation>=</relation>
	</Cell>
</map>
<map>
	<Cell>
		<entity1 rdf:resource="http://conference#has_the_last_name"/>
		<entity2 rdf:resource="http://confOf#hasSurname"/>
		<measure rdf:datatype="xsd:float">0.2665</measure>
		<relation>=</relation>
	</Cell>
</map>
<map>
	<Cell>
		<entity1 rdf:resource="http://conference#has_the_first_name"/>
		<entity2 rdf:resource="http://confOf#hasFirstName"/>
		<measure rdf:datatype="xsd:float">0.8649</measure>
		<relation>=</relation>
	</Cell>
</map>
<map>
	<Cell>
		<entity1 rdf:resource="http://conference#has_an_abstract"/>
		<entity2 rdf:resource="http://confOf#abstract"/>
		<measure rdf:datatype="xsd:float">0.3099</measure>
		<relation>=</relation>
	</Cell>
</map>

</Alignment>
</rdf:RDF>
