<?xml version="1.0" encoding="utf-8"?>
<rdf:RDF xmlns="http://knowledgeweb.semanticweb.org/heterogeneity/alignment" 
	 xmlns:rdf="http://www.w3.org/1999/02/22-rdf-syntax-ns#" 
	 xmlns:xsd="http://www.w3.org/2001/XMLSchema#">

<Alignment>
<xml>yes</xml>
<level>0</level>
<type>??</type>

<map>
	<Cell>
		<entity1 rdf:resource="http://confious#topic"/>
		<entity2 rdf:resource="http://ekaw#Research_Topic"/>
		<measure rdf:datatype="xsd:float">0.5482</measure>
		<relation>=</relation>
	</Cell>
</map>
<map>
	<Cell>
		<entity1 rdf:resource="http://confious#is_concerned_review"/>
		<entity2 rdf:resource="http://ekaw#hasReview"/>
		<measure rdf:datatype="xsd:float">0.2652</measure>
		<relation>=</relation>
	</Cell>
</map>
<map>
	<Cell>
		<entity1 rdf:resource="http://confious#paper_assignment"/>
		<entity2 rdf:resource="http://ekaw#Assigned_Paper"/>
		<measure rdf:datatype="xsd:float">0.3158</measure>
		<relation>=</relation>
	</Cell>
</map>
<map>
	<Cell>
		<entity1 rdf:resource="http://confious#human"/>
		<entity2 rdf:resource="http://ekaw#Person"/>
		<measure rdf:datatype="xsd:float">0.3467</measure>
		<relation>=</relation>
	</Cell>
</map>
<map>
	<Cell>
		<entity1 rdf:resource="http://confious#Accepted_Paper"/>
		<entity2 rdf:resource="http://ekaw#Accepted_Paper"/>
		<measure rdf:datatype="xsd:float">0.6912</measure>
		<relation>=</relation>
	</Cell>
</map>
<map>
	<Cell>
		<entity1 rdf:resource="http://confious#abstract_of_paper"/>
		<entity2 rdf:resource="http://ekaw#Abstract"/>
		<measure rdf:datatype="xsd:float">0.6154</measure>
		<relation>=</relation>
	</Cell>
</map>
<map>
	<Cell>
		<entity1 rdf:resource="http://confious#article"/>
		<entity2 rdf:resource="http://ekaw#Document"/>
		<measure rdf:datatype="xsd:float">0.3803</measure>
		<relation>=</relation>
	</Cell>
</map>
<map>
	<Cell>
		<entity1 rdf:resource="http://confious#is_author_of"/>
		<entity2 rdf:resource="http://ekaw#authorOf"/>
		<measure rdf:datatype="xsd:float">0.5</measure>
		<relation>=</relation>
	</Cell>
</map>
<map>
	<Cell>
		<entity1 rdf:resource="http://confious#review"/>
		<entity2 rdf:resource="http://ekaw#Review"/>
		<measure rdf:datatype="xsd:float">0.5094</measure>
		<relation>=</relation>
	</Cell>
</map>
<map>
	<Cell>
		<entity1 rdf:resource="http://confious#camera-ready_submission_date"/>
		<entity2 rdf:resource="http://ekaw#Camera_Ready_Paper"/>
		<measure rdf:datatype="xsd:float">0.2864</measure>
		<relation>=</relation>
	</Cell>
</map>
<map>
	<Cell>
		<entity1 rdf:resource="http://confious#lower_tier_reviewing_process"/>
		<entity2 rdf:resource="http://ekaw#Positive_Review"/>
		<measure rdf:datatype="xsd:float">0.3358</measure>
		<relation>=</relation>
	</Cell>
</map>
<map>
	<Cell>
		<entity1 rdf:resource="http://confious#Rejected_Paper"/>
		<entity2 rdf:resource="http://ekaw#Rejected_Paper"/>
		<measure rdf:datatype="xsd:float">0.8045</measure>
		<relation>=</relation>
	</Cell>
</map>
<map>
	<Cell>
		<entity1 rdf:resource="http://confious#paper"/>
		<entity2 rdf:resource="http://ekaw#Paper"/>
		<measure rdf:datatype="xsd:float">0.5607</measure>
		<relation>=</relation>
	</Cell>
</map>

</Alignment>
</rdf:RDF>
