<?xml version="1.0" encoding="utf-8"?>
<rdf:RDF xmlns="http://knowledgeweb.semanticweb.org/heterogeneity/alignment" 
	 xmlns:rdf="http://www.w3.org/1999/02/22-rdf-syntax-ns#" 
	 xmlns:xsd="http://www.w3.org/2001/XMLSchema#">

<Alignment>
<xml>yes</xml>
<level>0</level>
<type>??</type>

<map>
	<Cell>
		<entity1 rdf:resource="http://ekaw#reviewOfPaper"/>
		<entity2 rdf:resource="http://pcs#assigned_review_by"/>
		<measure rdf:datatype="xsd:float">0.4976</measure>
		<relation>=</relation>
	</Cell>
</map>
<map>
	<Cell>
		<entity1 rdf:resource="http://ekaw#Paper"/>
		<entity2 rdf:resource="http://pcs#Paper"/>
		<measure rdf:datatype="xsd:float">0.6782</measure>
		<relation>=</relation>
	</Cell>
</map>
<map>
	<Cell>
		<entity1 rdf:resource="http://ekaw#Review"/>
		<entity2 rdf:resource="http://pcs#Review"/>
		<measure rdf:datatype="xsd:float">0.7204</measure>
		<relation>=</relation>
	</Cell>
</map>
<map>
	<Cell>
		<entity1 rdf:resource="http://ekaw#authorOf"/>
		<entity2 rdf:resource="http://pcs#submit"/>
		<measure rdf:datatype="xsd:float">0.4604</measure>
		<relation>=</relation>
	</Cell>
</map>
<map>
	<Cell>
		<entity1 rdf:resource="http://ekaw#hasReview"/>
		<entity2 rdf:resource="http://pcs#assign_review"/>
		<measure rdf:datatype="xsd:float">0.5055</measure>
		<relation>=</relation>
	</Cell>
</map>
<map>
	<Cell>
		<entity1 rdf:resource="http://ekaw#Person"/>
		<entity2 rdf:resource="http://pcs#PERSON"/>
		<measure rdf:datatype="xsd:float">0.3437</measure>
		<relation>=</relation>
	</Cell>
</map>
<map>
	<Cell>
		<entity1 rdf:resource="http://ekaw#Document"/>
		<entity2 rdf:resource="http://pcs#DOCUMENT"/>
		<measure rdf:datatype="xsd:float">0.5014</measure>
		<relation>=</relation>
	</Cell>
</map>
<map>
	<Cell>
		<entity1 rdf:resource="http://ekaw#Rejected_Paper"/>
		<entity2 rdf:resource="http://pcs#Rejected_paper"/>
		<measure rdf:datatype="xsd:float">0.7862</measure>
		<relation>=</relation>
	</Cell>
</map>
<map>
	<Cell>
		<entity1 rdf:resource="http://ekaw#Accepted_Paper"/>
		<entity2 rdf:resource="http://pcs#Accepted_paper"/>
		<measure rdf:datatype="xsd:float">0.2795</measure>
		<relation>=</relation>
	</Cell>
</map>
<map>
	<Cell>
		<entity1 rdf:resource="http://ekaw#reviewWrittenBy"/>
		<entity2 rdf:resource="http://pcs#written_review_by"/>
		<measure rdf:datatype="xsd:float">0.6429</measure>
		<relation>=</relation>
	</Cell>
</map>
<map>
	<Cell>
		<entity1 rdf:resource="http://ekaw#Web_Site"/>
		<entity2 rdf:resource="http://pcs#Web_site"/>
		<measure rdf:datatype="xsd:float">0.5833</measure>
		<relation>=</relation>
	</Cell>
</map>
<map>
	<Cell>
		<entity1 rdf:resource="http://ekaw#writtenBy"/>
		<entity2 rdf:resource="http://pcs#submited_by"/>
		<measure rdf:datatype="xsd:float">0.2648</measure>
		<relation>=</relation>
	</Cell>
</map>

</Alignment>
</rdf:RDF>
