<?xml version="1.0" encoding="utf-8"?>
<rdf:RDF xmlns="http://knowledgeweb.semanticweb.org/heterogeneity/alignment" 
	 xmlns:rdf="http://www.w3.org/1999/02/22-rdf-syntax-ns#" 
	 xmlns:xsd="http://www.w3.org/2001/XMLSchema#">

<Alignment>
<xml>yes</xml>
<level>0</level>
<type>??</type>

<map>
	<Cell>
		<entity1 rdf:resource="http://confOf#hasAdministrativeEvent"/>
		<entity2 rdf:resource="http://edas#forEvent"/>
		<measure rdf:datatype="xsd:float">0.2509</measure>
		<relation>=</relation>
	</Cell>
</map>
<map>
	<Cell>
		<entity1 rdf:resource="http://confOf#hasCountry"/>
		<entity2 rdf:resource="http://edas#hasCountry"/>
		<measure rdf:datatype="xsd:float">0.7273</measure>
		<relation>=</relation>
	</Cell>
</map>
<map>
	<Cell>
		<entity1 rdf:resource="http://confOf#Chair_PC"/>
		<entity2 rdf:resource="http://edas#ConferenceChair"/>
		<measure rdf:datatype="xsd:float">0.2798</measure>
		<relation>=</relation>
	</Cell>
</map>
<map>
	<Cell>
		<entity1 rdf:resource="http://confOf#starts_on"/>
		<entity2 rdf:resource="http://edas#hasStartDateTime"/>
		<measure rdf:datatype="xsd:float">0.5414</measure>
		<relation>=</relation>
	</Cell>
</map>
<map>
	<Cell>
		<entity1 rdf:resource="http://confOf#hasTopic"/>
		<entity2 rdf:resource="http://edas#hasTopic"/>
		<measure rdf:datatype="xsd:float">0.6506</measure>
		<relation>=</relation>
	</Cell>
</map>
<map>
	<Cell>
		<entity1 rdf:resource="http://confOf#Organization"/>
		<entity2 rdf:resource="http://edas#Organization"/>
		<measure rdf:datatype="xsd:float">0.2724</measure>
		<relation>=</relation>
	</Cell>
</map>
<map>
	<Cell>
		<entity1 rdf:resource="http://confOf#location"/>
		<entity2 rdf:resource="http://edas#hasLocation"/>
		<measure rdf:datatype="xsd:float">0.5407</measure>
		<relation>=</relation>
	</Cell>
</map>
<map>
	<Cell>
		<entity1 rdf:resource="http://confOf#writtenBy"/>
		<entity2 rdf:resource="http://edas#isWrittenBy"/>
		<measure rdf:datatype="xsd:float">0.6718</measure>
		<relation>=</relation>
	</Cell>
</map>
<map>
	<Cell>
		<entity1 rdf:resource="http://confOf#Reception"/>
		<entity2 rdf:resource="http://edas#Reception"/>
		<measure rdf:datatype="xsd:float">0.7411</measure>
		<relation>=</relation>
	</Cell>
</map>
<map>
	<Cell>
		<entity1 rdf:resource="http://confOf#Author"/>
		<entity2 rdf:resource="http://edas#Author"/>
		<measure rdf:datatype="xsd:float">0.3022</measure>
		<relation>=</relation>
	</Cell>
</map>
<map>
	<Cell>
		<entity1 rdf:resource="http://confOf#hasFirstName"/>
		<entity2 rdf:resource="http://edas#hasFirstName"/>
		<measure rdf:datatype="xsd:float">0.8537</measure>
		<relation>=</relation>
	</Cell>
</map>
<map>
	<Cell>
		<entity1 rdf:resource="http://confOf#Event"/>
		<entity2 rdf:resource="http://edas#ConferenceEvent"/>
		<measure rdf:datatype="xsd:float">0.3409</measure>
		<relation>=</relation>
	</Cell>
</map>
<map>
	<Cell>
		<entity1 rdf:resource="http://confOf#hasSurname"/>
		<entity2 rdf:resource="http://edas#hasBiography"/>
		<measure rdf:datatype="xsd:float">0.2718</measure>
		<relation>=</relation>
	</Cell>
</map>
<map>
	<Cell>
		<entity1 rdf:resource="http://confOf#Conference"/>
		<entity2 rdf:resource="http://edas#Conference"/>
		<measure rdf:datatype="xsd:float">0.2594</measure>
		<relation>=</relation>
	</Cell>
</map>
<map>
	<Cell>
		<entity1 rdf:resource="http://confOf#hasPhone"/>
		<entity2 rdf:resource="http://edas#hasPhone"/>
		<measure rdf:datatype="xsd:float">0.3427</measure>
		<relation>=</relation>
	</Cell>
</map>
<map>
	<Cell>
		<entity1 rdf:resource="http://confOf#Country"/>
		<entity2 rdf:resource="http://edas#Country"/>
		<measure rdf:datatype="xsd:float">0.5106</measure>
		<relation>=</relation>
	</Cell>
</map>
<map>
	<Cell>
		<entity1 rdf:resource="http://confOf#hasFax"/>
		<entity2 rdf:resource="http://edas#hasLastName"/>
		<measure rdf:datatype="xsd:float">0.2751</measure>
		<relation>=</relation>
	</Cell>
</map>
<map>
	<Cell>
		<entity1 rdf:resource="http://confOf#Social_event"/>
		<entity2 rdf:resource="http://edas#SocialEvent"/>
		<measure rdf:datatype="xsd:float">0.703</measure>
		<relation>=</relation>
	</Cell>
</map>
<map>
	<Cell>
		<entity1 rdf:resource="http://confOf#hasStreet"/>
		<entity2 rdf:resource="http://edas#hasStreet"/>
		<measure rdf:datatype="xsd:float">0.3427</measure>
		<relation>=</relation>
	</Cell>
</map>
<map>
	<Cell>
		<entity1 rdf:resource="http://confOf#reviewes"/>
		<entity2 rdf:resource="http://edas#isReviewing"/>
		<measure rdf:datatype="xsd:float">0.5404</measure>
		<relation>=</relation>
	</Cell>
</map>
<map>
	<Cell>
		<entity1 rdf:resource="http://confOf#Working_event"/>
		<entity2 rdf:resource="http://edas#AcademicEvent"/>
		<measure rdf:datatype="xsd:float">0.2871</measure>
		<relation>=</relation>
	</Cell>
</map>
<map>
	<Cell>
		<entity1 rdf:resource="http://confOf#ends_on"/>
		<entity2 rdf:resource="http://edas#hasEndDateTime"/>
		<measure rdf:datatype="xsd:float">0.5414</measure>
		<relation>=</relation>
	</Cell>
</map>
<map>
	<Cell>
		<entity1 rdf:resource="http://confOf#hasEmail"/>
		<entity2 rdf:resource="http://edas#hasEmail"/>
		<measure rdf:datatype="xsd:float">0.5641</measure>
		<relation>=</relation>
	</Cell>
</map>
<map>
	<Cell>
		<entity1 rdf:resource="http://confOf#hasPostalCode"/>
		<entity2 rdf:resource="http://edas#hasPostalCode"/>
		<measure rdf:datatype="xsd:float">0.3504</measure>
		<relation>=</relation>
	</Cell>
</map>
<map>
	<Cell>
		<entity1 rdf:resource="http://confOf#writes"/>
		<entity2 rdf:resource="http://edas#hasRelatedPaper"/>
		<measure rdf:datatype="xsd:float">0.4247</measure>
		<relation>=</relation>
	</Cell>
</map>
<map>
	<Cell>
		<entity1 rdf:resource="http://confOf#Workshop"/>
		<entity2 rdf:resource="http://edas#Workshop"/>
		<measure rdf:datatype="xsd:float">0.6434</measure>
		<relation>=</relation>
	</Cell>
</map>
<map>
	<Cell>
		<entity1 rdf:resource="http://confOf#hasCity"/>
		<entity2 rdf:resource="http://edas#hasCity"/>
		<measure rdf:datatype="xsd:float">0.3427</measure>
		<relation>=</relation>
	</Cell>
</map>

</Alignment>
</rdf:RDF>
