<?xml version="1.0" encoding="utf-8"?>
<rdf:RDF xmlns="http://knowledgeweb.semanticweb.org/heterogeneity/alignment" 
	 xmlns:rdf="http://www.w3.org/1999/02/22-rdf-syntax-ns#" 
	 xmlns:xsd="http://www.w3.org/2001/XMLSchema#">

<Alignment>
<xml>yes</xml>
<level>0</level>
<type>??</type>

<map>
	<Cell>
		<entity1 rdf:resource="http://conference#has_a_publisher"/>
		<entity2 rdf:resource="http://ekaw#publisherOf"/>
		<measure rdf:datatype="xsd:float">0.2857</measure>
		<relation>=</relation>
	</Cell>
</map>
<map>
	<Cell>
		<entity1 rdf:resource="http://conference#Regular_contribution"/>
		<entity2 rdf:resource="http://ekaw#Regular_Paper"/>
		<measure rdf:datatype="xsd:float">0.2731</measure>
		<relation>=</relation>
	</Cell>
</map>
<map>
	<Cell>
		<entity1 rdf:resource="http://conference#Person"/>
		<entity2 rdf:resource="http://ekaw#Person"/>
		<measure rdf:datatype="xsd:float">0.5157</measure>
		<relation>=</relation>
	</Cell>
</map>
<map>
	<Cell>
		<entity1 rdf:resource="http://conference#Tutorial"/>
		<entity2 rdf:resource="http://ekaw#Tutorial"/>
		<measure rdf:datatype="xsd:float">0.3328</measure>
		<relation>=</relation>
	</Cell>
</map>
<map>
	<Cell>
		<entity1 rdf:resource="http://conference#Contribution_co-author"/>
		<entity2 rdf:resource="http://ekaw#Paper_Author"/>
		<measure rdf:datatype="xsd:float">0.281</measure>
		<relation>=</relation>
	</Cell>
</map>
<map>
	<Cell>
		<entity1 rdf:resource="http://conference#gives_presentations"/>
		<entity2 rdf:resource="http://ekaw#paperPresentedAs"/>
		<measure rdf:datatype="xsd:float">0.343</measure>
		<relation>=</relation>
	</Cell>
</map>
<map>
	<Cell>
		<entity1 rdf:resource="http://conference#Presentation"/>
		<entity2 rdf:resource="http://ekaw#Presenter"/>
		<measure rdf:datatype="xsd:float">0.517</measure>
		<relation>=</relation>
	</Cell>
</map>
<map>
	<Cell>
		<entity1 rdf:resource="http://conference#Conference_participant"/>
		<entity2 rdf:resource="http://ekaw#Conference_Participant"/>
		<measure rdf:datatype="xsd:float">0.7745</measure>
		<relation>=</relation>
	</Cell>
</map>
<map>
	<Cell>
		<entity1 rdf:resource="http://conference#Accepted_contribution"/>
		<entity2 rdf:resource="http://ekaw#Accepted_Paper"/>
		<measure rdf:datatype="xsd:float">0.43</measure>
		<relation>=</relation>
	</Cell>
</map>
<map>
	<Cell>
		<entity1 rdf:resource="http://conference#Paper"/>
		<entity2 rdf:resource="http://ekaw#Conference_Paper"/>
		<measure rdf:datatype="xsd:float">0.2846</measure>
		<relation>=</relation>
	</Cell>
</map>
<map>
	<Cell>
		<entity1 rdf:resource="http://conference#Review"/>
		<entity2 rdf:resource="http://ekaw#Review"/>
		<measure rdf:datatype="xsd:float">0.6835</measure>
		<relation>=</relation>
	</Cell>
</map>
<map>
	<Cell>
		<entity1 rdf:resource="http://conference#Abstract"/>
		<entity2 rdf:resource="http://ekaw#Invited_Talk_Abstract"/>
		<measure rdf:datatype="xsd:float">0.264</measure>
		<relation>=</relation>
	</Cell>
</map>
<map>
	<Cell>
		<entity1 rdf:resource="http://conference#has_a_review"/>
		<entity2 rdf:resource="http://ekaw#hasReview"/>
		<measure rdf:datatype="xsd:float">0.75</measure>
		<relation>=</relation>
	</Cell>
</map>
<map>
	<Cell>
		<entity1 rdf:resource="http://conference#Conference_document"/>
		<entity2 rdf:resource="http://ekaw#Document"/>
		<measure rdf:datatype="xsd:float">0.5904</measure>
		<relation>=</relation>
	</Cell>
</map>
<map>
	<Cell>
		<entity1 rdf:resource="http://conference#Workshop"/>
		<entity2 rdf:resource="http://ekaw#Workshop"/>
		<measure rdf:datatype="xsd:float">0.3837</measure>
		<relation>=</relation>
	</Cell>
</map>
<map>
	<Cell>
		<entity1 rdf:resource="http://conference#Reviewed_contribution"/>
		<entity2 rdf:resource="http://ekaw#Paper"/>
		<measure rdf:datatype="xsd:float">0.3529</measure>
		<relation>=</relation>
	</Cell>
</map>
<map>
	<Cell>
		<entity1 rdf:resource="http://conference#Invited_talk"/>
		<entity2 rdf:resource="http://ekaw#Invited_Talk"/>
		<measure rdf:datatype="xsd:float">0.6817</measure>
		<relation>=</relation>
	</Cell>
</map>
<map>
	<Cell>
		<entity1 rdf:resource="http://conference#Extended_abstract"/>
		<entity2 rdf:resource="http://ekaw#Abstract"/>
		<measure rdf:datatype="xsd:float">0.5251</measure>
		<relation>=</relation>
	</Cell>
</map>
<map>
	<Cell>
		<entity1 rdf:resource="http://conference#reviews"/>
		<entity2 rdf:resource="http://ekaw#reviewOfPaper"/>
		<measure rdf:datatype="xsd:float">0.5636</measure>
		<relation>=</relation>
	</Cell>
</map>
<map>
	<Cell>
		<entity1 rdf:resource="http://conference#has_parts"/>
		<entity2 rdf:resource="http://ekaw#hasPart"/>
		<measure rdf:datatype="xsd:float">0.2735</measure>
		<relation>=</relation>
	</Cell>
</map>
<map>
	<Cell>
		<entity1 rdf:resource="http://conference#Camera_ready_contribution"/>
		<entity2 rdf:resource="http://ekaw#Camera_Ready_Paper"/>
		<measure rdf:datatype="xsd:float">0.3204</measure>
		<relation>=</relation>
	</Cell>
</map>
<map>
	<Cell>
		<entity1 rdf:resource="http://conference#Conference_proceedings"/>
		<entity2 rdf:resource="http://ekaw#Conference_Proceedings"/>
		<measure rdf:datatype="xsd:float">0.2831</measure>
		<relation>=</relation>
	</Cell>
</map>
<map>
	<Cell>
		<entity1 rdf:resource="http://conference#has_authors"/>
		<entity2 rdf:resource="http://ekaw#authorOf"/>
		<measure rdf:datatype="xsd:float">0.2857</measure>
		<relation>=</relation>
	</Cell>
</map>
<map>
	<Cell>
		<entity1 rdf:resource="http://conference#Poster"/>
		<entity2 rdf:resource="http://ekaw#Poster_Paper"/>
		<measure rdf:datatype="xsd:float">0.5662</measure>
		<relation>=</relation>
	</Cell>
</map>
<map>
	<Cell>
		<entity1 rdf:resource="http://conference#Rejected_contribution"/>
		<entity2 rdf:resource="http://ekaw#Rejected_Paper"/>
		<measure rdf:datatype="xsd:float">0.6075</measure>
		<relation>=</relation>
	</Cell>
</map>
<map>
	<Cell>
		<entity1 rdf:resource="http://conference#Track"/>
		<entity2 rdf:resource="http://ekaw#Track"/>
		<measure rdf:datatype="xsd:float">0.3023</measure>
		<relation>=</relation>
	</Cell>
</map>
<map>
	<Cell>
		<entity1 rdf:resource="http://conference#Topic"/>
		<entity2 rdf:resource="http://ekaw#Research_Topic"/>
		<measure rdf:datatype="xsd:float">0.5146</measure>
		<relation>=</relation>
	</Cell>
</map>
<map>
	<Cell>
		<entity1 rdf:resource="http://conference#Invited_speaker"/>
		<entity2 rdf:resource="http://ekaw#Invited_Speaker"/>
		<measure rdf:datatype="xsd:float">0.5317</measure>
		<relation>=</relation>
	</Cell>
</map>
<map>
	<Cell>
		<entity1 rdf:resource="http://conference#Reviewer"/>
		<entity2 rdf:resource="http://ekaw#Possible_Reviewer"/>
		<measure rdf:datatype="xsd:float">0.2674</measure>
		<relation>=</relation>
	</Cell>
</map>
<map>
	<Cell>
		<entity1 rdf:resource="http://conference#has_a_location"/>
		<entity2 rdf:resource="http://ekaw#locationOf"/>
		<measure rdf:datatype="xsd:float">0.2857</measure>
		<relation>=</relation>
	</Cell>
</map>

</Alignment>
</rdf:RDF>
