<?xml version="1.0" encoding="utf-8"?>
<rdf:RDF xmlns="http://knowledgeweb.semanticweb.org/heterogeneity/alignment" 
	 xmlns:rdf="http://www.w3.org/1999/02/22-rdf-syntax-ns#" 
	 xmlns:xsd="http://www.w3.org/2001/XMLSchema#">

<Alignment>
<xml>yes</xml>
<level>0</level>
<type>??</type>

<map>
	<Cell>
		<entity1 rdf:resource="http://myreview#hasAbstract"/>
		<entity2 rdf:resource="http://openconf#Abstract"/>
		<measure rdf:datatype="xsd:float">0.714</measure>
		<relation>=</relation>
	</Cell>
</map>
<map>
	<Cell>
		<entity1 rdf:resource="http://myreview#Paper"/>
		<entity2 rdf:resource="http://openconf#Paper"/>
		<measure rdf:datatype="xsd:float">0.5177</measure>
		<relation>=</relation>
	</Cell>
</map>
<map>
	<Cell>
		<entity1 rdf:resource="http://myreview#isWritenBy"/>
		<entity2 rdf:resource="http://openconf#is_written_by"/>
		<measure rdf:datatype="xsd:float">0.5</measure>
		<relation>=</relation>
	</Cell>
</map>
<map>
	<Cell>
		<entity1 rdf:resource="http://myreview#submitsAbstract"/>
		<entity2 rdf:resource="http://openconf#has_sent"/>
		<measure rdf:datatype="xsd:float">0.4973</measure>
		<relation>=</relation>
	</Cell>
</map>
<map>
	<Cell>
		<entity1 rdf:resource="http://myreview#hasID"/>
		<entity2 rdf:resource="http://openconf#Keywords"/>
		<measure rdf:datatype="xsd:float">0.5</measure>
		<relation>=</relation>
	</Cell>
</map>
<map>
	<Cell>
		<entity1 rdf:resource="http://myreview#isMemberOf"/>
		<entity2 rdf:resource="http://openconf#is_member_of"/>
		<measure rdf:datatype="xsd:float">0.571</measure>
		<relation>=</relation>
	</Cell>
</map>
<map>
	<Cell>
		<entity1 rdf:resource="http://myreview#cooperatesReviewer"/>
		<entity2 rdf:resource="http://openconf#has_Review"/>
		<measure rdf:datatype="xsd:float">0.5014</measure>
		<relation>=</relation>
	</Cell>
</map>
<map>
	<Cell>
		<entity1 rdf:resource="http://myreview#Reviewer"/>
		<entity2 rdf:resource="http://openconf#Reviewer"/>
		<measure rdf:datatype="xsd:float">0.2815</measure>
		<relation>=</relation>
	</Cell>
</map>
<map>
	<Cell>
		<entity1 rdf:resource="http://myreview#ContactAuthor"/>
		<entity2 rdf:resource="http://openconf#Contact_Author"/>
		<measure rdf:datatype="xsd:float">0.5214</measure>
		<relation>=</relation>
	</Cell>
</map>
<map>
	<Cell>
		<entity1 rdf:resource="http://myreview#AcceptedPaper"/>
		<entity2 rdf:resource="http://openconf#Must_Accept"/>
		<measure rdf:datatype="xsd:float">0.2806</measure>
		<relation>=</relation>
	</Cell>
</map>
<map>
	<Cell>
		<entity1 rdf:resource="http://myreview#RejectedPaper"/>
		<entity2 rdf:resource="http://openconf#Reject"/>
		<measure rdf:datatype="xsd:float">0.6336</measure>
		<relation>=</relation>
	</Cell>
</map>
<map>
	<Cell>
		<entity1 rdf:resource="http://myreview#hasMember"/>
		<entity2 rdf:resource="http://openconf#has_member"/>
		<measure rdf:datatype="xsd:float">0.6904</measure>
		<relation>=</relation>
	</Cell>
</map>
<map>
	<Cell>
		<entity1 rdf:resource="http://myreview#hasConflictedPaper"/>
		<entity2 rdf:resource="http://openconf#has_made_review"/>
		<measure rdf:datatype="xsd:float">0.2947</measure>
		<relation>=</relation>
	</Cell>
</map>
<map>
	<Cell>
		<entity1 rdf:resource="http://myreview#hasPassword"/>
		<entity2 rdf:resource="http://openconf#Password"/>
		<measure rdf:datatype="xsd:float">0.637</measure>
		<relation>=</relation>
	</Cell>
</map>
<map>
	<Cell>
		<entity1 rdf:resource="http://myreview#Program"/>
		<entity2 rdf:resource="http://openconf#Programming"/>
		<measure rdf:datatype="xsd:float">0.5833</measure>
		<relation>=</relation>
	</Cell>
</map>
<map>
	<Cell>
		<entity1 rdf:resource="http://myreview#ConferenceProgram"/>
		<entity2 rdf:resource="http://openconf#Conference_Program"/>
		<measure rdf:datatype="xsd:float">0.2701</measure>
		<relation>=</relation>
	</Cell>
</map>
<map>
	<Cell>
		<entity1 rdf:resource="http://myreview#writeReview"/>
		<entity2 rdf:resource="http://openconf#Review_made_by"/>
		<measure rdf:datatype="xsd:float">0.6635</measure>
		<relation>=</relation>
	</Cell>
</map>
<map>
	<Cell>
		<entity1 rdf:resource="http://myreview#hasName"/>
		<entity2 rdf:resource="http://openconf#Name"/>
		<measure rdf:datatype="xsd:float">0.299</measure>
		<relation>=</relation>
	</Cell>
</map>
<map>
	<Cell>
		<entity1 rdf:resource="http://myreview#isProgramOf"/>
		<entity2 rdf:resource="http://openconf#made_program"/>
		<measure rdf:datatype="xsd:float">0.6483</measure>
		<relation>=</relation>
	</Cell>
</map>
<map>
	<Cell>
		<entity1 rdf:resource="http://myreview#PaperAbstract"/>
		<entity2 rdf:resource="http://openconf#Submitted_Paper"/>
		<measure rdf:datatype="xsd:float">0.3004</measure>
		<relation>=</relation>
	</Cell>
</map>
<map>
	<Cell>
		<entity1 rdf:resource="http://myreview#Author"/>
		<entity2 rdf:resource="http://openconf#Author"/>
		<measure rdf:datatype="xsd:float">0.6883</measure>
		<relation>=</relation>
	</Cell>
</map>
<map>
	<Cell>
		<entity1 rdf:resource="http://myreview#abstractIsSubmittedBy"/>
		<entity2 rdf:resource="http://openconf#has_been_sent_by"/>
		<measure rdf:datatype="xsd:float">0.5245</measure>
		<relation>=</relation>
	</Cell>
</map>
<map>
	<Cell>
		<entity1 rdf:resource="http://myreview#hasTitle"/>
		<entity2 rdf:resource="http://openconf#Title"/>
		<measure rdf:datatype="xsd:float">0.9776</measure>
		<relation>=</relation>
	</Cell>
</map>
<map>
	<Cell>
		<entity1 rdf:resource="http://myreview#hasAuthor"/>
		<entity2 rdf:resource="http://openconf#Comments_for_Author"/>
		<measure rdf:datatype="xsd:float">0.318</measure>
		<relation>=</relation>
	</Cell>
</map>
<map>
	<Cell>
		<entity1 rdf:resource="http://myreview#writePaper"/>
		<entity2 rdf:resource="http://openconf#writes_Paper"/>
		<measure rdf:datatype="xsd:float">1.0</measure>
		<relation>=</relation>
	</Cell>
</map>
<map>
	<Cell>
		<entity1 rdf:resource="http://myreview#Chair"/>
		<entity2 rdf:resource="http://openconf#Program_chair"/>
		<measure rdf:datatype="xsd:float">0.2719</measure>
		<relation>=</relation>
	</Cell>
</map>

</Alignment>
</rdf:RDF>
