<?xml version="1.0" encoding="utf-8"?>
<rdf:RDF xmlns="http://knowledgeweb.semanticweb.org/heterogeneity/alignment" 
	 xmlns:rdf="http://www.w3.org/1999/02/22-rdf-syntax-ns#" 
	 xmlns:xsd="http://www.w3.org/2001/XMLSchema#">

<Alignment>
<xml>yes</xml>
<level>0</level>
<type>??</type>

<map>
	<Cell>
		<entity1 rdf:resource="http://cmt#Paper"/>
		<entity2 rdf:resource="http://micro#Paper"/>
		<measure rdf:datatype="xsd:float">0.2565</measure>
		<relation>=</relation>
	</Cell>
</map>
<map>
	<Cell>
		<entity1 rdf:resource="http://cmt#hasAuthor"/>
		<entity2 rdf:resource="http://micro#hasAuthor"/>
		<measure rdf:datatype="xsd:float">0.75</measure>
		<relation>=</relation>
	</Cell>
</map>
<map>
	<Cell>
		<entity1 rdf:resource="http://cmt#name"/>
		<entity2 rdf:resource="http://micro#hasName"/>
		<measure rdf:datatype="xsd:float">0.2541</measure>
		<relation>=</relation>
	</Cell>
</map>
<map>
	<Cell>
		<entity1 rdf:resource="http://cmt#memberOfConference"/>
		<entity2 rdf:resource="http://micro#isMemberOf"/>
		<measure rdf:datatype="xsd:float">0.2587</measure>
		<relation>=</relation>
	</Cell>
</map>
<map>
	<Cell>
		<entity1 rdf:resource="http://cmt#hasConferenceMember"/>
		<entity2 rdf:resource="http://micro#hasMembers"/>
		<measure rdf:datatype="xsd:float">0.2699</measure>
		<relation>=</relation>
	</Cell>
</map>
<map>
	<Cell>
		<entity1 rdf:resource="http://cmt#Co-author"/>
		<entity2 rdf:resource="http://micro#Author"/>
		<measure rdf:datatype="xsd:float">0.52</measure>
		<relation>=</relation>
	</Cell>
</map>
<map>
	<Cell>
		<entity1 rdf:resource="http://cmt#email"/>
		<entity2 rdf:resource="http://micro#worksForCompany"/>
		<measure rdf:datatype="xsd:float">0.5</measure>
		<relation>=</relation>
	</Cell>
</map>
<map>
	<Cell>
		<entity1 rdf:resource="http://cmt#writeReview"/>
		<entity2 rdf:resource="http://micro#executes"/>
		<measure rdf:datatype="xsd:float">0.3262</measure>
		<relation>=</relation>
	</Cell>
</map>
<map>
	<Cell>
		<entity1 rdf:resource="http://cmt#logoURL"/>
		<entity2 rdf:resource="http://micro#annualOrder"/>
		<measure rdf:datatype="xsd:float">0.5</measure>
		<relation>=</relation>
	</Cell>
</map>
<map>
	<Cell>
		<entity1 rdf:resource="http://cmt#Conference"/>
		<entity2 rdf:resource="http://micro#Conference"/>
		<measure rdf:datatype="xsd:float">0.4942</measure>
		<relation>=</relation>
	</Cell>
</map>
<map>
	<Cell>
		<entity1 rdf:resource="http://cmt#Person"/>
		<entity2 rdf:resource="http://micro#Person"/>
		<measure rdf:datatype="xsd:float">0.5619</measure>
		<relation>=</relation>
	</Cell>
</map>
<map>
	<Cell>
		<entity1 rdf:resource="http://cmt#Reviewer"/>
		<entity2 rdf:resource="http://micro#Reviewer"/>
		<measure rdf:datatype="xsd:float">0.6987</measure>
		<relation>=</relation>
	</Cell>
</map>
<map>
	<Cell>
		<entity1 rdf:resource="http://cmt#reviewsPerPaper"/>
		<entity2 rdf:resource="http://micro#takesPlace"/>
		<measure rdf:datatype="xsd:float">0.5</measure>
		<relation>=</relation>
	</Cell>
</map>
<map>
	<Cell>
		<entity1 rdf:resource="http://cmt#writtenBy"/>
		<entity2 rdf:resource="http://micro#isExecutedBy"/>
		<measure rdf:datatype="xsd:float">0.3591</measure>
		<relation>=</relation>
	</Cell>
</map>
<map>
	<Cell>
		<entity1 rdf:resource="http://cmt#ProgramCommitteeMember"/>
		<entity2 rdf:resource="http://micro#CommitteeMember"/>
		<measure rdf:datatype="xsd:float">0.2922</measure>
		<relation>=</relation>
	</Cell>
</map>

</Alignment>
</rdf:RDF>
