<?xml version="1.0" encoding="utf-8"?>
<rdf:RDF xmlns="http://knowledgeweb.semanticweb.org/heterogeneity/alignment" 
	 xmlns:rdf="http://www.w3.org/1999/02/22-rdf-syntax-ns#" 
	 xmlns:xsd="http://www.w3.org/2001/XMLSchema#">

<Alignment>
<xml>yes</xml>
<level>0</level>
<type>??</type>

<map>
	<Cell>
		<entity1 rdf:resource="http://confious#article"/>
		<entity2 rdf:resource="http://pcs#DOCUMENT"/>
		<measure rdf:datatype="xsd:float">0.2835</measure>
		<relation>=</relation>
	</Cell>
</map>
<map>
	<Cell>
		<entity1 rdf:resource="http://confious#Rejected_Paper"/>
		<entity2 rdf:resource="http://pcs#Rejected_paper"/>
		<measure rdf:datatype="xsd:float">0.7686</measure>
		<relation>=</relation>
	</Cell>
</map>
<map>
	<Cell>
		<entity1 rdf:resource="http://confious#is_concerned_review"/>
		<entity2 rdf:resource="http://pcs#write_review"/>
		<measure rdf:datatype="xsd:float">0.6122</measure>
		<relation>=</relation>
	</Cell>
</map>
<map>
	<Cell>
		<entity1 rdf:resource="http://confious#includes_topic"/>
		<entity2 rdf:resource="http://pcs#Topic_of_conference"/>
		<measure rdf:datatype="xsd:float">0.2646</measure>
		<relation>=</relation>
	</Cell>
</map>
<map>
	<Cell>
		<entity1 rdf:resource="http://confious#Accepted_Paper"/>
		<entity2 rdf:resource="http://pcs#Accepted_paper"/>
		<measure rdf:datatype="xsd:float">0.5938</measure>
		<relation>=</relation>
	</Cell>
</map>
<map>
	<Cell>
		<entity1 rdf:resource="http://confious#sets_date"/>
		<entity2 rdf:resource="http://pcs#Date"/>
		<measure rdf:datatype="xsd:float">0.3266</measure>
		<relation>=</relation>
	</Cell>
</map>
<map>
	<Cell>
		<entity1 rdf:resource="http://confious#conference"/>
		<entity2 rdf:resource="http://pcs#Conference"/>
		<measure rdf:datatype="xsd:float">0.5013</measure>
		<relation>=</relation>
	</Cell>
</map>
<map>
	<Cell>
		<entity1 rdf:resource="http://confious#review"/>
		<entity2 rdf:resource="http://pcs#Review"/>
		<measure rdf:datatype="xsd:float">0.5532</measure>
		<relation>=</relation>
	</Cell>
</map>
<map>
	<Cell>
		<entity1 rdf:resource="http://confious#is_concerned_conference"/>
		<entity2 rdf:resource="http://pcs#member_of_conference"/>
		<measure rdf:datatype="xsd:float">0.2979</measure>
		<relation>=</relation>
	</Cell>
</map>
<map>
	<Cell>
		<entity1 rdf:resource="http://confious#last_name"/>
		<entity2 rdf:resource="http://pcs#NAME"/>
		<measure rdf:datatype="xsd:float">0.565</measure>
		<relation>=</relation>
	</Cell>
</map>
<map>
	<Cell>
		<entity1 rdf:resource="http://confious#human"/>
		<entity2 rdf:resource="http://pcs#PERSON"/>
		<measure rdf:datatype="xsd:float">0.4922</measure>
		<relation>=</relation>
	</Cell>
</map>
<map>
	<Cell>
		<entity1 rdf:resource="http://confious#paper"/>
		<entity2 rdf:resource="http://pcs#Paper"/>
		<measure rdf:datatype="xsd:float">0.6062</measure>
		<relation>=</relation>
	</Cell>
</map>
<map>
	<Cell>
		<entity1 rdf:resource="http://confious#e-mail"/>
		<entity2 rdf:resource="http://pcs#E-mail"/>
		<measure rdf:datatype="xsd:float">0.578</measure>
		<relation>=</relation>
	</Cell>
</map>
<map>
	<Cell>
		<entity1 rdf:resource="http://confious#Program_Committee_member"/>
		<entity2 rdf:resource="http://pcs#CommitteeMember"/>
		<measure rdf:datatype="xsd:float">0.2558</measure>
		<relation>=</relation>
	</Cell>
</map>
<map>
	<Cell>
		<entity1 rdf:resource="http://confious#full_paper_size"/>
		<entity2 rdf:resource="http://pcs#Summary"/>
		<measure rdf:datatype="xsd:float">0.5</measure>
		<relation>=</relation>
	</Cell>
</map>
<map>
	<Cell>
		<entity1 rdf:resource="http://confious#assign_paper"/>
		<entity2 rdf:resource="http://pcs#rejected_paper_by"/>
		<measure rdf:datatype="xsd:float">0.2585</measure>
		<relation>=</relation>
	</Cell>
</map>

</Alignment>
</rdf:RDF>
