<?xml version="1.0" encoding="utf-8"?>
<rdf:RDF xmlns="http://knowledgeweb.semanticweb.org/heterogeneity/alignment" 
	 xmlns:rdf="http://www.w3.org/1999/02/22-rdf-syntax-ns#" 
	 xmlns:xsd="http://www.w3.org/2001/XMLSchema#">

<Alignment>
<xml>yes</xml>
<level>0</level>
<type>??</type>

<map>
	<Cell>
		<entity1 rdf:resource="http://conference#Invited_speaker"/>
		<entity2 rdf:resource="http://sigkdd#Invited_Speaker"/>
		<measure rdf:datatype="xsd:float">0.5373</measure>
		<relation>=</relation>
	</Cell>
</map>
<map>
	<Cell>
		<entity1 rdf:resource="http://conference#has_a_name"/>
		<entity2 rdf:resource="http://sigkdd#Name_of_conference"/>
		<measure rdf:datatype="xsd:float">0.5213</measure>
		<relation>=</relation>
	</Cell>
</map>
<map>
	<Cell>
		<entity1 rdf:resource="http://conference#Review"/>
		<entity2 rdf:resource="http://sigkdd#Review"/>
		<measure rdf:datatype="xsd:float">0.3131</measure>
		<relation>=</relation>
	</Cell>
</map>
<map>
	<Cell>
		<entity1 rdf:resource="http://conference#Program_committee"/>
		<entity2 rdf:resource="http://sigkdd#Program_Committee"/>
		<measure rdf:datatype="xsd:float">0.645</measure>
		<relation>=</relation>
	</Cell>
</map>
<map>
	<Cell>
		<entity1 rdf:resource="http://conference#has_the_last_name"/>
		<entity2 rdf:resource="http://sigkdd#Name"/>
		<measure rdf:datatype="xsd:float">0.707</measure>
		<relation>=</relation>
	</Cell>
</map>
<map>
	<Cell>
		<entity1 rdf:resource="http://conference#Conference_fees"/>
		<entity2 rdf:resource="http://sigkdd#Fee"/>
		<measure rdf:datatype="xsd:float">0.3129</measure>
		<relation>=</relation>
	</Cell>
</map>
<map>
	<Cell>
		<entity1 rdf:resource="http://conference#gives_presentations"/>
		<entity2 rdf:resource="http://sigkdd#presentationed_by"/>
		<measure rdf:datatype="xsd:float">0.6553</measure>
		<relation>=</relation>
	</Cell>
</map>
<map>
	<Cell>
		<entity1 rdf:resource="http://conference#Organizing_committee"/>
		<entity2 rdf:resource="http://sigkdd#Organizing_Committee"/>
		<measure rdf:datatype="xsd:float">0.6442</measure>
		<relation>=</relation>
	</Cell>
</map>
<map>
	<Cell>
		<entity1 rdf:resource="http://conference#is_submitted_at"/>
		<entity2 rdf:resource="http://sigkdd#submit"/>
		<measure rdf:datatype="xsd:float">0.5</measure>
		<relation>=</relation>
	</Cell>
</map>
<map>
	<Cell>
		<entity1 rdf:resource="http://conference#contributes"/>
		<entity2 rdf:resource="http://sigkdd#pay"/>
		<measure rdf:datatype="xsd:float">0.2948</measure>
		<relation>=</relation>
	</Cell>
</map>
<map>
	<Cell>
		<entity1 rdf:resource="http://conference#is_given_by"/>
		<entity2 rdf:resource="http://sigkdd#presentation"/>
		<measure rdf:datatype="xsd:float">0.4286</measure>
		<relation>=</relation>
	</Cell>
</map>
<map>
	<Cell>
		<entity1 rdf:resource="http://conference#Person"/>
		<entity2 rdf:resource="http://sigkdd#Person"/>
		<measure rdf:datatype="xsd:float">0.5303</measure>
		<relation>=</relation>
	</Cell>
</map>
<map>
	<Cell>
		<entity1 rdf:resource="http://conference#Committee"/>
		<entity2 rdf:resource="http://sigkdd#Committee"/>
		<measure rdf:datatype="xsd:float">0.6917</measure>
		<relation>=</relation>
	</Cell>
</map>
<map>
	<Cell>
		<entity1 rdf:resource="http://conference#Conference"/>
		<entity2 rdf:resource="http://sigkdd#Conference"/>
		<measure rdf:datatype="xsd:float">0.2812</measure>
		<relation>=</relation>
	</Cell>
</map>
<map>
	<Cell>
		<entity1 rdf:resource="http://conference#has_authors"/>
		<entity2 rdf:resource="http://sigkdd#payed_by"/>
		<measure rdf:datatype="xsd:float">0.364</measure>
		<relation>=</relation>
	</Cell>
</map>
<map>
	<Cell>
		<entity1 rdf:resource="http://conference#Presentation"/>
		<entity2 rdf:resource="http://sigkdd#Speaker"/>
		<measure rdf:datatype="xsd:float">0.3944</measure>
		<relation>=</relation>
	</Cell>
</map>
<map>
	<Cell>
		<entity1 rdf:resource="http://conference#Conference_document"/>
		<entity2 rdf:resource="http://sigkdd#Registration_fee"/>
		<measure rdf:datatype="xsd:float">0.334</measure>
		<relation>=</relation>
	</Cell>
</map>

</Alignment>
</rdf:RDF>
