<?xml version="1.0" encoding="utf-8"?>
<rdf:RDF xmlns="http://knowledgeweb.semanticweb.org/heterogeneity/alignment" 
	 xmlns:rdf="http://www.w3.org/1999/02/22-rdf-syntax-ns#" 
	 xmlns:xsd="http://www.w3.org/2001/XMLSchema#">

<Alignment>
<xml>yes</xml>
<level>0</level>
<type>??</type>

<map>
	<Cell>
		<entity1 rdf:resource="http://openconf#is_member_of"/>
		<entity2 rdf:resource="http://paperdyne#memberOf"/>
		<measure rdf:datatype="xsd:float">0.5</measure>
		<relation>=</relation>
	</Cell>
</map>
<map>
	<Cell>
		<entity1 rdf:resource="http://openconf#Organisation"/>
		<entity2 rdf:resource="http://paperdyne#organises"/>
		<measure rdf:datatype="xsd:float">0.5</measure>
		<relation>=</relation>
	</Cell>
</map>
<map>
	<Cell>
		<entity1 rdf:resource="http://openconf#Reviewer"/>
		<entity2 rdf:resource="http://paperdyne#Reviewer"/>
		<measure rdf:datatype="xsd:float">0.3073</measure>
		<relation>=</relation>
	</Cell>
</map>
<map>
	<Cell>
		<entity1 rdf:resource="http://openconf#Reviewed_Paper"/>
		<entity2 rdf:resource="http://paperdyne#Review"/>
		<measure rdf:datatype="xsd:float">0.2727</measure>
		<relation>=</relation>
	</Cell>
</map>
<map>
	<Cell>
		<entity1 rdf:resource="http://openconf#writes_Paper"/>
		<entity2 rdf:resource="http://paperdyne#changes"/>
		<measure rdf:datatype="xsd:float">0.3462</measure>
		<relation>=</relation>
	</Cell>
</map>
<map>
	<Cell>
		<entity1 rdf:resource="http://openconf#is_written_by"/>
		<entity2 rdf:resource="http://paperdyne#changedBy"/>
		<measure rdf:datatype="xsd:float">0.4614</measure>
		<relation>=</relation>
	</Cell>
</map>
<map>
	<Cell>
		<entity1 rdf:resource="http://openconf#Author"/>
		<entity2 rdf:resource="http://paperdyne#Author"/>
		<measure rdf:datatype="xsd:float">0.5005</measure>
		<relation>=</relation>
	</Cell>
</map>
<map>
	<Cell>
		<entity1 rdf:resource="http://openconf#Paper_File"/>
		<entity2 rdf:resource="http://paperdyne#Paper_File"/>
		<measure rdf:datatype="xsd:float">0.2702</measure>
		<relation>=</relation>
	</Cell>
</map>
<map>
	<Cell>
		<entity1 rdf:resource="http://openconf#has_member"/>
		<entity2 rdf:resource="http://paperdyne#hasMembers"/>
		<measure rdf:datatype="xsd:float">0.5</measure>
		<relation>=</relation>
	</Cell>
</map>
<map>
	<Cell>
		<entity1 rdf:resource="http://openconf#has_made_review"/>
		<entity2 rdf:resource="http://paperdyne#reviews"/>
		<measure rdf:datatype="xsd:float">0.6832</measure>
		<relation>=</relation>
	</Cell>
</map>
<map>
	<Cell>
		<entity1 rdf:resource="http://openconf#has_Review"/>
		<entity2 rdf:resource="http://paperdyne#reviewedBy"/>
		<measure rdf:datatype="xsd:float">0.7566</measure>
		<relation>=</relation>
	</Cell>
</map>
<map>
	<Cell>
		<entity1 rdf:resource="http://openconf#Paper"/>
		<entity2 rdf:resource="http://paperdyne#Contribution"/>
		<measure rdf:datatype="xsd:float">0.3824</measure>
		<relation>=</relation>
	</Cell>
</map>
<map>
	<Cell>
		<entity1 rdf:resource="http://openconf#is_Type"/>
		<entity2 rdf:resource="http://paperdyne#isTypeOf"/>
		<measure rdf:datatype="xsd:float">0.2802</measure>
		<relation>=</relation>
	</Cell>
</map>
<map>
	<Cell>
		<entity1 rdf:resource="http://openconf#made_program"/>
		<entity2 rdf:resource="http://paperdyne#starts"/>
		<measure rdf:datatype="xsd:float">0.2562</measure>
		<relation>=</relation>
	</Cell>
</map>
<map>
	<Cell>
		<entity1 rdf:resource="http://openconf#Program_made_by"/>
		<entity2 rdf:resource="http://paperdyne#startedBy"/>
		<measure rdf:datatype="xsd:float">0.2584</measure>
		<relation>=</relation>
	</Cell>
</map>
<map>
	<Cell>
		<entity1 rdf:resource="http://openconf#Name"/>
		<entity2 rdf:resource="http://paperdyne#hasName"/>
		<measure rdf:datatype="xsd:float">0.2871</measure>
		<relation>=</relation>
	</Cell>
</map>

</Alignment>
</rdf:RDF>
