<?xml version="1.0" encoding="utf-8"?>
<rdf:RDF xmlns="http://knowledgeweb.semanticweb.org/heterogeneity/alignment" 
	 xmlns:rdf="http://www.w3.org/1999/02/22-rdf-syntax-ns#" 
	 xmlns:xsd="http://www.w3.org/2001/XMLSchema#">

<Alignment>
<xml>yes</xml>
<level>0</level>
<type>??</type>

<map>
	<Cell>
		<entity1 rdf:resource="http://cocus#Assistance"/>
		<entity2 rdf:resource="http://confOf#Assistant"/>
		<measure rdf:datatype="xsd:float">0.5373</measure>
		<relation>=</relation>
	</Cell>
</map>
<map>
	<Cell>
		<entity1 rdf:resource="http://cocus#Submission"/>
		<entity2 rdf:resource="http://confOf#Submission_event"/>
		<measure rdf:datatype="xsd:float">0.2906</measure>
		<relation>=</relation>
	</Cell>
</map>
<map>
	<Cell>
		<entity1 rdf:resource="http://cocus#remove"/>
		<entity2 rdf:resource="http://confOf#writes"/>
		<measure rdf:datatype="xsd:float">0.3753</measure>
		<relation>=</relation>
	</Cell>
</map>
<map>
	<Cell>
		<entity1 rdf:resource="http://cocus#Workshop"/>
		<entity2 rdf:resource="http://confOf#Workshop"/>
		<measure rdf:datatype="xsd:float">0.6201</measure>
		<relation>=</relation>
	</Cell>
</map>
<map>
	<Cell>
		<entity1 rdf:resource="http://cocus#Short_Paper"/>
		<entity2 rdf:resource="http://confOf#Short_paper"/>
		<measure rdf:datatype="xsd:float">0.5797</measure>
		<relation>=</relation>
	</Cell>
</map>
<map>
	<Cell>
		<entity1 rdf:resource="http://cocus#Document"/>
		<entity2 rdf:resource="http://confOf#Contribution"/>
		<measure rdf:datatype="xsd:float">0.3256</measure>
		<relation>=</relation>
	</Cell>
</map>
<map>
	<Cell>
		<entity1 rdf:resource="http://cocus#Event"/>
		<entity2 rdf:resource="http://confOf#Working_event"/>
		<measure rdf:datatype="xsd:float">0.3889</measure>
		<relation>=</relation>
	</Cell>
</map>
<map>
	<Cell>
		<entity1 rdf:resource="http://cocus#Paper"/>
		<entity2 rdf:resource="http://confOf#Paper"/>
		<measure rdf:datatype="xsd:float">0.3125</measure>
		<relation>=</relation>
	</Cell>
</map>
<map>
	<Cell>
		<entity1 rdf:resource="http://cocus#Preview"/>
		<entity2 rdf:resource="http://confOf#Reviewing_event"/>
		<measure rdf:datatype="xsd:float">0.5235</measure>
		<relation>=</relation>
	</Cell>
</map>
<map>
	<Cell>
		<entity1 rdf:resource="http://cocus#removed_by"/>
		<entity2 rdf:resource="http://confOf#writtenBy"/>
		<measure rdf:datatype="xsd:float">0.3346</measure>
		<relation>=</relation>
	</Cell>
</map>
<map>
	<Cell>
		<entity1 rdf:resource="http://cocus#Conference"/>
		<entity2 rdf:resource="http://confOf#Conference"/>
		<measure rdf:datatype="xsd:float">0.6201</measure>
		<relation>=</relation>
	</Cell>
</map>
<map>
	<Cell>
		<entity1 rdf:resource="http://cocus#Registration"/>
		<entity2 rdf:resource="http://confOf#Registration_of_participants_event"/>
		<measure rdf:datatype="xsd:float">0.2832</measure>
		<relation>=</relation>
	</Cell>
</map>

</Alignment>
</rdf:RDF>
