<?xml version="1.0" encoding="utf-8"?>
<rdf:RDF xmlns="http://knowledgeweb.semanticweb.org/heterogeneity/alignment" 
	 xmlns:rdf="http://www.w3.org/1999/02/22-rdf-syntax-ns#" 
	 xmlns:xsd="http://www.w3.org/2001/XMLSchema#">

<Alignment>
<xml>yes</xml>
<level>0</level>
<type>??</type>

<map>
	<Cell>
		<entity1 rdf:resource="http://edas#Place"/>
		<entity2 rdf:resource="http://iasted#Place"/>
		<measure rdf:datatype="xsd:float">0.3291</measure>
		<relation>=</relation>
	</Cell>
</map>
<map>
	<Cell>
		<entity1 rdf:resource="http://edas#SessionChair"/>
		<entity2 rdf:resource="http://iasted#Session_chair"/>
		<measure rdf:datatype="xsd:float">0.3017</measure>
		<relation>=</relation>
	</Cell>
</map>
<map>
	<Cell>
		<entity1 rdf:resource="http://edas#ConferenceSession"/>
		<entity2 rdf:resource="http://iasted#Session"/>
		<measure rdf:datatype="xsd:float">0.3532</measure>
		<relation>=</relation>
	</Cell>
</map>
<map>
	<Cell>
		<entity1 rdf:resource="http://edas#Attendee"/>
		<entity2 rdf:resource="http://iasted#Record_of_attendance"/>
		<measure rdf:datatype="xsd:float">0.2838</measure>
		<relation>=</relation>
	</Cell>
</map>
<map>
	<Cell>
		<entity1 rdf:resource="http://edas#Author"/>
		<entity2 rdf:resource="http://iasted#Author"/>
		<measure rdf:datatype="xsd:float">0.3218</measure>
		<relation>=</relation>
	</Cell>
</map>
<map>
	<Cell>
		<entity1 rdf:resource="http://edas#ComputerNetworksTopic"/>
		<entity2 rdf:resource="http://iasted#Computer"/>
		<measure rdf:datatype="xsd:float">0.2567</measure>
		<relation>=</relation>
	</Cell>
</map>
<map>
	<Cell>
		<entity1 rdf:resource="http://edas#Document"/>
		<entity2 rdf:resource="http://iasted#Document"/>
		<measure rdf:datatype="xsd:float">0.3263</measure>
		<relation>=</relation>
	</Cell>
</map>
<map>
	<Cell>
		<entity1 rdf:resource="http://edas#hasBiography"/>
		<entity2 rdf:resource="http://iasted#give"/>
		<measure rdf:datatype="xsd:float">0.5</measure>
		<relation>=</relation>
	</Cell>
</map>
<map>
	<Cell>
		<entity1 rdf:resource="http://edas#Reviewer"/>
		<entity2 rdf:resource="http://iasted#Reviewer"/>
		<measure rdf:datatype="xsd:float">0.2704</measure>
		<relation>=</relation>
	</Cell>
</map>
<map>
	<Cell>
		<entity1 rdf:resource="http://edas#ReviewForm"/>
		<entity2 rdf:resource="http://iasted#Form"/>
		<measure rdf:datatype="xsd:float">0.3393</measure>
		<relation>=</relation>
	</Cell>
</map>
<map>
	<Cell>
		<entity1 rdf:resource="http://edas#ConferenceDinner"/>
		<entity2 rdf:resource="http://iasted#Dinner_banquet"/>
		<measure rdf:datatype="xsd:float">0.2579</measure>
		<relation>=</relation>
	</Cell>
</map>
<map>
	<Cell>
		<entity1 rdf:resource="http://edas#hasFirstName"/>
		<entity2 rdf:resource="http://iasted#speak_in"/>
		<measure rdf:datatype="xsd:float">0.5</measure>
		<relation>=</relation>
	</Cell>
</map>
<map>
	<Cell>
		<entity1 rdf:resource="http://edas#SocialEvent"/>
		<entity2 rdf:resource="http://iasted#Social_program"/>
		<measure rdf:datatype="xsd:float">0.2626</measure>
		<relation>=</relation>
	</Cell>
</map>
<map>
	<Cell>
		<entity1 rdf:resource="http://edas#CoffeeBreak"/>
		<entity2 rdf:resource="http://iasted#Coffee_break"/>
		<measure rdf:datatype="xsd:float">0.5977</measure>
		<relation>=</relation>
	</Cell>
</map>
<map>
	<Cell>
		<entity1 rdf:resource="http://edas#AcademicEvent"/>
		<entity2 rdf:resource="http://iasted#Speaker"/>
		<measure rdf:datatype="xsd:float">0.2644</measure>
		<relation>=</relation>
	</Cell>
</map>
<map>
	<Cell>
		<entity1 rdf:resource="http://edas#isWrittenBy"/>
		<entity2 rdf:resource="http://iasted#is_writen_by"/>
		<measure rdf:datatype="xsd:float">0.5</measure>
		<relation>=</relation>
	</Cell>
</map>
<map>
	<Cell>
		<entity1 rdf:resource="http://edas#NonAcademicEvent"/>
		<entity2 rdf:resource="http://iasted#Non_speaker"/>
		<measure rdf:datatype="xsd:float">0.4452</measure>
		<relation>=</relation>
	</Cell>
</map>
<map>
	<Cell>
		<entity1 rdf:resource="http://edas#TPCMember"/>
		<entity2 rdf:resource="http://iasted#IASTED_member"/>
		<measure rdf:datatype="xsd:float">0.262</measure>
		<relation>=</relation>
	</Cell>
</map>
<map>
	<Cell>
		<entity1 rdf:resource="http://edas#Person"/>
		<entity2 rdf:resource="http://iasted#Person"/>
		<measure rdf:datatype="xsd:float">0.3523</measure>
		<relation>=</relation>
	</Cell>
</map>
<map>
	<Cell>
		<entity1 rdf:resource="http://edas#Review"/>
		<entity2 rdf:resource="http://iasted#Review"/>
		<measure rdf:datatype="xsd:float">0.6734</measure>
		<relation>=</relation>
	</Cell>
</map>
<map>
	<Cell>
		<entity1 rdf:resource="http://edas#Reception"/>
		<entity2 rdf:resource="http://iasted#Coctail_reception"/>
		<measure rdf:datatype="xsd:float">0.2929</measure>
		<relation>=</relation>
	</Cell>
</map>
<map>
	<Cell>
		<entity1 rdf:resource="http://edas#Presenter"/>
		<entity2 rdf:resource="http://iasted#Presentation"/>
		<measure rdf:datatype="xsd:float">0.5833</measure>
		<relation>=</relation>
	</Cell>
</map>
<map>
	<Cell>
		<entity1 rdf:resource="http://edas#PersonalPublicationHistory"/>
		<entity2 rdf:resource="http://iasted#Publication"/>
		<measure rdf:datatype="xsd:float">0.2718</measure>
		<relation>=</relation>
	</Cell>
</map>
<map>
	<Cell>
		<entity1 rdf:resource="http://edas#hasLastName"/>
		<entity2 rdf:resource="http://iasted#is_present_in"/>
		<measure rdf:datatype="xsd:float">0.5</measure>
		<relation>=</relation>
	</Cell>
</map>

</Alignment>
</rdf:RDF>
