<?xml version="1.0" encoding="utf-8"?>
<rdf:RDF xmlns="http://knowledgeweb.semanticweb.org/heterogeneity/alignment" 
	 xmlns:rdf="http://www.w3.org/1999/02/22-rdf-syntax-ns#" 
	 xmlns:xsd="http://www.w3.org/2001/XMLSchema#">

<Alignment>
<xml>yes</xml>
<level>0</level>
<type>??</type>

<map>
	<Cell>
		<entity1 rdf:resource="http://cmt#hasCo-author"/>
		<entity2 rdf:resource="http://confious#has_author"/>
		<measure rdf:datatype="xsd:float">0.2721</measure>
		<relation>=</relation>
	</Cell>
</map>
<map>
	<Cell>
		<entity1 rdf:resource="http://cmt#Bid"/>
		<entity2 rdf:resource="http://confious#bidding_of_reviewer"/>
		<measure rdf:datatype="xsd:float">0.2515</measure>
		<relation>=</relation>
	</Cell>
</map>
<map>
	<Cell>
		<entity1 rdf:resource="http://cmt#paperID"/>
		<entity2 rdf:resource="http://confious#full_paper_size"/>
		<measure rdf:datatype="xsd:float">0.5438</measure>
		<relation>=</relation>
	</Cell>
</map>
<map>
	<Cell>
		<entity1 rdf:resource="http://cmt#ProgramCommitteeChair"/>
		<entity2 rdf:resource="http://confious#Program_Committee_Chair"/>
		<measure rdf:datatype="xsd:float">0.286</measure>
		<relation>=</relation>
	</Cell>
</map>
<map>
	<Cell>
		<entity1 rdf:resource="http://cmt#Acceptance"/>
		<entity2 rdf:resource="http://confious#Accepted_Paper"/>
		<measure rdf:datatype="xsd:float">0.6207</measure>
		<relation>=</relation>
	</Cell>
</map>
<map>
	<Cell>
		<entity1 rdf:resource="http://cmt#Author"/>
		<entity2 rdf:resource="http://confious#article"/>
		<measure rdf:datatype="xsd:float">0.4249</measure>
		<relation>=</relation>
	</Cell>
</map>
<map>
	<Cell>
		<entity1 rdf:resource="http://cmt#PaperAbstract"/>
		<entity2 rdf:resource="http://confious#abstract_of_paper"/>
		<measure rdf:datatype="xsd:float">0.7205</measure>
		<relation>=</relation>
	</Cell>
</map>
<map>
	<Cell>
		<entity1 rdf:resource="http://cmt#Rejection"/>
		<entity2 rdf:resource="http://confious#Rejected_Paper"/>
		<measure rdf:datatype="xsd:float">0.5949</measure>
		<relation>=</relation>
	</Cell>
</map>
<map>
	<Cell>
		<entity1 rdf:resource="http://cmt#Review"/>
		<entity2 rdf:resource="http://confious#review"/>
		<measure rdf:datatype="xsd:float">0.5199</measure>
		<relation>=</relation>
	</Cell>
</map>
<map>
	<Cell>
		<entity1 rdf:resource="http://cmt#Paper"/>
		<entity2 rdf:resource="http://confious#paper"/>
		<measure rdf:datatype="xsd:float">0.5176</measure>
		<relation>=</relation>
	</Cell>
</map>
<map>
	<Cell>
		<entity1 rdf:resource="http://cmt#ProgramCommitteeMember"/>
		<entity2 rdf:resource="http://confious#Program_Committee_member"/>
		<measure rdf:datatype="xsd:float">0.2851</measure>
		<relation>=</relation>
	</Cell>
</map>
<map>
	<Cell>
		<entity1 rdf:resource="http://cmt#name"/>
		<entity2 rdf:resource="http://confious#last_name"/>
		<measure rdf:datatype="xsd:float">0.5</measure>
		<relation>=</relation>
	</Cell>
</map>
<map>
	<Cell>
		<entity1 rdf:resource="http://cmt#hasAuthor"/>
		<entity2 rdf:resource="http://confious#is_author_of"/>
		<measure rdf:datatype="xsd:float">0.5086</measure>
		<relation>=</relation>
	</Cell>
</map>
<map>
	<Cell>
		<entity1 rdf:resource="http://cmt#Conference"/>
		<entity2 rdf:resource="http://confious#conference"/>
		<measure rdf:datatype="xsd:float">0.2901</measure>
		<relation>=</relation>
	</Cell>
</map>

</Alignment>
</rdf:RDF>
