<?xml version="1.0" encoding="utf-8"?>
<rdf:RDF xmlns="http://knowledgeweb.semanticweb.org/heterogeneity/alignment" 
	 xmlns:rdf="http://www.w3.org/1999/02/22-rdf-syntax-ns#" 
	 xmlns:xsd="http://www.w3.org/2001/XMLSchema#">

<Alignment>
<xml>yes</xml>
<level>0</level>
<type>??</type>

<map>
	<Cell>
		<entity1 rdf:resource="http://confOf#Administrator"/>
		<entity2 rdf:resource="http://myreview#Administrator"/>
		<measure rdf:datatype="xsd:float">0.2714</measure>
		<relation>=</relation>
	</Cell>
</map>
<map>
	<Cell>
		<entity1 rdf:resource="http://confOf#hasEmail"/>
		<entity2 rdf:resource="http://myreview#hasEmail"/>
		<measure rdf:datatype="xsd:float">0.8545</measure>
		<relation>=</relation>
	</Cell>
</map>
<map>
	<Cell>
		<entity1 rdf:resource="http://confOf#writtenBy"/>
		<entity2 rdf:resource="http://myreview#isWritenBy"/>
		<measure rdf:datatype="xsd:float">0.2712</measure>
		<relation>=</relation>
	</Cell>
</map>
<map>
	<Cell>
		<entity1 rdf:resource="http://confOf#hasPhone"/>
		<entity2 rdf:resource="http://myreview#hasPhone"/>
		<measure rdf:datatype="xsd:float">0.272</measure>
		<relation>=</relation>
	</Cell>
</map>
<map>
	<Cell>
		<entity1 rdf:resource="http://confOf#Conference"/>
		<entity2 rdf:resource="http://myreview#Conference"/>
		<measure rdf:datatype="xsd:float">0.2831</measure>
		<relation>=</relation>
	</Cell>
</map>
<map>
	<Cell>
		<entity1 rdf:resource="http://confOf#Person"/>
		<entity2 rdf:resource="http://myreview#Person"/>
		<measure rdf:datatype="xsd:float">0.5241</measure>
		<relation>=</relation>
	</Cell>
</map>
<map>
	<Cell>
		<entity1 rdf:resource="http://confOf#ends_on"/>
		<entity2 rdf:resource="http://myreview#endsAt"/>
		<measure rdf:datatype="xsd:float">0.2712</measure>
		<relation>=</relation>
	</Cell>
</map>
<map>
	<Cell>
		<entity1 rdf:resource="http://confOf#Author"/>
		<entity2 rdf:resource="http://myreview#Author"/>
		<measure rdf:datatype="xsd:float">0.319</measure>
		<relation>=</relation>
	</Cell>
</map>
<map>
	<Cell>
		<entity1 rdf:resource="http://confOf#Administrative_event"/>
		<entity2 rdf:resource="http://myreview#ProgramCommitteeMember"/>
		<measure rdf:datatype="xsd:float">0.2557</measure>
		<relation>=</relation>
	</Cell>
</map>
<map>
	<Cell>
		<entity1 rdf:resource="http://confOf#writes"/>
		<entity2 rdf:resource="http://myreview#writePaper"/>
		<measure rdf:datatype="xsd:float">0.5924</measure>
		<relation>=</relation>
	</Cell>
</map>
<map>
	<Cell>
		<entity1 rdf:resource="http://confOf#has_title"/>
		<entity2 rdf:resource="http://myreview#hasTitle"/>
		<measure rdf:datatype="xsd:float">0.2659</measure>
		<relation>=</relation>
	</Cell>
</map>
<map>
	<Cell>
		<entity1 rdf:resource="http://confOf#abstract"/>
		<entity2 rdf:resource="http://myreview#isAbstractOf"/>
		<measure rdf:datatype="xsd:float">0.2613</measure>
		<relation>=</relation>
	</Cell>
</map>
<map>
	<Cell>
		<entity1 rdf:resource="http://confOf#hasFirstName"/>
		<entity2 rdf:resource="http://myreview#hasFirstName"/>
		<measure rdf:datatype="xsd:float">0.8669</measure>
		<relation>=</relation>
	</Cell>
</map>
<map>
	<Cell>
		<entity1 rdf:resource="http://confOf#Social_event"/>
		<entity2 rdf:resource="http://myreview#ExternalReviewer"/>
		<measure rdf:datatype="xsd:float">0.3529</measure>
		<relation>=</relation>
	</Cell>
</map>

</Alignment>
</rdf:RDF>
