<?xml version="1.0" encoding="utf-8"?>
<rdf:RDF xmlns="http://knowledgeweb.semanticweb.org/heterogeneity/alignment" 
	 xmlns:rdf="http://www.w3.org/1999/02/22-rdf-syntax-ns#" 
	 xmlns:xsd="http://www.w3.org/2001/XMLSchema#">

<Alignment>
<xml>yes</xml>
<level>0</level>
<type>??</type>

<map>
	<Cell>
		<entity1 rdf:resource="http://edas#OrganizationalMeeting"/>
		<entity2 rdf:resource="http://sigkdd#Organizator"/>
		<measure rdf:datatype="xsd:float">0.2539</measure>
		<relation>=</relation>
	</Cell>
</map>
<map>
	<Cell>
		<entity1 rdf:resource="http://edas#ConferenceChair"/>
		<entity2 rdf:resource="http://sigkdd#Program_Chair"/>
		<measure rdf:datatype="xsd:float">0.2931</measure>
		<relation>=</relation>
	</Cell>
</map>
<map>
	<Cell>
		<entity1 rdf:resource="http://edas#Place"/>
		<entity2 rdf:resource="http://sigkdd#Place"/>
		<measure rdf:datatype="xsd:float">0.2931</measure>
		<relation>=</relation>
	</Cell>
</map>
<map>
	<Cell>
		<entity1 rdf:resource="http://edas#hasLastName"/>
		<entity2 rdf:resource="http://sigkdd#Name"/>
		<measure rdf:datatype="xsd:float">0.6707</measure>
		<relation>=</relation>
	</Cell>
</map>
<map>
	<Cell>
		<entity1 rdf:resource="http://edas#hasRelatedDocument"/>
		<entity2 rdf:resource="http://sigkdd#presentation"/>
		<measure rdf:datatype="xsd:float">0.5809</measure>
		<relation>=</relation>
	</Cell>
</map>
<map>
	<Cell>
		<entity1 rdf:resource="http://edas#hasName"/>
		<entity2 rdf:resource="http://sigkdd#Name_of_conference"/>
		<measure rdf:datatype="xsd:float">0.8792</measure>
		<relation>=</relation>
	</Cell>
</map>
<map>
	<Cell>
		<entity1 rdf:resource="http://edas#startDate"/>
		<entity2 rdf:resource="http://sigkdd#Start_of_conference"/>
		<measure rdf:datatype="xsd:float">0.8845</measure>
		<relation>=</relation>
	</Cell>
</map>
<map>
	<Cell>
		<entity1 rdf:resource="http://edas#relatesTo"/>
		<entity2 rdf:resource="http://sigkdd#presentationed_by"/>
		<measure rdf:datatype="xsd:float">0.5159</measure>
		<relation>=</relation>
	</Cell>
</map>
<map>
	<Cell>
		<entity1 rdf:resource="http://edas#Conference"/>
		<entity2 rdf:resource="http://sigkdd#Conference"/>
		<measure rdf:datatype="xsd:float">0.5023</measure>
		<relation>=</relation>
	</Cell>
</map>
<map>
	<Cell>
		<entity1 rdf:resource="http://edas#endDate"/>
		<entity2 rdf:resource="http://sigkdd#End_of_conference"/>
		<measure rdf:datatype="xsd:float">0.8845</measure>
		<relation>=</relation>
	</Cell>
</map>
<map>
	<Cell>
		<entity1 rdf:resource="http://edas#Review"/>
		<entity2 rdf:resource="http://sigkdd#Review"/>
		<measure rdf:datatype="xsd:float">0.8005</measure>
		<relation>=</relation>
	</Cell>
</map>
<map>
	<Cell>
		<entity1 rdf:resource="http://edas#Document"/>
		<entity2 rdf:resource="http://sigkdd#Document"/>
		<measure rdf:datatype="xsd:float">0.6528</measure>
		<relation>=</relation>
	</Cell>
</map>
<map>
	<Cell>
		<entity1 rdf:resource="http://edas#Paper"/>
		<entity2 rdf:resource="http://sigkdd#Paper"/>
		<measure rdf:datatype="xsd:float">0.2833</measure>
		<relation>=</relation>
	</Cell>
</map>
<map>
	<Cell>
		<entity1 rdf:resource="http://edas#paperDueOn"/>
		<entity2 rdf:resource="http://sigkdd#City_of_conference"/>
		<measure rdf:datatype="xsd:float">0.557</measure>
		<relation>=</relation>
	</Cell>
</map>

</Alignment>
</rdf:RDF>
