<?xml version="1.0" encoding="utf-8"?>
<rdf:RDF xmlns="http://knowledgeweb.semanticweb.org/heterogeneity/alignment" 
	 xmlns:rdf="http://www.w3.org/1999/02/22-rdf-syntax-ns#" 
	 xmlns:xsd="http://www.w3.org/2001/XMLSchema#">

<Alignment>
<xml>yes</xml>
<level>0</level>
<type>??</type>

<map>
	<Cell>
		<entity1 rdf:resource="http://cmt#writtenBy"/>
		<entity2 rdf:resource="http://conference#invited_by"/>
		<measure rdf:datatype="xsd:float">0.5</measure>
		<relation>=</relation>
	</Cell>
</map>
<map>
	<Cell>
		<entity1 rdf:resource="http://cmt#Paper"/>
		<entity2 rdf:resource="http://conference#Reviewed_contribution"/>
		<measure rdf:datatype="xsd:float">0.42</measure>
		<relation>=</relation>
	</Cell>
</map>
<map>
	<Cell>
		<entity1 rdf:resource="http://cmt#hasAuthor"/>
		<entity2 rdf:resource="http://conference#has_authors"/>
		<measure rdf:datatype="xsd:float">0.2865</measure>
		<relation>=</relation>
	</Cell>
</map>
<map>
	<Cell>
		<entity1 rdf:resource="http://cmt#memberOfConference"/>
		<entity2 rdf:resource="http://conference#was_a_member_of"/>
		<measure rdf:datatype="xsd:float">0.4581</measure>
		<relation>=</relation>
	</Cell>
</map>
<map>
	<Cell>
		<entity1 rdf:resource="http://cmt#Person"/>
		<entity2 rdf:resource="http://conference#Person"/>
		<measure rdf:datatype="xsd:float">0.5327</measure>
		<relation>=</relation>
	</Cell>
</map>
<map>
	<Cell>
		<entity1 rdf:resource="http://cmt#Reviewer"/>
		<entity2 rdf:resource="http://conference#Review"/>
		<measure rdf:datatype="xsd:float">0.5409</measure>
		<relation>=</relation>
	</Cell>
</map>
<map>
	<Cell>
		<entity1 rdf:resource="http://cmt#writeReview"/>
		<entity2 rdf:resource="http://conference#invites_co-reviewers"/>
		<measure rdf:datatype="xsd:float">0.5848</measure>
		<relation>=</relation>
	</Cell>
</map>
<map>
	<Cell>
		<entity1 rdf:resource="http://cmt#Rejection"/>
		<entity2 rdf:resource="http://conference#Rejected_contribution"/>
		<measure rdf:datatype="xsd:float">0.6379</measure>
		<relation>=</relation>
	</Cell>
</map>
<map>
	<Cell>
		<entity1 rdf:resource="http://cmt#AuthorNotReviewer"/>
		<entity2 rdf:resource="http://conference#Contribution_co-author"/>
		<measure rdf:datatype="xsd:float">0.2861</measure>
		<relation>=</relation>
	</Cell>
</map>
<map>
	<Cell>
		<entity1 rdf:resource="http://cmt#name"/>
		<entity2 rdf:resource="http://conference#has_a_name"/>
		<measure rdf:datatype="xsd:float">0.6324</measure>
		<relation>=</relation>
	</Cell>
</map>
<map>
	<Cell>
		<entity1 rdf:resource="http://cmt#memberOfProgramCommittee"/>
		<entity2 rdf:resource="http://conference#has_a_program_committee"/>
		<measure rdf:datatype="xsd:float">0.5557</measure>
		<relation>=</relation>
	</Cell>
</map>
<map>
	<Cell>
		<entity1 rdf:resource="http://cmt#ProgramCommitteeChair"/>
		<entity2 rdf:resource="http://conference#Co-chair"/>
		<measure rdf:datatype="xsd:float">0.2534</measure>
		<relation>=</relation>
	</Cell>
</map>
<map>
	<Cell>
		<entity1 rdf:resource="http://cmt#submitPaper"/>
		<entity2 rdf:resource="http://conference#is_submitted_at"/>
		<measure rdf:datatype="xsd:float">0.2529</measure>
		<relation>=</relation>
	</Cell>
</map>
<map>
	<Cell>
		<entity1 rdf:resource="http://cmt#hasConflictOfInterest"/>
		<entity2 rdf:resource="http://conference#contributes"/>
		<measure rdf:datatype="xsd:float">0.2773</measure>
		<relation>=</relation>
	</Cell>
</map>
<map>
	<Cell>
		<entity1 rdf:resource="http://cmt#assignedByReviewer"/>
		<entity2 rdf:resource="http://conference#has_a_review"/>
		<measure rdf:datatype="xsd:float">0.576</measure>
		<relation>=</relation>
	</Cell>
</map>
<map>
	<Cell>
		<entity1 rdf:resource="http://cmt#ConferenceMember"/>
		<entity2 rdf:resource="http://conference#Committee_member"/>
		<measure rdf:datatype="xsd:float">0.6798</measure>
		<relation>=</relation>
	</Cell>
</map>
<map>
	<Cell>
		<entity1 rdf:resource="http://cmt#Acceptance"/>
		<entity2 rdf:resource="http://conference#Accepted_contribution"/>
		<measure rdf:datatype="xsd:float">0.6334</measure>
		<relation>=</relation>
	</Cell>
</map>
<map>
	<Cell>
		<entity1 rdf:resource="http://cmt#email"/>
		<entity2 rdf:resource="http://conference#has_an_email"/>
		<measure rdf:datatype="xsd:float">0.9857</measure>
		<relation>=</relation>
	</Cell>
</map>
<map>
	<Cell>
		<entity1 rdf:resource="http://cmt#assignExternalReviewer"/>
		<entity2 rdf:resource="http://conference#reviews"/>
		<measure rdf:datatype="xsd:float">0.3586</measure>
		<relation>=</relation>
	</Cell>
</map>
<map>
	<Cell>
		<entity1 rdf:resource="http://cmt#hasProgramCommitteeMember"/>
		<entity2 rdf:resource="http://conference#was_a_program_committee_of"/>
		<measure rdf:datatype="xsd:float">0.5642</measure>
		<relation>=</relation>
	</Cell>
</map>
<map>
	<Cell>
		<entity1 rdf:resource="http://cmt#Document"/>
		<entity2 rdf:resource="http://conference#Conference_document"/>
		<measure rdf:datatype="xsd:float">0.2511</measure>
		<relation>=</relation>
	</Cell>
</map>
<map>
	<Cell>
		<entity1 rdf:resource="http://cmt#hasConferenceMember"/>
		<entity2 rdf:resource="http://conference#has_members"/>
		<measure rdf:datatype="xsd:float">0.456</measure>
		<relation>=</relation>
	</Cell>
</map>
<map>
	<Cell>
		<entity1 rdf:resource="http://cmt#Conference"/>
		<entity2 rdf:resource="http://conference#Conference"/>
		<measure rdf:datatype="xsd:float">0.2538</measure>
		<relation>=</relation>
	</Cell>
</map>
<map>
	<Cell>
		<entity1 rdf:resource="http://cmt#Review"/>
		<entity2 rdf:resource="http://conference#Reviewer"/>
		<measure rdf:datatype="xsd:float">0.2694</measure>
		<relation>=</relation>
	</Cell>
</map>
<map>
	<Cell>
		<entity1 rdf:resource="http://cmt#ProgramCommittee"/>
		<entity2 rdf:resource="http://conference#Program_committee"/>
		<measure rdf:datatype="xsd:float">0.6321</measure>
		<relation>=</relation>
	</Cell>
</map>
<map>
	<Cell>
		<entity1 rdf:resource="http://cmt#ConferenceChair"/>
		<entity2 rdf:resource="http://conference#Chair"/>
		<measure rdf:datatype="xsd:float">0.2647</measure>
		<relation>=</relation>
	</Cell>
</map>

</Alignment>
</rdf:RDF>
