<?xml version="1.0" encoding="utf-8"?>
<rdf:RDF xmlns="http://knowledgeweb.semanticweb.org/heterogeneity/alignment" 
	 xmlns:rdf="http://www.w3.org/1999/02/22-rdf-syntax-ns#" 
	 xmlns:xsd="http://www.w3.org/2001/XMLSchema#">

<Alignment>
<xml>yes</xml>
<level>0</level>
<type>??</type>

<map>
	<Cell>
		<entity1 rdf:resource="http://conference#was_a_member_of"/>
		<entity2 rdf:resource="http://openconf#is_member_of"/>
		<measure rdf:datatype="xsd:float">0.3122</measure>
		<relation>=</relation>
	</Cell>
</map>
<map>
	<Cell>
		<entity1 rdf:resource="http://conference#contributes"/>
		<entity2 rdf:resource="http://openconf#writes_Paper"/>
		<measure rdf:datatype="xsd:float">0.3415</measure>
		<relation>=</relation>
	</Cell>
</map>
<map>
	<Cell>
		<entity1 rdf:resource="http://conference#has_a_submitted_contribution"/>
		<entity2 rdf:resource="http://openconf#has_sent"/>
		<measure rdf:datatype="xsd:float">0.3735</measure>
		<relation>=</relation>
	</Cell>
</map>
<map>
	<Cell>
		<entity1 rdf:resource="http://conference#has_a_review_expertise"/>
		<entity2 rdf:resource="http://openconf#has_been_sent_by"/>
		<measure rdf:datatype="xsd:float">0.3732</measure>
		<relation>=</relation>
	</Cell>
</map>
<map>
	<Cell>
		<entity1 rdf:resource="http://conference#reviews"/>
		<entity2 rdf:resource="http://openconf#has_made_review"/>
		<measure rdf:datatype="xsd:float">0.6151</measure>
		<relation>=</relation>
	</Cell>
</map>
<map>
	<Cell>
		<entity1 rdf:resource="http://conference#was_a_program_committee_of"/>
		<entity2 rdf:resource="http://openconf#made_program"/>
		<measure rdf:datatype="xsd:float">0.3262</measure>
		<relation>=</relation>
	</Cell>
</map>
<map>
	<Cell>
		<entity1 rdf:resource="http://conference#Review"/>
		<entity2 rdf:resource="http://openconf#Reviewer"/>
		<measure rdf:datatype="xsd:float">0.5439</measure>
		<relation>=</relation>
	</Cell>
</map>
<map>
	<Cell>
		<entity1 rdf:resource="http://conference#Committee"/>
		<entity2 rdf:resource="http://openconf#Committees"/>
		<measure rdf:datatype="xsd:float">0.2889</measure>
		<relation>=</relation>
	</Cell>
</map>
<map>
	<Cell>
		<entity1 rdf:resource="http://conference#has_authors"/>
		<entity2 rdf:resource="http://openconf#is_written_by"/>
		<measure rdf:datatype="xsd:float">0.3409</measure>
		<relation>=</relation>
	</Cell>
</map>
<map>
	<Cell>
		<entity1 rdf:resource="http://conference#Rejected_contribution"/>
		<entity2 rdf:resource="http://openconf#Reject"/>
		<measure rdf:datatype="xsd:float">0.5906</measure>
		<relation>=</relation>
	</Cell>
</map>
<map>
	<Cell>
		<entity1 rdf:resource="http://conference#has_a_review"/>
		<entity2 rdf:resource="http://openconf#has_Review"/>
		<measure rdf:datatype="xsd:float">0.6955</measure>
		<relation>=</relation>
	</Cell>
</map>
<map>
	<Cell>
		<entity1 rdf:resource="http://conference#Program_committee"/>
		<entity2 rdf:resource="http://openconf#Program_Committee"/>
		<measure rdf:datatype="xsd:float">0.2889</measure>
		<relation>=</relation>
	</Cell>
</map>
<map>
	<Cell>
		<entity1 rdf:resource="http://conference#Accepted_contribution"/>
		<entity2 rdf:resource="http://openconf#Must_Accept"/>
		<measure rdf:datatype="xsd:float">0.5528</measure>
		<relation>=</relation>
	</Cell>
</map>
<map>
	<Cell>
		<entity1 rdf:resource="http://conference#has_the_last_name"/>
		<entity2 rdf:resource="http://openconf#Name"/>
		<measure rdf:datatype="xsd:float">0.3165</measure>
		<relation>=</relation>
	</Cell>
</map>
<map>
	<Cell>
		<entity1 rdf:resource="http://conference#invites_co-reviewers"/>
		<entity2 rdf:resource="http://openconf#Review_made_by"/>
		<measure rdf:datatype="xsd:float">0.5661</measure>
		<relation>=</relation>
	</Cell>
</map>
<map>
	<Cell>
		<entity1 rdf:resource="http://conference#Reviewed_contribution"/>
		<entity2 rdf:resource="http://openconf#Reccommendation"/>
		<measure rdf:datatype="xsd:float">0.3396</measure>
		<relation>=</relation>
	</Cell>
</map>
<map>
	<Cell>
		<entity1 rdf:resource="http://conference#has_members"/>
		<entity2 rdf:resource="http://openconf#has_member"/>
		<measure rdf:datatype="xsd:float">0.6096</measure>
		<relation>=</relation>
	</Cell>
</map>
<map>
	<Cell>
		<entity1 rdf:resource="http://conference#has_a_review_reference_or_expertise"/>
		<entity2 rdf:resource="http://openconf#Other_Areas"/>
		<measure rdf:datatype="xsd:float">0.5</measure>
		<relation>=</relation>
	</Cell>
</map>
<map>
	<Cell>
		<entity1 rdf:resource="http://conference#has_a_program_committee"/>
		<entity2 rdf:resource="http://openconf#Program_made_by"/>
		<measure rdf:datatype="xsd:float">0.323</measure>
		<relation>=</relation>
	</Cell>
</map>
<map>
	<Cell>
		<entity1 rdf:resource="http://conference#has_an_abstract"/>
		<entity2 rdf:resource="http://openconf#Abstract"/>
		<measure rdf:datatype="xsd:float">0.3197</measure>
		<relation>=</relation>
	</Cell>
</map>
<map>
	<Cell>
		<entity1 rdf:resource="http://conference#Paper"/>
		<entity2 rdf:resource="http://openconf#Paper"/>
		<measure rdf:datatype="xsd:float">0.2889</measure>
		<relation>=</relation>
	</Cell>
</map>

</Alignment>
</rdf:RDF>
