<?xml version="1.0" encoding="utf-8"?>
<rdf:RDF xmlns="http://knowledgeweb.semanticweb.org/heterogeneity/alignment" 
	 xmlns:rdf="http://www.w3.org/1999/02/22-rdf-syntax-ns#" 
	 xmlns:xsd="http://www.w3.org/2001/XMLSchema#">

<Alignment>
<xml>yes</xml>
<level>0</level>
<type>??</type>

<map>
	<Cell>
		<entity1 rdf:resource="http://cocus#Paper"/>
		<entity2 rdf:resource="http://confious#paper"/>
		<measure rdf:datatype="xsd:float">0.508</measure>
		<relation>=</relation>
	</Cell>
</map>
<map>
	<Cell>
		<entity1 rdf:resource="http://cocus#Abstract"/>
		<entity2 rdf:resource="http://confious#abstract_of_paper"/>
		<measure rdf:datatype="xsd:float">0.7095</measure>
		<relation>=</relation>
	</Cell>
</map>
<map>
	<Cell>
		<entity1 rdf:resource="http://cocus#Preview"/>
		<entity2 rdf:resource="http://confious#review"/>
		<measure rdf:datatype="xsd:float">0.2842</measure>
		<relation>=</relation>
	</Cell>
</map>
<map>
	<Cell>
		<entity1 rdf:resource="http://cocus#Group_Email"/>
		<entity2 rdf:resource="http://confious#group_email"/>
		<measure rdf:datatype="xsd:float">0.5833</measure>
		<relation>=</relation>
	</Cell>
</map>
<map>
	<Cell>
		<entity1 rdf:resource="http://cocus#assigned_by"/>
		<entity2 rdf:resource="http://confious#has_author"/>
		<measure rdf:datatype="xsd:float">0.4413</measure>
		<relation>=</relation>
	</Cell>
</map>
<map>
	<Cell>
		<entity1 rdf:resource="http://cocus#URL"/>
		<entity2 rdf:resource="http://confious#URL"/>
		<measure rdf:datatype="xsd:float">0.5107</measure>
		<relation>=</relation>
	</Cell>
</map>
<map>
	<Cell>
		<entity1 rdf:resource="http://cocus#Role"/>
		<entity2 rdf:resource="http://confious#article"/>
		<measure rdf:datatype="xsd:float">0.3939</measure>
		<relation>=</relation>
	</Cell>
</map>
<map>
	<Cell>
		<entity1 rdf:resource="http://cocus#sent_by"/>
		<entity2 rdf:resource="http://confious#is_sent_to"/>
		<measure rdf:datatype="xsd:float">0.5</measure>
		<relation>=</relation>
	</Cell>
</map>
<map>
	<Cell>
		<entity1 rdf:resource="http://cocus#Rejection_Email"/>
		<entity2 rdf:resource="http://confious#rejection_notification_email"/>
		<measure rdf:datatype="xsd:float">0.6092</measure>
		<relation>=</relation>
	</Cell>
</map>
<map>
	<Cell>
		<entity1 rdf:resource="http://cocus#assign"/>
		<entity2 rdf:resource="http://confious#is_author_of"/>
		<measure rdf:datatype="xsd:float">0.4046</measure>
		<relation>=</relation>
	</Cell>
</map>
<map>
	<Cell>
		<entity1 rdf:resource="http://cocus#Full_Paper"/>
		<entity2 rdf:resource="http://confious#full_paper_submission_date"/>
		<measure rdf:datatype="xsd:float">0.2767</measure>
		<relation>=</relation>
	</Cell>
</map>
<map>
	<Cell>
		<entity1 rdf:resource="http://cocus#Person"/>
		<entity2 rdf:resource="http://confious#human"/>
		<measure rdf:datatype="xsd:float">0.3555</measure>
		<relation>=</relation>
	</Cell>
</map>
<map>
	<Cell>
		<entity1 rdf:resource="http://cocus#Notification_Email"/>
		<entity2 rdf:resource="http://confious#notification_email"/>
		<measure rdf:datatype="xsd:float">0.5906</measure>
		<relation>=</relation>
	</Cell>
</map>
<map>
	<Cell>
		<entity1 rdf:resource="http://cocus#has_result"/>
		<entity2 rdf:resource="http://confious#has_result"/>
		<measure rdf:datatype="xsd:float">0.75</measure>
		<relation>=</relation>
	</Cell>
</map>
<map>
	<Cell>
		<entity1 rdf:resource="http://cocus#Conference"/>
		<entity2 rdf:resource="http://confious#date_of_conference"/>
		<measure rdf:datatype="xsd:float">0.2779</measure>
		<relation>=</relation>
	</Cell>
</map>
<map>
	<Cell>
		<entity1 rdf:resource="http://cocus#Activity"/>
		<entity2 rdf:resource="http://confious#activity"/>
		<measure rdf:datatype="xsd:float">0.5465</measure>
		<relation>=</relation>
	</Cell>
</map>

</Alignment>
</rdf:RDF>
