<?xml version="1.0" encoding="utf-8"?>
<rdf:RDF xmlns="http://knowledgeweb.semanticweb.org/heterogeneity/alignment" 
	 xmlns:rdf="http://www.w3.org/1999/02/22-rdf-syntax-ns#" 
	 xmlns:xsd="http://www.w3.org/2001/XMLSchema#">

<Alignment>
<xml>yes</xml>
<level>0</level>
<type>??</type>

<map>
	<Cell>
		<entity1 rdf:resource="http://ekaw#Review"/>
		<entity2 rdf:resource="http://paperdyne#Reviewer"/>
		<measure rdf:datatype="xsd:float">0.5238</measure>
		<relation>=</relation>
	</Cell>
</map>
<map>
	<Cell>
		<entity1 rdf:resource="http://ekaw#Invited_Speaker"/>
		<entity2 rdf:resource="http://paperdyne#Speaker"/>
		<measure rdf:datatype="xsd:float">0.5164</measure>
		<relation>=</relation>
	</Cell>
</map>
<map>
	<Cell>
		<entity1 rdf:resource="http://ekaw#Assigned_Paper"/>
		<entity2 rdf:resource="http://paperdyne#Assignment_Phase"/>
		<measure rdf:datatype="xsd:float">0.2698</measure>
		<relation>=</relation>
	</Cell>
</map>
<map>
	<Cell>
		<entity1 rdf:resource="http://ekaw#Abstract"/>
		<entity2 rdf:resource="http://paperdyne#Abstract"/>
		<measure rdf:datatype="xsd:float">0.5988</measure>
		<relation>=</relation>
	</Cell>
</map>
<map>
	<Cell>
		<entity1 rdf:resource="http://ekaw#reviewerOfPaper"/>
		<entity2 rdf:resource="http://paperdyne#assignsToReview"/>
		<measure rdf:datatype="xsd:float">0.2551</measure>
		<relation>=</relation>
	</Cell>
</map>
<map>
	<Cell>
		<entity1 rdf:resource="http://ekaw#Location"/>
		<entity2 rdf:resource="http://paperdyne#Location"/>
		<measure rdf:datatype="xsd:float">0.5041</measure>
		<relation>=</relation>
	</Cell>
</map>
<map>
	<Cell>
		<entity1 rdf:resource="http://ekaw#Poster_Paper"/>
		<entity2 rdf:resource="http://paperdyne#Poster"/>
		<measure rdf:datatype="xsd:float">0.5465</measure>
		<relation>=</relation>
	</Cell>
</map>
<map>
	<Cell>
		<entity1 rdf:resource="http://ekaw#hasReviewer"/>
		<entity2 rdf:resource="http://paperdyne#assignedToReviewBy"/>
		<measure rdf:datatype="xsd:float">0.2682</measure>
		<relation>=</relation>
	</Cell>
</map>
<map>
	<Cell>
		<entity1 rdf:resource="http://ekaw#reviewOfPaper"/>
		<entity2 rdf:resource="http://paperdyne#reviews"/>
		<measure rdf:datatype="xsd:float">0.8463</measure>
		<relation>=</relation>
	</Cell>
</map>
<map>
	<Cell>
		<entity1 rdf:resource="http://ekaw#hasReview"/>
		<entity2 rdf:resource="http://paperdyne#reviewedBy"/>
		<measure rdf:datatype="xsd:float">0.8882</measure>
		<relation>=</relation>
	</Cell>
</map>
<map>
	<Cell>
		<entity1 rdf:resource="http://ekaw#organises"/>
		<entity2 rdf:resource="http://paperdyne#organises"/>
		<measure rdf:datatype="xsd:float">0.2521</measure>
		<relation>=</relation>
	</Cell>
</map>
<map>
	<Cell>
		<entity1 rdf:resource="http://ekaw#Paper"/>
		<entity2 rdf:resource="http://paperdyne#Paper"/>
		<measure rdf:datatype="xsd:float">0.5445</measure>
		<relation>=</relation>
	</Cell>
</map>
<map>
	<Cell>
		<entity1 rdf:resource="http://ekaw#organisedBy"/>
		<entity2 rdf:resource="http://paperdyne#organisedBy"/>
		<measure rdf:datatype="xsd:float">0.2521</measure>
		<relation>=</relation>
	</Cell>
</map>
<map>
	<Cell>
		<entity1 rdf:resource="http://ekaw#Person"/>
		<entity2 rdf:resource="http://paperdyne#Person"/>
		<measure rdf:datatype="xsd:float">0.2744</measure>
		<relation>=</relation>
	</Cell>
</map>
<map>
	<Cell>
		<entity1 rdf:resource="http://ekaw#volumeContainsPaper"/>
		<entity2 rdf:resource="http://paperdyne#contains"/>
		<measure rdf:datatype="xsd:float">0.6511</measure>
		<relation>=</relation>
	</Cell>
</map>
<map>
	<Cell>
		<entity1 rdf:resource="http://ekaw#Document"/>
		<entity2 rdf:resource="http://paperdyne#Contribution"/>
		<measure rdf:datatype="xsd:float">0.4375</measure>
		<relation>=</relation>
	</Cell>
</map>
<map>
	<Cell>
		<entity1 rdf:resource="http://ekaw#Paper_Author"/>
		<entity2 rdf:resource="http://paperdyne#Co-Author"/>
		<measure rdf:datatype="xsd:float">0.5051</measure>
		<relation>=</relation>
	</Cell>
</map>

</Alignment>
</rdf:RDF>
