<?xml version="1.0" encoding="utf-8"?>
<rdf:RDF xmlns="http://knowledgeweb.semanticweb.org/heterogeneity/alignment" 
	 xmlns:rdf="http://www.w3.org/1999/02/22-rdf-syntax-ns#" 
	 xmlns:xsd="http://www.w3.org/2001/XMLSchema#">

<Alignment>
<xml>yes</xml>
<level>0</level>
<type>??</type>

<map>
	<Cell>
		<entity1 rdf:resource="http://confious#review"/>
		<entity2 rdf:resource="http://iasted#Review"/>
		<measure rdf:datatype="xsd:float">0.2721</measure>
		<relation>=</relation>
	</Cell>
</map>
<map>
	<Cell>
		<entity1 rdf:resource="http://confious#human"/>
		<entity2 rdf:resource="http://iasted#Person"/>
		<measure rdf:datatype="xsd:float">0.4239</measure>
		<relation>=</relation>
	</Cell>
</map>
<map>
	<Cell>
		<entity1 rdf:resource="http://confious#review_form"/>
		<entity2 rdf:resource="http://iasted#Form"/>
		<measure rdf:datatype="xsd:float">0.2702</measure>
		<relation>=</relation>
	</Cell>
</map>
<map>
	<Cell>
		<entity1 rdf:resource="http://confious#has_author"/>
		<entity2 rdf:resource="http://iasted#send"/>
		<measure rdf:datatype="xsd:float">0.4678</measure>
		<relation>=</relation>
	</Cell>
</map>
<map>
	<Cell>
		<entity1 rdf:resource="http://confious#is_made_by"/>
		<entity2 rdf:resource="http://iasted#is_made_from"/>
		<measure rdf:datatype="xsd:float">0.5</measure>
		<relation>=</relation>
	</Cell>
</map>
<map>
	<Cell>
		<entity1 rdf:resource="http://confious#activity"/>
		<entity2 rdf:resource="http://iasted#Activity"/>
		<measure rdf:datatype="xsd:float">0.3302</measure>
		<relation>=</relation>
	</Cell>
</map>
<map>
	<Cell>
		<entity1 rdf:resource="http://confious#is_sent_to"/>
		<entity2 rdf:resource="http://iasted#is_sent_by"/>
		<measure rdf:datatype="xsd:float">0.5</measure>
		<relation>=</relation>
	</Cell>
</map>

</Alignment>
</rdf:RDF>
