<?xml version="1.0" encoding="utf-8"?>
<rdf:RDF xmlns="http://knowledgeweb.semanticweb.org/heterogeneity/alignment" 
	 xmlns:rdf="http://www.w3.org/1999/02/22-rdf-syntax-ns#" 
	 xmlns:xsd="http://www.w3.org/2001/XMLSchema#">

<Alignment>
<xml>yes</xml>
<level>0</level>
<type>??</type>

<map>
	<Cell>
		<entity1 rdf:resource="http://confious#review"/>
		<entity2 rdf:resource="http://openconf#Reviewer"/>
		<measure rdf:datatype="xsd:float">0.5072</measure>
		<relation>=</relation>
	</Cell>
</map>
<map>
	<Cell>
		<entity1 rdf:resource="http://confious#has_result"/>
		<entity2 rdf:resource="http://openconf#has_Result"/>
		<measure rdf:datatype="xsd:float">0.5</measure>
		<relation>=</relation>
	</Cell>
</map>
<map>
	<Cell>
		<entity1 rdf:resource="http://confious#is_author_of"/>
		<entity2 rdf:resource="http://openconf#Review_made_by"/>
		<measure rdf:datatype="xsd:float">0.3086</measure>
		<relation>=</relation>
	</Cell>
</map>
<map>
	<Cell>
		<entity1 rdf:resource="http://confious#full_paper_size"/>
		<entity2 rdf:resource="http://openconf#Abstract"/>
		<measure rdf:datatype="xsd:float">0.5</measure>
		<relation>=</relation>
	</Cell>
</map>
<map>
	<Cell>
		<entity1 rdf:resource="http://confious#is_sent_to"/>
		<entity2 rdf:resource="http://openconf#has_sent"/>
		<measure rdf:datatype="xsd:float">0.2723</measure>
		<relation>=</relation>
	</Cell>
</map>
<map>
	<Cell>
		<entity1 rdf:resource="http://confious#Program_Committee_Chair"/>
		<entity2 rdf:resource="http://openconf#Program_chair"/>
		<measure rdf:datatype="xsd:float">0.2893</measure>
		<relation>=</relation>
	</Cell>
</map>
<map>
	<Cell>
		<entity1 rdf:resource="http://confious#paper"/>
		<entity2 rdf:resource="http://openconf#Paper"/>
		<measure rdf:datatype="xsd:float">0.5506</measure>
		<relation>=</relation>
	</Cell>
</map>
<map>
	<Cell>
		<entity1 rdf:resource="http://confious#e-mail"/>
		<entity2 rdf:resource="http://openconf#E-mail"/>
		<measure rdf:datatype="xsd:float">0.5</measure>
		<relation>=</relation>
	</Cell>
</map>
<map>
	<Cell>
		<entity1 rdf:resource="http://confious#Accepted_Paper"/>
		<entity2 rdf:resource="http://openconf#Must_Accept"/>
		<measure rdf:datatype="xsd:float">0.5664</measure>
		<relation>=</relation>
	</Cell>
</map>
<map>
	<Cell>
		<entity1 rdf:resource="http://confious#has_author"/>
		<entity2 rdf:resource="http://openconf#has_made_review"/>
		<measure rdf:datatype="xsd:float">0.3434</measure>
		<relation>=</relation>
	</Cell>
</map>
<map>
	<Cell>
		<entity1 rdf:resource="http://confious#human"/>
		<entity2 rdf:resource="http://openconf#Paper_Review"/>
		<measure rdf:datatype="xsd:float">0.2545</measure>
		<relation>=</relation>
	</Cell>
</map>
<map>
	<Cell>
		<entity1 rdf:resource="http://confious#Rejected_Paper"/>
		<entity2 rdf:resource="http://openconf#Reject"/>
		<measure rdf:datatype="xsd:float">0.5664</measure>
		<relation>=</relation>
	</Cell>
</map>
<map>
	<Cell>
		<entity1 rdf:resource="http://confious#last_name"/>
		<entity2 rdf:resource="http://openconf#Name"/>
		<measure rdf:datatype="xsd:float">0.5</measure>
		<relation>=</relation>
	</Cell>
</map>
<map>
	<Cell>
		<entity1 rdf:resource="http://confious#telephone"/>
		<entity2 rdf:resource="http://openconf#Telephone"/>
		<measure rdf:datatype="xsd:float">0.5</measure>
		<relation>=</relation>
	</Cell>
</map>

</Alignment>
</rdf:RDF>
