<?xml version="1.0" encoding="utf-8"?>
<rdf:RDF xmlns="http://knowledgeweb.semanticweb.org/heterogeneity/alignment" 
	 xmlns:rdf="http://www.w3.org/1999/02/22-rdf-syntax-ns#" 
	 xmlns:xsd="http://www.w3.org/2001/XMLSchema#">

<Alignment>
<xml>yes</xml>
<level>0</level>
<type>??</type>

<map>
	<Cell>
		<entity1 rdf:resource="http://cocus#Person"/>
		<entity2 rdf:resource="http://conference#Person"/>
		<measure rdf:datatype="xsd:float">0.2941</measure>
		<relation>=</relation>
	</Cell>
</map>
<map>
	<Cell>
		<entity1 rdf:resource="http://cocus#Registration"/>
		<entity2 rdf:resource="http://conference#Registeered_applicant"/>
		<measure rdf:datatype="xsd:float">0.3102</measure>
		<relation>=</relation>
	</Cell>
</map>
<map>
	<Cell>
		<entity1 rdf:resource="http://cocus#Workshop"/>
		<entity2 rdf:resource="http://conference#Workshop"/>
		<measure rdf:datatype="xsd:float">0.2941</measure>
		<relation>=</relation>
	</Cell>
</map>
<map>
	<Cell>
		<entity1 rdf:resource="http://cocus#submit"/>
		<entity2 rdf:resource="http://conference#is_submitted_at"/>
		<measure rdf:datatype="xsd:float">0.5</measure>
		<relation>=</relation>
	</Cell>
</map>
<map>
	<Cell>
		<entity1 rdf:resource="http://cocus#User"/>
		<entity2 rdf:resource="http://conference#Conference_contribution"/>
		<measure rdf:datatype="xsd:float">0.3677</measure>
		<relation>=</relation>
	</Cell>
</map>
<map>
	<Cell>
		<entity1 rdf:resource="http://cocus#sent_by"/>
		<entity2 rdf:resource="http://conference#gives_presentations"/>
		<measure rdf:datatype="xsd:float">0.4469</measure>
		<relation>=</relation>
	</Cell>
</map>
<map>
	<Cell>
		<entity1 rdf:resource="http://cocus#Rejection_Email"/>
		<entity2 rdf:resource="http://conference#Rejected_contribution"/>
		<measure rdf:datatype="xsd:float">0.2966</measure>
		<relation>=</relation>
	</Cell>
</map>
<map>
	<Cell>
		<entity1 rdf:resource="http://cocus#modify"/>
		<entity2 rdf:resource="http://conference#has_the_first_name"/>
		<measure rdf:datatype="xsd:float">0.5</measure>
		<relation>=</relation>
	</Cell>
</map>
<map>
	<Cell>
		<entity1 rdf:resource="http://cocus#Conference"/>
		<entity2 rdf:resource="http://conference#Conference"/>
		<measure rdf:datatype="xsd:float">0.5833</measure>
		<relation>=</relation>
	</Cell>
</map>
<map>
	<Cell>
		<entity1 rdf:resource="http://cocus#Activity"/>
		<entity2 rdf:resource="http://conference#Active_conference_participant"/>
		<measure rdf:datatype="xsd:float">0.3029</measure>
		<relation>=</relation>
	</Cell>
</map>
<map>
	<Cell>
		<entity1 rdf:resource="http://cocus#execute"/>
		<entity2 rdf:resource="http://conference#has_an_email"/>
		<measure rdf:datatype="xsd:float">0.5</measure>
		<relation>=</relation>
	</Cell>
</map>
<map>
	<Cell>
		<entity1 rdf:resource="http://cocus#Paper"/>
		<entity2 rdf:resource="http://conference#Paper"/>
		<measure rdf:datatype="xsd:float">0.5833</measure>
		<relation>=</relation>
	</Cell>
</map>
<map>
	<Cell>
		<entity1 rdf:resource="http://cocus#Preview"/>
		<entity2 rdf:resource="http://conference#Review"/>
		<measure rdf:datatype="xsd:float">0.3184</measure>
		<relation>=</relation>
	</Cell>
</map>
<map>
	<Cell>
		<entity1 rdf:resource="http://cocus#inverse_of_add"/>
		<entity2 rdf:resource="http://conference#has_the_last_name"/>
		<measure rdf:datatype="xsd:float">0.5</measure>
		<relation>=</relation>
	</Cell>
</map>
<map>
	<Cell>
		<entity1 rdf:resource="http://cocus#Author"/>
		<entity2 rdf:resource="http://conference#Contribution_co-author"/>
		<measure rdf:datatype="xsd:float">0.3085</measure>
		<relation>=</relation>
	</Cell>
</map>
<map>
	<Cell>
		<entity1 rdf:resource="http://cocus#Abstract"/>
		<entity2 rdf:resource="http://conference#Abstract"/>
		<measure rdf:datatype="xsd:float">0.2941</measure>
		<relation>=</relation>
	</Cell>
</map>
<map>
	<Cell>
		<entity1 rdf:resource="http://cocus#send"/>
		<entity2 rdf:resource="http://conference#is_given_by"/>
		<measure rdf:datatype="xsd:float">0.4806</measure>
		<relation>=</relation>
	</Cell>
</map>

</Alignment>
</rdf:RDF>
